Vector Size;Error DOT fp64;Error DOT fp32;Error DOT Acc<fp64, fp64>;Error DOT Acc<fp64, fp32>;Error DOT Acc<fp32, fp32>;Error CUBLAS DOT fp64;Error CUBLAS DOT fp32
1000000;0.0000000000000000e+00;4.3542736157352975e-07;1.2012134032337462e-15;6.8728422548207030e-08;9.3626230409174742e-07;1.1417968985355773e-15;4.4491593001852424e-07
3000000;0.0000000000000000e+00;9.0108356819298295e-07;1.3535710464319346e-15;4.2805648903712117e-08;6.3169479172782987e-07;1.5021111666913573e-15;2.5646617107560150e-07
5000000;0.0000000000000000e+00;1.0604284170808829e-06;2.2204496714622824e-15;6.6803152228583939e-08;1.0255730491256255e-06;2.3051539806449010e-15;1.8336374242946931e-07
7000000;0.0000000000000000e+00;5.9659770336397531e-07;1.4619368574409913e-15;2.6975982582680268e-08;5.7514752453877852e-07;2.2742431016248222e-15;1.4280953890009714e-07
9000000;0.0000000000000000e+00;8.6735070747962284e-07;1.7777051760020256e-15;3.8873841291648121e-08;7.2780776444947744e-07;2.2235429521375871e-15;1.7580608920591894e-07
11000000;0.0000000000000000e+00;3.6967770436009779e-07;6.4711843283288534e-16;3.2939709164196581e-08;3.8042598204043201e-07;9.1059715126495263e-16;1.0386570246571207e-07
13000000;0.0000000000000000e+00;3.4512412841801113e-07;7.6406355986876597e-16;6.6457922658033037e-08;9.1872255618871933e-07;1.9535399673986410e-15;1.5805490399912935e-07
15000000;0.0000000000000000e+00;4.9713926522130525e-07;1.1299419179973539e-15;6.6897309707438267e-08;7.5106546600139028e-07;1.2529425702480815e-15;1.1156675965634620e-07
17000000;0.0000000000000000e+00;9.2207141911212663e-07;1.1067547927185634e-15;4.7849383769789478e-08;5.9351747971609711e-07;1.3157836063521368e-15;1.0722108382728664e-07
19000000;0.0000000000000000e+00;4.0399927179769399e-07;8.2982546244980926e-16;6.4303975850664277e-08;2.6963328703064208e-07;8.8213572774165872e-16;2.1888541237588633e-07
21000000;0.0000000000000000e+00;3.3534280537343273e-07;1.5811407875112953e-15;5.6621637522522829e-08;6.5334921536450260e-07;1.3184518983534363e-15;1.3895808849305303e-07
23000000;0.0000000000000000e+00;9.9166142534124767e-07;9.1893001616993508e-16;6.7676121424394971e-08;8.0450580996615361e-07;1.0749681911645870e-15;2.7937819655854096e-07
25000000;0.0000000000000000e+00;3.2802268754919668e-07;1.4180005356494440e-15;5.2902839905451809e-08;7.3867194068155943e-07;1.9651513923625104e-15;1.1577012144307466e-07
27000000;0.0000000000000000e+00;8.7128450237876786e-07;1.0437349442210212e-15;5.5978231996288998e-08;7.8017096117460300e-07;1.1687565326779381e-15;1.0129599020880971e-07
29000000;0.0000000000000000e+00;5.5646155148888037e-07;1.1771838550594348e-15;4.7562343732590299e-08;3.9635100705235201e-07;1.9583601673449810e-15;1.3949124352923653e-07
31000000;0.0000000000000000e+00;4.8843252471657419e-07;1.0959300696497825e-15;5.2097193569544224e-08;5.4407105566159662e-07;5.2838092379115798e-16;1.6006438976585946e-07
33000000;0.0000000000000000e+00;8.5248483777519994e-07;1.3208173149330239e-15;4.8492933865311552e-08;4.2586920938209204e-07;6.6920888609764304e-16;6.0462758273660913e-08
35000000;0.0000000000000000e+00;2.5255524284621109e-07;8.0040367809672109e-16;3.6409724978852342e-08;7.3215592667057285e-07;7.1111408613587499e-16;1.1597427624246559e-07
37000000;0.0000000000000000e+00;6.2489829800641152e-07;1.2108023394868056e-15;4.8837105421288452e-08;4.9504826407313651e-07;8.9737759204348505e-16;1.1932816309037196e-07
39000000;0.0000000000000000e+00;4.1196744942684130e-07;1.3552373931024495e-15;5.5183846411106975e-08;7.6882395867397780e-07;1.0262277249975393e-15;1.5866570935411706e-07
41000000;0.0000000000000000e+00;7.2062455678331602e-07;1.0936229061029219e-15;4.9498734697838443e-08;8.4693637254335671e-07;1.2589675841963737e-15;2.2413839440685564e-07
43000000;0.0000000000000000e+00;6.4345941177822994e-07;5.1342370120312874e-16;2.6533184837735182e-08;5.6642440042285630e-07;4.9656053685608531e-16;9.1653438754372818e-08
45000000;0.0000000000000000e+00;4.3566801900779138e-07;6.8776655129083111e-16;4.0068144196106886e-08;5.1055776889173028e-07;8.3776468030106125e-16;1.4288967667587466e-07
47000000;0.0000000000000000e+00;1.0375690835176151e-06;1.0901234184161939e-15;2.4849414238161355e-08;8.6767648949994248e-07;9.2449874885694663e-16;3.2232669432673526e-07
49000000;0.0000000000000000e+00;8.4970265892578372e-07;1.4775717302531263e-15;4.1606252725981215e-08;1.0982778742265747e-06;1.4497674074569664e-15;2.0109755291697440e-07
51000000;0.0000000000000000e+00;3.3208455977564169e-07;1.0787423289682751e-15;2.4053440354805057e-08;7.6891051258913045e-07;2.2785843946029991e-15;2.2872958725478158e-07
53000000;0.0000000000000000e+00;9.1477115233437883e-07;6.7105440274540588e-16;3.9367996456983497e-08;5.5879955125553217e-07;1.5892281473028245e-15;1.4272293018755820e-07
55000000;0.0000000000000000e+00;7.2449789414222170e-07;1.5070463099965872e-15;3.4268045386329587e-08;1.5283921829549541e-06;2.0636063245407176e-15;2.8421606534993287e-07
57000000;0.0000000000000000e+00;5.5835540612268048e-07;1.1256620188612527e-15;1.7505934959819246e-08;7.1015289338097192e-07;1.8272243257417195e-15;3.3470364119779408e-07
59000000;0.0000000000000000e+00;4.5092616155189895e-07;3.9293810090914545e-15;3.8689853382541434e-08;1.0297984201241359e-06;1.6360018044128806e-15;4.0404271022764910e-07
61000000;0.0000000000000000e+00;1.2380518104773860e-06;2.5447356715286641e-15;2.0269982831155361e-08;9.7256370395005625e-07;1.8682805089579147e-15;4.9880776752206294e-07
63000000;0.0000000000000000e+00;1.0022935918066907e-06;1.6427518207615180e-15;4.5215510436241485e-08;2.1514916535658898e-06;1.5372133378710740e-15;8.6752362548558853e-07
65000000;0.0000000000000000e+00;1.0848906172500959e-06;2.6922311091822768e-15;2.3099804063878029e-08;1.0286916672484351e-06;1.7553424785120646e-15;4.6127768265604160e-07
67000000;0.0000000000000000e+00;9.9020275947495362e-07;1.8772383519089164e-15;1.4442083892416825e-08;1.4496939503399998e-06;1.2120597009972273e-15;2.9506658395426494e-07
69000000;0.0000000000000000e+00;1.2033832854783509e-06;2.8299401913753391e-15;2.8990244133723270e-08;8.8063978589760557e-07;1.3838701184234517e-15;5.7835772945443849e-07
71000000;0.0000000000000000e+00;8.0206010357081426e-07;1.7201748330785709e-15;3.3135616499853786e-08;8.9664480624943578e-07;1.5081194838334211e-15;2.1409096885872078e-07
73000000;0.0000000000000000e+00;7.6612416698932745e-07;1.5331974103210879e-15;2.5173340192065911e-08;1.1361638596573722e-06;2.0065742546742847e-15;3.6932532399300421e-07
75000000;0.0000000000000000e+00;8.1171130733075476e-07;1.3681546165116369e-15;6.9068279055912545e-09;9.8820672584628063e-07;2.5720683292311804e-15;5.0469410795406596e-07
77000000;0.0000000000000000e+00;9.6917002817837994e-07;1.8983268728300203e-15;3.8260750320613909e-08;1.1188283837651917e-06;1.1459563597921936e-15;3.1048400904025052e-07
79000000;0.0000000000000000e+00;7.2491269774898511e-07;1.2017568544067918e-15;1.6353491469236263e-08;5.0373423815071569e-07;1.6889776729596899e-15;3.1667650339420391e-07
81000000;0.0000000000000000e+00;6.1147611161304861e-07;1.5656811037871291e-15;2.9620919298423414e-08;4.3581807792049512e-07;1.8792351099667533e-15;1.4027565056543089e-07
83000000;0.0000000000000000e+00;3.7763186014944578e-07;1.6448087307717641e-15;3.3791490735977258e-08;5.3484838525523487e-07;1.6376113578260867e-15;3.3151791369809564e-07
85000000;0.0000000000000000e+00;5.8168453555048840e-07;1.3734308358377468e-15;2.4868749663439402e-08;1.3026354552605857e-06;1.2454613249916031e-15;1.9906543827832395e-07
87000000;0.0000000000000000e+00;7.8680897620455145e-07;1.3043155238233701e-15;1.6005399441893881e-08;1.1479893183816369e-06;1.9239670329969214e-15;2.0470583778610801e-07
89000000;0.0000000000000000e+00;8.7949349557763435e-07;6.1660100799812466e-16;1.2658412818989912e-08;5.2972919776299861e-07;1.4575310316186440e-15;1.6482211680999766e-07
91000000;0.0000000000000000e+00;5.4987089895321352e-07;5.8964149171490993e-16;3.1891275797480437e-08;7.0252124350087740e-07;1.0257126849596539e-15;1.6747091624392314e-07
93000000;0.0000000000000000e+00;6.4799182425447895e-07;5.3452216799784663e-16;7.3516484498921653e-09;8.5848310087175680e-07;7.7983171954664014e-16;2.6139429911189662e-07
95000000;0.0000000000000000e+00;6.4401969369320156e-07;1.5322452061285685e-15;2.5046289405651842e-08;6.8939400776899102e-07;1.7304515846925656e-15;2.1047902799447214e-07
97000000;0.0000000000000000e+00;2.3738114714478673e-07;1.1852189722218791e-15;3.7427866588667099e-08;5.0544951362290316e-07;2.0537838287884549e-15;2.7382656945555825e-07
99000000;0.0000000000000000e+00;1.0399657891446416e-06;6.1164184213744690e-16;2.4482475848468228e-08;5.4290118952003471e-07;1.9503893358914624e-15;2.0365536109637664e-07
101000000;0.0000000000000000e+00;5.8442919012890886e-07;1.1514620309376194e-15;2.1746625976283815e-08;1.2869391738300000e-06;1.3566343481813351e-15;2.0147939512983666e-07
103000000;0.0000000000000000e+00;7.7464110396504431e-07;1.2744484189610808e-15;1.9928362557111666e-08;7.7074472123077540e-07;1.6195694304555416e-15;1.1894184488279589e-07
105000000;0.0000000000000000e+00;5.7783565406865451e-07;8.7483902151766732e-16;2.0629196842116684e-08;9.5141473861949925e-07;1.5759294913828549e-15;2.2039117787756966e-07
107000000;0.0000000000000000e+00;1.0751383642300570e-06;1.6087307470937483e-15;2.6444357530595639e-08;8.6182562886451227e-07;1.4596973333352563e-15;2.8511943406606287e-07
109000000;0.0000000000000000e+00;1.1423551486226732e-06;1.2064625035263264e-15;2.8404563323140209e-08;1.4713785400054550e-06;2.2621881005637055e-15;2.0172945109097535e-07
111000000;0.0000000000000000e+00;1.1840378555583893e-06;1.4657189293702043e-15;2.8062896214152813e-08;7.9915388285345336e-07;1.4882337639417335e-15;2.5517892618299713e-07
113000000;0.0000000000000000e+00;6.0895597888110357e-07;2.1534688123420011e-15;2.1597780511745221e-08;4.5332776388085114e-07;1.9803187275230166e-15;3.1185679663974653e-07
115000000;0.0000000000000000e+00;1.3190750546518310e-06;2.3554439242802046e-15;2.6975458511569177e-08;1.3081579501572472e-06;1.3271467754404353e-15;1.6592098121854523e-07
117000000;0.0000000000000000e+00;9.1752922664337725e-07;1.1028469615056831e-15;1.6130505585340803e-08;5.1039990040848161e-07;1.0129135279351170e-15;2.6554937217400396e-07
119000000;0.0000000000000000e+00;7.6220834725141101e-07;2.1798598874453725e-15;1.9325123860093192e-08;8.7350952205166796e-07;1.8849786681015971e-15;2.7635400784958314e-07
121000000;0.0000000000000000e+00;5.8722649034372917e-07;2.1947808598585241e-15;4.6079468195472667e-08;1.0817800032278662e-06;1.5340036809048071e-15;4.2859597201368637e-07
123000000;0.0000000000000000e+00;1.5001714816055818e-06;1.6550644956100765e-15;4.3286211080405482e-08;1.3502570501873036e-06;2.5583970258818850e-15;3.6945960608887019e-07
125000000;0.0000000000000000e+00;1.4468672649647056e-06;1.9302174337262749e-15;5.0080066288771144e-08;1.2948256601195246e-06;2.4627125112229522e-15;3.2498738088858936e-07
127000000;0.0000000000000000e+00;1.3446772340537169e-06;2.3513480493857710e-15;2.2281131623087202e-08;1.5223748797528383e-06;1.8185613906532879e-15;3.6281588350619235e-07
129000000;0.0000000000000000e+00;1.5286643435668599e-06;1.3669060255907194e-15;2.4507407969723231e-08;1.4852806563500310e-06;2.0632570127435983e-15;5.0960705950724128e-07
131000000;0.0000000000000000e+00;1.2299986895558352e-06;1.7175966946250402e-15;2.1156442183933750e-08;9.9965675787694156e-07;2.5110315958177752e-15;3.1904721113814116e-07
133000000;0.0000000000000000e+00;9.9562785399499094e-07;1.0537940391991285e-15;3.4930087123139023e-08;1.2165068505202838e-06;1.5890111879489825e-15;5.8397732689186572e-07
135000000;0.0000000000000000e+00;1.0667534226692190e-06;1.6971619704091299e-15;5.3058794418328840e-08;1.1476510483006998e-06;2.2849685886090868e-15;6.6343014994519545e-07
137000000;0.0000000000000000e+00;1.5720890460188372e-06;2.4787145731870193e-15;6.9359583849378067e-08;2.7493184368293940e-06;3.1374224072444662e-15;6.9975988121162176e-07
139000000;0.0000000000000000e+00;1.6613767969639320e-06;2.6355128654993730e-15;4.5804928645837584e-08;2.1705208706452747e-06;2.6601125233765654e-15;1.3817719436060174e-06
141000000;0.0000000000000000e+00;2.2400322220744152e-06;1.5988383448824880e-15;4.1374795122229755e-08;1.7726088340471410e-06;3.0372420623690965e-15;1.0007924036777880e-06
143000000;0.0000000000000000e+00;1.8593322257226223e-06;4.3247628933419776e-15;5.6105037780379667e-08;2.0148731528589901e-06;3.2312052384255685e-15;1.0545336905659335e-06
145000000;0.0000000000000000e+00;2.6568785754445333e-06;6.5120741995966792e-15;5.9690680320238122e-08;1.1755023992657057e-06;5.7379133171162539e-15;1.9620325934049885e-06
147000000;0.0000000000000000e+00;2.0004051044973365e-06;2.2982037801094074e-15;2.0218555395053170e-08;1.8884966160428207e-06;4.7168455399339906e-15;1.4906373014390096e-06
149000000;0.0000000000000000e+00;5.3019208861025644e-06;2.2121261531444341e-15;7.4044773651370834e-08;1.5084091198099585e-06;5.3541267721815892e-15;2.1925662391552891e-06
151000000;0.0000000000000000e+00;2.4313666664698637e-06;2.3958853215620365e-15;7.0308196722576986e-08;2.8215097470502827e-06;5.0727419047269367e-15;1.8247613747104973e-06
153000000;0.0000000000000000e+00;1.2779836987990496e-06;4.1197056435539068e-15;2.1264130469043932e-08;1.7749722972667507e-06;5.9285726587542367e-15;1.6637925146812654e-06
155000000;0.0000000000000000e+00;1.3620855886036887e-06;4.7543333780940855e-15;3.3882217126300929e-08;1.9820612610717522e-06;2.0096562887779620e-15;2.1285108284407027e-06
157000000;0.0000000000000000e+00;2.2677207452644332e-06;2.0933738004893403e-15;2.6464135287685031e-08;1.3822301560741867e-06;2.9709419461629160e-15;1.1954450187475261e-06
159000000;0.0000000000000000e+00;1.5450407000623241e-06;2.3100487363836636e-15;3.0985649244933176e-08;2.3809309148580533e-06;2.3181546484601782e-15;1.3119812701904976e-06
161000000;0.0000000000000000e+00;1.6302896574803532e-06;2.5314077339042748e-15;2.2502306166725462e-08;1.3818458366835464e-06;2.4225405221480336e-15;1.2003677142134703e-06
163000000;0.0000000000000000e+00;1.3513966822564205e-06;1.6093656047202571e-15;1.9634583575689641e-08;1.2427026624410739e-06;3.9601758741650203e-15;1.2395376512323420e-06
165000000;0.0000000000000000e+00;1.2816797218779090e-06;2.3183868679465130e-15;2.2131452348570846e-08;1.4045395590935360e-06;2.9483699608135276e-15;9.7037070277881363e-07
167000000;0.0000000000000000e+00;5.0296044115786413e-07;2.0757703242668245e-15;3.6017863062261585e-08;1.2360985199287508e-06;2.7351674378117562e-15;9.6494177935727840e-07
169000000;0.0000000000000000e+00;9.2048208890345418e-07;2.7294833160389220e-15;3.3427269506022421e-08;2.2582208380587873e-06;2.4460100387544987e-15;9.1327126521598393e-07
171000000;0.0000000000000000e+00;1.5322549841418508e-06;2.9430181610142461e-15;5.6530793637919017e-08;6.0904181681843550e-07;4.8466476302927814e-15;8.4441589080482398e-07
173000000;0.0000000000000000e+00;1.1512326389493599e-06;1.6063322732818197e-15;3.5674147178610605e-08;1.7975520541365721e-06;2.4900628700913307e-15;8.8806039445672686e-07
175000000;0.0000000000000000e+00;9.5609086147597580e-07;1.6015182691260616e-15;3.5414747555568412e-08;5.7364303670761084e-07;2.3075517290450853e-15;6.5977275692877605e-07
177000000;0.0000000000000000e+00;1.0366751388844307e-06;1.3745931903389605e-15;3.4924045380647071e-08;7.7548897819056597e-07;2.4462146244479645e-15;6.1458794454206605e-07
179000000;0.0000000000000000e+00;1.2628197406501686e-06;1.0651364154916239e-15;4.7239308027564672e-08;1.4641583630734856e-06;2.2542351126457726e-15;7.7092707541235296e-07
181000000;0.0000000000000000e+00;1.1818465494636877e-06;2.2284302239639473e-15;1.2229470581816907e-08;7.9065383858497784e-07;3.0917024775105724e-15;9.0281530473050884e-07
183000000;0.0000000000000000e+00;1.7402093054841906e-06;1.6465710940594404e-15;1.4643091691202569e-08;1.1809433809499079e-06;1.7085461871806784e-15;8.5204355433357415e-07
185000000;0.0000000000000000e+00;2.0015014643005447e-06;3.1084614686131847e-15;3.3853411690451278e-08;1.8782371405699002e-06;2.1716368919941146e-15;9.5578252503617344e-07
187000000;0.0000000000000000e+00;1.6899425509315297e-06;1.7854925666438553e-15;3.2954745090916885e-08;1.8420329113478531e-06;4.0878962761775176e-15;1.0329995838963438e-06
189000000;0.0000000000000000e+00;1.8124723818113406e-06;4.1542625770061807e-15;4.8950142871771203e-08;1.4969087368490925e-06;2.9885692395340799e-15;1.6634602402160258e-06
191000000;0.0000000000000000e+00;1.8811167480627466e-06;2.5539356447014022e-15;6.9100067414584586e-08;4.3252336134873069e-06;2.7351383689378335e-15;2.2085002665566286e-06
193000000;0.0000000000000000e+00;7.0087346502059760e-06;1.4960034417675009e-14;8.5593536747432411e-08;5.9059718098171873e-06;5.6941900350471498e-15;7.4121539822889798e-06
195000000;0.0000000000000000e+00;2.6401422475113309e-06;1.0690516236909547e-14;7.8067947525192801e-08;2.5460858408973572e-06;5.2045305026470473e-15;2.9172318474327184e-06
197000000;0.0000000000000000e+00;8.0979528614019834e-06;7.6624429671995132e-15;9.8734547842685063e-08;4.3122122818663004e-06;8.3814922883478011e-15;5.4134257673715380e-06
199000000;0.0000000000000000e+00;2.9031289181833313e-06;6.7664982586648885e-15;1.2291898140024636e-07;4.9814293226294460e-06;1.2306395266684194e-14;3.8379474557514097e-06
201000000;0.0000000000000000e+00;3.5053434713591377e-06;7.7894422321286467e-15;5.4125300616680464e-08;4.0327656050774140e-06;7.2004384948462614e-15;3.1891582824853164e-06
203000000;0.0000000000000000e+00;2.0186251151187618e-06;4.1431369609235292e-15;5.0779839444896677e-08;1.1148397368689500e-06;5.3221339096085188e-15;1.5825417126524549e-06
205000000;0.0000000000000000e+00;2.1578216743195944e-06;4.1459427641852558e-15;4.7125581096538949e-08;1.6942750636172230e-06;4.1146601225510252e-15;3.2301550235328134e-06
207000000;0.0000000000000000e+00;1.4592050477810683e-06;2.9260992157534841e-15;3.5192821803367369e-08;2.1808523976002979e-06;3.0547047664591229e-15;1.5707262494088044e-06
209000000;0.0000000000000000e+00;2.2355556514346994e-06;2.3350572942177744e-15;2.5607273739350843e-08;8.9438030634752342e-07;1.4289946033355494e-15;1.7865695438506914e-06
211000000;0.0000000000000000e+00;1.1401297374423679e-06;3.4516883853513718e-15;3.0687894007270748e-08;1.8608513175509555e-06;3.3890097825820611e-15;9.6272047955391653e-07
213000000;0.0000000000000000e+00;1.1938871753540649e-06;1.6160170528217029e-15;2.0583155499970392e-08;8.4219296663577632e-07;1.6491323995001744e-15;1.1573702355227494e-06
215000000;0.0000000000000000e+00;1.4890382910577009e-06;5.3178125499378408e-16;2.4043853793383273e-08;6.8583753999768599e-07;2.8637234900776670e-15;7.1034308102146858e-07
217000000;0.0000000000000000e+00;1.3817549974446611e-06;1.3570522153899649e-15;2.8857727358997585e-08;1.1184435769636205e-06;3.0626463992301538e-15;6.5648510599247534e-07
219000000;0.0000000000000000e+00;4.0676500732609353e-07;2.0491184714460167e-15;2.1309489390271684e-08;8.3650628131093497e-07;1.8520063074718662e-15;4.7093782619901643e-07
221000000;0.0000000000000000e+00;1.2773412592687241e-06;1.0415610092380051e-15;3.5181000379059204e-08;1.3712990553095291e-06;1.7553108838017628e-15;5.8367148564780055e-07
223000000;0.0000000000000000e+00;8.0295984865515861e-07;1.4362802424154543e-15;2.4277550353914138e-08;1.0726160020113982e-06;2.5060380924669167e-15;5.4164189545814971e-07
225000000;0.0000000000000000e+00;7.5670000298118656e-07;9.5112819745984961e-16;4.5387951307887222e-09;7.6860303293952823e-07;1.3470854601586462e-15;7.0435833532446120e-07
227000000;0.0000000000000000e+00;1.1999786063784688e-06;2.0399775495983441e-15;2.8875580668643019e-08;8.1623613923936011e-07;1.0300926690938146e-15;6.7603134477231019e-07
229000000;0.0000000000000000e+00;5.9716416141766749e-07;1.0694353682534639e-15;2.5055126856556756e-08;5.0193306602307011e-07;2.1336827527463600e-15;5.3827081751200856e-07
231000000;0.0000000000000000e+00;6.4157421882722846e-07;1.4549186790383587e-15;3.5947690663361402e-08;9.7459505003703948e-07;1.3648004633434112e-15;4.6237410701824297e-07
233000000;0.0000000000000000e+00;6.9501919471839350e-07;1.2834931166883139e-15;2.6137687608941017e-08;1.0671517101352437e-06;1.3380121721153986e-15;5.7127005316794359e-07
235000000;0.0000000000000000e+00;6.5182928398452214e-07;1.3765041236932170e-15;3.2383165458107442e-08;4.9047759859653879e-07;2.5399007755961662e-15;6.3520188855873146e-07
237000000;0.0000000000000000e+00;7.0730911629264609e-07;1.1911978591038387e-15;2.1949249812052588e-08;6.1727116700519074e-07;1.1505578698674728e-15;7.0564324762453829e-07
239000000;0.0000000000000000e+00;6.1204423688953958e-07;1.1817113428986737e-15;1.7434255197477990e-08;7.3511641727462916e-07;1.3849441615246895e-15;8.6357568930917029e-07
241000000;0.0000000000000000e+00;9.8409368310867018e-07;1.7614369078286145e-15;2.0109389600131803e-08;6.3786169261550900e-07;1.5817463867557665e-15;8.1264917412893994e-07
243000000;0.0000000000000000e+00;6.6872810972018273e-07;1.1928837689293007e-15;3.2723446335720170e-08;2.8958370943648109e-07;2.2810268667458806e-15;8.6102330114836801e-07
245000000;0.0000000000000000e+00;4.7762221823664863e-07;1.5238157410480701e-15;3.4843095830597382e-08;6.6648630877711216e-07;2.0673993847320162e-15;7.1043342889408217e-07
247000000;0.0000000000000000e+00;5.0217820136613259e-07;1.4959019714044877e-15;2.6489234612358567e-08;7.3044020415139927e-07;1.6530658747486557e-15;6.3632796310646299e-07
249000000;0.0000000000000000e+00;4.6533318106332434e-07;9.8927116512323919e-16;2.1506533764680502e-08;5.2180629432752137e-07;1.1798907437187556e-15;8.3931207639585495e-07
251000000;0.0000000000000000e+00;5.8932053522001699e-07;9.8493407404560597e-16;2.5855577733560907e-08;5.4157252818818977e-07;1.5028174425906927e-15;8.2585225058983373e-07
253000000;0.0000000000000000e+00;3.3411775195358707e-07;2.3052003587306932e-15;3.1284353725779116e-08;4.6173052039104359e-07;6.8204302562772402e-16;5.7478813656655550e-07
255000000;0.0000000000000000e+00;7.0671743571878451e-07;7.6399602498896523e-16;3.2576591559641378e-08;6.1367890395472542e-07;1.2462923894666874e-15;7.4053946838447436e-07
257000000;0.0000000000000000e+00;7.9423815775731128e-07;8.0991767277182192e-16;1.9767962834497015e-08;6.5399095550497957e-07;1.5614517143214446e-15;7.1560496266694800e-07
259000000;0.0000000000000000e+00;5.3615903439552214e-07;9.5135975909662783e-16;2.2464702350870283e-08;5.5064901319789050e-07;8.5740875014160575e-16;6.4485979491970087e-07
261000000;0.0000000000000000e+00;7.6280560201299594e-07;1.6402048158673297e-15;2.2421448038211681e-08;2.7494536546185957e-07;1.3305129297108468e-15;6.7077089866818744e-07
263000000;0.0000000000000000e+00;5.1465886847241082e-07;6.9559552962678992e-16;1.4821573943565183e-08;6.7093666856870304e-07;1.0280943859771830e-15;7.5302311108734923e-07
265000000;0.0000000000000000e+00;6.4268734259905393e-07;5.9806973036950425e-16;2.2290911217324586e-08;2.9347782049707312e-07;4.6573610213285641e-16;7.6588180454753121e-07
267000000;0.0000000000000000e+00;5.3564428052868780e-07;1.4291295686813619e-15;2.0029097900407115e-08;3.8668552984860690e-07;1.4081951326410582e-15;6.9502417635213187e-07
269000000;0.0000000000000000e+00;5.8308288786936491e-07;6.9965003364640258e-16;1.0462765567544772e-08;4.4792643488872803e-07;7.4136651022395011e-16;6.3419056116850171e-07
271000000;0.0000000000000000e+00;8.1982738762126892e-07;1.0897462466228268e-15;2.8121616120501394e-08;5.1557977842928191e-07;9.4288975480268170e-16;7.2739650229093309e-07
273000000;0.0000000000000000e+00;5.5576422463480298e-07;4.5280192303718019e-16;1.6137667808755282e-08;5.1874986011113541e-07;7.5616184833839477e-16;7.5621488087457405e-07
275000000;0.0000000000000000e+00;4.8425493781152276e-07;1.0847066534723117e-15;1.8475335342732929e-08;3.2507381386293176e-07;8.4112070793586243e-16;5.7506573098343066e-07
277000000;0.0000000000000000e+00;4.9132012726786000e-07;9.4742781711001310e-16;2.0235013959411253e-08;5.9035852092486297e-07;7.3400067375767579e-16;7.9144580301043034e-07
279000000;0.0000000000000000e+00;5.9953369991617381e-07;8.1775245611686234e-16;1.9937141608000452e-08;4.5978433738456642e-07;1.4667328472565105e-15;5.6446581532453097e-07
281000000;0.0000000000000000e+00;5.0327366538079911e-07;5.2125896958148641e-16;2.0204227047182048e-08;5.6060946728314703e-07;1.4244398086558007e-15;6.6343280454675719e-07
283000000;0.0000000000000000e+00;5.4244095577338026e-07;5.6854186418511637e-16;2.4751128375286830e-08;7.2565238286050538e-07;1.9106760281397244e-15;6.3112210952167322e-07
285000000;0.0000000000000000e+00;4.4543828987445996e-07;9.9376163949073142e-16;2.0105869629056797e-08;6.4322019514873319e-07;8.1865578664706145e-16;6.7887072757462967e-07
287000000;0.0000000000000000e+00;3.4178036124803673e-07;5.4044303262297031e-16;2.8219967388394428e-08;3.6252082093823537e-07;1.2366359648770440e-15;6.6225120454565737e-07
289000000;0.0000000000000000e+00;4.6917151866242361e-07;8.1084956412157048e-16;1.4731428307609357e-08;6.0812949724321948e-07;7.7387806102469986e-16;7.5266492282021719e-07
291000000;0.0000000000000000e+00;5.4919932372360219e-07;7.1781920585478201e-16;2.6471637619618941e-08;7.3113566967819194e-07;1.1047548509417622e-15;6.3396567482899176e-07
293000000;0.0000000000000000e+00;3.1927952320479605e-07;1.0451519825033476e-15;2.5182240586574926e-08;6.1566040311899767e-07;9.9555112564343121e-16;6.2447876622578199e-07
295000000;0.0000000000000000e+00;7.2674669114588981e-07;1.0097899061824175e-15;2.5776813349612164e-08;6.9913141468257285e-07;1.5963240047602103e-15;7.3908928212206160e-07
297000000;0.0000000000000000e+00;4.6952219436414540e-07;5.4442533549136007e-16;2.2930078863287118e-08;3.8263242619910604e-07;6.2535727640372914e-16;6.9554846028555871e-07
299000000;0.0000000000000000e+00;4.3244185207736092e-07;7.8669509908211048e-16;2.5883799786354969e-08;4.1568994320366477e-07;7.6112200565661327e-16;7.2242302317920490e-07
301000000;0.0000000000000000e+00;3.2553651078934427e-07;6.0223612343974269e-16;2.3491707877617691e-08;3.6775751552887280e-07;1.9202686590661936e-15;6.7992876410424169e-07
303000000;0.0000000000000000e+00;5.2433371456329968e-07;9.2548560413454344e-16;1.4250782431649250e-08;2.6844379563235535e-07;4.7595343704219448e-16;5.5221602541945928e-07
305000000;0.0000000000000000e+00;8.0945824369430589e-07;3.0547745354144731e-16;2.5381172983225915e-08;6.7604931998130910e-07;1.1348223405664295e-15;7.4095945862166403e-07
307000000;0.0000000000000000e+00;3.7221614157953826e-07;1.4519439143819714e-15;2.2222155223581240e-08;4.2564662628068104e-07;5.2740852251922079e-16;6.2868876295453510e-07
309000000;0.0000000000000000e+00;5.4853038020968714e-07;8.5136272020603627e-16;1.6010077446574521e-08;4.4473503214858353e-07;6.8248904410689098e-16;5.4474340892244532e-07
311000000;0.0000000000000000e+00;4.8633479422050588e-07;9.5162827768569900e-16;2.6792783382188605e-08;2.5208375833751875e-07;6.9661264730991372e-16;6.7552722680100688e-07
313000000;0.0000000000000000e+00;5.6146870935969290e-07;9.4663131524068257e-16;1.3939620327368884e-08;5.2303529982619567e-07;9.8289501610033136e-16;4.9287548232493261e-07
315000000;0.0000000000000000e+00;5.3473736470990070e-07;5.1454909401561993e-16;2.8201087870588702e-08;4.5524014438877058e-07;4.7070700207702970e-16;5.7549417014610351e-07
317000000;0.0000000000000000e+00;3.9718220520160328e-07;9.6387879399628495e-16;1.0976345996254972e-08;4.7666975016963215e-07;1.0366833303949761e-15;5.8220318132002441e-07
319000000;0.0000000000000000e+00;9.2727142760180040e-07;1.2281959992674218e-15;3.7828217406574160e-08;2.7581108625375863e-07;6.9714436001102426e-16;5.2903373606143966e-07
321000000;0.0000000000000000e+00;5.8104320396550686e-07;1.9848075308634840e-15;3.8620399988991258e-08;3.0559628697707141e-07;2.3126939750005264e-15;6.5824744916487408e-07
323000000;0.0000000000000000e+00;4.4392038054830510e-07;1.0038899722818922e-15;3.2494835219678813e-08;5.2616987695781896e-07;1.1595415381294306e-15;6.5605705114006580e-07
325000000;0.0000000000000000e+00;4.2145980508115025e-07;1.0893488354450113e-15;4.7014346374325523e-08;6.1148011825782653e-07;1.0965440023682093e-15;7.6975546373977924e-07
327000000;0.0000000000000000e+00;4.8318232451524223e-07;1.0751299367922965e-15;4.3928188016704325e-08;7.4170258730930561e-07;2.2612729777292864e-15;5.3542279974781469e-07
329000000;0.0000000000000000e+00;4.6200170615190798e-07;1.4941298154332064e-15;6.1323472108905704e-08;1.4572406414718742e-07;1.1620566583580361e-15;4.2767246614047948e-07
331000000;0.0000000000000000e+00;6.0760038596489995e-07;1.2077136516322765e-15;3.7400798169867376e-08;9.0200032554368093e-07;1.7677679972671518e-15;6.3778649833818595e-07
333000000;0.0000000000000000e+00;6.3938686680187484e-07;1.0377798359023915e-15;3.3293725992438278e-08;4.7958528838752650e-07;5.0120981598562870e-16;6.5335462231259750e-07
335000000;0.0000000000000000e+00;9.6765856112715573e-07;1.0738423332770411e-15;3.0222192823111796e-08;7.6798296822741060e-07;1.5260089079442047e-15;6.9706016645954289e-07
337000000;0.0000000000000000e+00;5.9117131293996269e-07;1.6918865564176854e-15;2.4405098031375276e-08;4.8993254074716527e-07;1.9341532432566429e-15;5.2772311747378803e-07
339000000;0.0000000000000000e+00;5.9445851244630721e-07;4.3887204075991848e-16;2.8288348756728574e-08;4.2396612683828842e-07;5.4593867397011211e-16;6.2633448406654819e-07
341000000;0.0000000000000000e+00;5.1115784415910163e-07;1.1586319559339171e-15;4.2286882903029894e-08;4.8630594582059268e-07;1.5253828276408273e-15;6.3565624969649456e-07
343000000;0.0000000000000000e+00;6.2052486103804629e-07;1.2105544940558720e-15;2.9937954415373766e-08;5.8569799388459016e-07;2.2949803271687222e-15;7.4815803151745656e-07
345000000;0.0000000000000000e+00;5.6077639420253735e-07;1.7252044386200276e-15;4.4322573324399589e-08;7.3977739078577280e-07;1.1921581581212001e-15;5.0197650716545267e-07
347000000;0.0000000000000000e+00;9.5362904526348694e-07;1.4252593528757336e-15;4.5374889795801267e-08;1.2323988212963850e-06;1.9281965414264781e-15;8.3694581917170455e-07
349000000;0.0000000000000000e+00;6.1765847596952478e-07;1.8348303825846095e-15;4.9148061414787740e-08;1.1951550136276605e-06;1.6988653803766337e-15;6.4902471685256421e-07
351000000;0.0000000000000000e+00;1.0882683184947870e-06;1.9278540648485466e-15;5.4023509966781225e-08;1.3696411959002783e-06;1.5977031942318500e-15;7.8000864350911229e-07
353000000;0.0000000000000000e+00;4.9449368259693720e-07;1.4040607303254422e-15;1.5260470099422931e-08;5.0481385369871576e-07;8.2253267651463807e-16;5.5300921273010344e-07
355000000;0.0000000000000000e+00;1.5841830133990198e-06;2.0809879459759893e-15;1.9241364439953942e-08;7.7763348038002332e-07;1.8616485380484402e-15;8.0982091453995303e-07
357000000;0.0000000000000000e+00;3.7603693835410565e-07;3.1115569719465886e-15;3.0452994085295946e-08;8.5486499227355969e-07;4.3489103427311696e-15;5.4566062472340194e-07
359000000;0.0000000000000000e+00;1.0909913116908885e-06;2.3873709333330200e-15;6.7996125701786728e-08;4.5089920187034404e-07;2.8629680874632643e-15;5.6499532356028981e-07
361000000;0.0000000000000000e+00;9.5469105543902374e-07;1.9504221704912437e-15;6.8232326715809296e-08;1.3621913054859692e-06;3.5707299858963286e-15;1.0060720401792987e-06
363000000;0.0000000000000000e+00;1.1316678238326198e-06;4.0876723818039529e-15;7.9367619061415362e-08;1.8487938250453001e-06;2.8023463770470074e-15;1.0316606358721439e-06
365000000;0.0000000000000000e+00;1.6256243072760132e-06;2.5689389759134856e-15;9.8456088547546496e-08;2.3300322244539340e-06;3.2908845051416399e-15;9.6420736975742995e-07
367000000;0.0000000000000000e+00;1.5664296070348436e-06;6.1119156764068838e-15;1.0043953063133342e-07;1.5152024955404589e-06;5.4986689585412053e-15;8.7128242505175785e-07
369000000;0.0000000000000000e+00;2.2514949744264389e-06;3.3809809196566560e-15;1.3380138680913057e-07;1.4628928409591300e-06;4.2611539894586713e-15;1.8906281487913939e-06
371000000;0.0000000000000000e+00;4.6765810963421525e-06;7.8709363244646300e-15;1.5196643915990214e-07;1.7457931110369573e-06;1.1774852227772221e-14;1.6440050732969422e-06
373000000;0.0000000000000000e+00;1.1092278191165627e-06;6.7214982823034300e-15;1.7017732553014182e-07;3.6534760210656832e-06;1.8921459128736766e-14;1.8612097921818021e-06
375000000;0.0000000000000000e+00;5.5615279653770514e-06;4.3975243196798745e-15;2.2722626968866618e-07;5.5357132118129059e-06;9.7889617859826037e-15;2.0726234122983590e-06
377000000;0.0000000000000000e+00;1.2995841820856972e-05;6.9203831427377237e-15;5.4170129628576316e-07;1.5980865890227093e-05;1.4011401983834323e-14;3.6166657322235788e-06
379000000;0.0000000000000000e+00;6.2315929868677162e-06;4.8821575383673956e-15;2.8630983039895749e-07;5.7295758391329557e-06;1.0031287311174432e-14;2.0922637864916408e-06
381000000;0.0000000000000000e+00;5.1600951907194847e-06;5.9685856530093910e-15;3.6452264737017643e-07;9.0531550688959000e-06;1.4827473473041703e-14;3.7655084396401278e-06
383000000;0.0000000000000000e+00;5.1535669568166601e-06;6.9171596419154054e-15;3.1173360662449887e-07;7.9004273510627698e-06;9.8231898029067657e-15;3.8276800905813452e-06
385000000;0.0000000000000000e+00;3.1959658024865203e-06;5.0388354785687796e-15;2.5243518664107128e-07;3.7117337067901018e-06;1.0909489205304458e-14;2.4922373666922663e-06
387000000;0.0000000000000000e+00;4.3286238863942388e-06;3.9364733940335082e-15;2.4080076062462750e-07;4.9235785998481762e-06;2.0011036688549458e-14;2.8954939560066511e-06
389000000;0.0000000000000000e+00;5.0667257179557684e-06;4.8078610601263209e-15;1.8004102667334972e-07;6.0702848270183495e-06;5.1647000079060323e-15;2.9015615985606927e-06
391000000;0.0000000000000000e+00;2.3923241012590913e-06;3.0058161237056003e-15;2.4178880656779827e-07;5.8347332136453412e-06;8.3633457941799772e-15;4.0998662054684453e-06
393000000;0.0000000000000000e+00;2.7981429508764230e-06;3.4297176150962809e-15;1.7877515048956188e-07;2.6053824628023009e-06;4.4243925198092420e-15;1.8193399382831220e-06
395000000;0.0000000000000000e+00;2.9515320140281197e-06;1.6268619903920802e-15;1.4353488716520047e-07;2.2612688164037427e-06;6.5451378020619571e-15;1.8600775644548043e-06
397000000;0.0000000000000000e+00;3.3161960533444236e-06;5.1219967410763563e-15;1.2853484359164123e-07;3.8467648159694132e-06;4.5270959888238783e-15;1.5047233015762491e-06
399000000;0.0000000000000000e+00;9.8293930976590235e-07;2.2053089817791453e-15;8.8402494131695377e-08;1.7544591729645677e-06;4.5735479508044203e-15;1.7363717784260888e-06
401000000;0.0000000000000000e+00;3.5344962690855310e-06;2.7543306480627799e-15;7.3662262856247434e-08;2.3900940734319976e-06;6.4206256197321852e-15;1.7214837842843223e-06
403000000;0.0000000000000000e+00;2.1710259994606763e-06;1.9154512288948060e-15;9.3728140419900724e-08;3.0438767641795551e-06;2.6090846035284377e-15;2.4334044872372884e-06
405000000;0.0000000000000000e+00;1.6306143406135090e-06;2.6312966918100589e-15;8.9049576562558802e-08;2.6127864252953045e-06;5.4022852792990337e-15;1.8214982968202150e-06
407000000;0.0000000000000000e+00;9.5933687259001075e-07;5.5513545048113050e-15;9.8268571347084797e-08;2.5716147732358514e-06;6.1062369991906304e-15;1.9057677582652754e-06
409000000;0.0000000000000000e+00;1.3323422163169150e-06;4.6981441836634553e-15;9.1656771303974636e-08;1.5016207218716219e-06;5.6001036873007978e-15;2.3510049508613541e-06
411000000;0.0000000000000000e+00;1.4725931967380291e-06;1.3863149742041712e-15;6.9004582952637965e-08;1.5230825685222987e-06;3.8220206077167672e-15;2.5304282890000546e-06
413000000;0.0000000000000000e+00;1.7332652401034008e-06;2.7178476342990263e-15;6.9540176191036889e-08;1.7698674052236921e-06;4.7400900047199600e-15;2.5231151734147598e-06
415000000;0.0000000000000000e+00;1.9610986765100756e-06;4.3621720902418632e-15;7.2776817800751717e-08;1.5942604733783343e-06;3.2247112976678101e-15;2.5336566528231821e-06
417000000;0.0000000000000000e+00;9.1989594843262016e-07;2.7648613295134238e-15;8.6591711971261455e-08;1.8586728702369297e-06;3.6414175970482280e-15;2.3060412587246036e-06
419000000;0.0000000000000000e+00;1.3732798961745180e-06;2.5647188068876611e-15;7.3857445368256081e-08;1.3997724221231423e-06;3.5391063478779601e-15;1.6885265387076439e-06
421000000;0.0000000000000000e+00;8.1849580659520382e-07;2.1509483714648889e-15;7.1853197640182328e-08;1.4626636277849000e-06;4.6657736168377929e-15;2.1511460591118328e-06
423000000;0.0000000000000000e+00;9.0312264364659346e-07;2.7092742071335220e-15;8.1064750853978033e-08;8.8868866206075208e-07;2.2340509166644436e-15;2.3946015178278233e-06
425000000;0.0000000000000000e+00;2.1415534146023926e-06;4.6522957741334618e-15;6.5317800804874839e-08;1.6260421650449535e-06;4.0086398329555427e-15;1.9258926343560670e-06
427000000;0.0000000000000000e+00;2.3753222881922738e-06;1.7124092617216048e-15;9.3692078005652815e-08;2.0281010729539122e-06;2.9539189054786231e-15;2.8619031670908733e-06
429000000;0.0000000000000000e+00;7.4080238571261944e-07;2.4316270631703576e-15;6.2200881853109781e-08;1.6773022574219317e-06;5.1028554228170565e-15;2.7898606935492829e-06
431000000;0.0000000000000000e+00;2.3505488613086528e-06;3.3754581027382121e-15;6.2130568695479599e-08;1.5419254134045033e-06;1.8830236878882727e-15;3.6236250074750873e-06
433000000;0.0000000000000000e+00;2.5623589740479097e-06;3.0789313253742848e-15;7.1532802417092965e-08;2.7812653318601049e-06;2.0113264953273731e-15;2.9695768938030807e-06
435000000;0.0000000000000000e+00;1.2524617686036144e-06;5.1542300895802322e-15;6.6908360928651786e-08;9.6418000819842035e-07;5.5007347255952773e-15;3.6101212299905345e-06
437000000;0.0000000000000000e+00;1.6176030312455583e-06;3.7886189800815806e-15;5.8684394660862594e-08;1.6011357863565003e-06;4.0815023658917727e-15;2.7930490132476928e-06
439000000;0.0000000000000000e+00;1.8907451013420543e-06;2.0137479434903455e-15;3.8125919791775381e-08;3.8889518117801760e-06;5.0460135579579699e-15;3.2064553275920959e-06
441000000;0.0000000000000000e+00;1.6318350812853030e-06;2.3994996250752559e-15;7.2670624422602302e-08;1.4434428739793060e-06;5.1657334346092762e-15;2.6634815044707443e-06
443000000;0.0000000000000000e+00;1.3529820929500858e-06;3.4453513475102757e-15;7.0584212540404062e-08;1.6464734581156116e-06;2.9738689087170098e-15;3.2850226837218179e-06
445000000;0.0000000000000000e+00;1.2796488566664131e-06;1.8887747336849587e-15;8.8975675232213845e-08;2.2395702203898313e-06;2.6672898021752327e-15;2.4934926230990342e-06
447000000;0.0000000000000000e+00;2.0536646685291377e-06;3.6560888441079048e-15;8.3706990145479179e-08;1.8455519337868663e-06;7.3487617650504520e-15;2.7596489622565876e-06
449000000;0.0000000000000000e+00;1.7941647196607883e-06;2.4153212263562583e-15;6.5442470634309644e-08;2.2170358777139456e-06;4.0451693553014099e-15;2.9631222966054084e-06
451000000;0.0000000000000000e+00;2.6811185689687228e-06;3.2583578996848800e-15;8.9765238014316233e-08;2.1160058983553123e-06;5.4211829711460056e-15;3.4529421126159766e-06
453000000;0.0000000000000000e+00;3.7285510347031130e-06;4.5014889084603138e-15;7.8153111901270615e-08;2.6438622694588463e-06;7.4853271716732010e-15;3.1742086682413410e-06
455000000;0.0000000000000000e+00;3.2689747182227810e-06;4.2815770884821734e-15;6.5925529480043697e-08;3.5484095972190221e-06;6.0907788155107608e-15;3.6146829995155353e-06
457000000;0.0000000000000000e+00;1.2225656905379572e-06;2.8927730334300028e-15;9.1910869046126697e-08;3.0555059336520782e-06;6.9510909833194657e-15;3.1631089775015258e-06
459000000;0.0000000000000000e+00;1.7634237981923674e-06;1.4429061903475367e-15;6.3573988590010375e-08;3.1791085532187291e-06;7.1831058876755961e-15;3.3630054118732656e-06
461000000;0.0000000000000000e+00;1.6146238483497489e-06;2.3417529491713155e-15;9.1814247238215576e-08;2.6174946376968513e-06;9.4885735157042726e-15;3.6773087498091458e-06
463000000;0.0000000000000000e+00;2.0710019360772680e-06;3.1327013729368818e-15;6.5273755352096592e-08;2.2672519520383812e-06;6.3254332366901109e-15;3.5938867668103624e-06
465000000;0.0000000000000000e+00;3.1020995971320427e-06;5.8132951719382621e-15;1.3141007517464974e-07;2.8583819772228300e-06;1.0136279813863728e-14;4.3745240617661347e-06
467000000;0.0000000000000000e+00;3.5109197125792994e-06;2.7010991660204391e-15;6.1988128688613910e-08;1.6418416271249084e-06;1.1907640328759583e-14;3.0380866395197192e-06
469000000;0.0000000000000000e+00;1.3354950250376301e-06;3.4993605856967117e-15;7.1856619755329746e-08;2.7832500742669946e-06;1.1427113851098324e-14;2.8506153948248377e-06
471000000;0.0000000000000000e+00;1.6271731868927124e-06;4.8174806108497557e-15;8.0610336988362730e-08;1.0523244599280512e-06;1.2575188528974322e-14;3.4710495859414323e-06
473000000;0.0000000000000000e+00;7.5836098049644953e-07;4.4773566792709234e-15;8.2383247001865352e-08;2.7338192907348132e-06;6.1731254241849767e-15;2.0694635355940232e-06
475000000;0.0000000000000000e+00;1.1104748137636337e-06;3.5183032000171315e-15;7.1783704852530126e-08;1.2882567915263203e-06;7.2675656409860176e-15;2.0925807987712626e-06
477000000;0.0000000000000000e+00;2.1379135766787271e-06;3.5434325551050349e-15;6.6281122294190281e-08;1.1934839841177545e-06;8.0955348468904357e-15;2.7085014363693895e-06
479000000;0.0000000000000000e+00;1.3086065165889644e-06;3.0371906741329896e-15;7.8145889108069875e-08;1.1098105604389703e-06;7.9208400063924597e-15;2.5685789110561724e-06
481000000;0.0000000000000000e+00;2.0833513391471093e-06;3.2495672922591921e-15;8.0014085656566798e-08;1.7066605006391520e-06;8.2486578185967819e-15;2.0650579614736543e-06
483000000;0.0000000000000000e+00;1.1686311285017308e-06;2.4643963856966922e-15;1.0339700906066637e-07;6.9782731201904700e-07;5.6776717078223892e-15;1.6513763898890055e-06
485000000;0.0000000000000000e+00;1.2034293374949923e-06;3.7180873247095463e-15;7.1211294685014572e-08;8.6614629573568175e-07;8.3077033774309734e-15;2.0219290459627752e-06
487000000;0.0000000000000000e+00;6.9707459239113971e-07;1.9197674849568549e-15;4.9071159206644869e-08;6.3206803309790995e-07;7.7960667531916857e-15;2.1315586709909356e-06
489000000;0.0000000000000000e+00;1.1270146551405735e-06;1.7735337208804147e-15;7.2896064740036315e-08;2.5210009352389257e-06;7.7086826232008662e-15;2.0482797427133533e-06
491000000;0.0000000000000000e+00;1.2267524975786491e-06;1.8962150764553710e-15;9.6537523795985028e-08;1.8481827302740022e-06;7.2608014177603542e-15;2.1331052247817498e-06
493000000;0.0000000000000000e+00;1.0598718775616419e-06;3.4145299561801303e-15;7.8950757648251211e-08;1.6680009865108476e-06;5.8605410991079484e-15;2.7707176551512799e-06
495000000;0.0000000000000000e+00;9.7120855613069700e-07;2.6367771240993314e-15;7.2934731115227465e-08;1.3155269014051007e-06;9.4627547059310264e-15;2.6840113180869749e-06
497000000;0.0000000000000000e+00;1.0639974332315335e-06;3.0077610225606082e-15;7.2312687921736909e-08;1.0072867309310705e-06;1.1414239743641088e-14;3.4814904562711773e-06
499000000;0.0000000000000000e+00;1.2706551212447706e-06;2.5938412741568435e-15;9.2342652513812214e-08;1.8354131335595033e-06;1.0258770747749988e-14;3.2990982823063111e-06
501000000;0.0000000000000000e+00;2.6900711634799335e-06;5.0473710242792577e-15;1.0814209043782101e-07;1.8586462216323621e-06;1.3333954508381366e-14;2.9326599376194840e-06
503000000;0.0000000000000000e+00;2.4832039700859624e-06;3.2295585069269519e-15;9.9127911350985645e-08;2.2772438128176800e-06;1.3521858307287934e-14;3.4047613121233748e-06
505000000;0.0000000000000000e+00;3.4121481371580741e-06;3.3031622103301866e-15;1.4665405804312082e-07;2.7144831852042674e-06;2.0383783193333035e-14;4.9523702730994343e-06
507000000;0.0000000000000000e+00;3.0001960143716160e-06;2.9513179064787217e-15;1.2551633175086515e-07;2.9902148405464034e-06;1.6535793471527582e-14;3.7945905871606596e-06
509000000;0.0000000000000000e+00;2.5686046041635032e-06;6.5863427385508356e-15;1.3336671755410348e-07;5.2644995040950016e-06;1.4908104065688451e-14;4.6145651384921806e-06
511000000;0.0000000000000000e+00;2.3795610774974444e-06;4.5257831069966671e-15;1.1988467928522298e-07;3.8994955695785295e-06;1.3459294460576133e-14;3.2356011455715637e-06
513000000;0.0000000000000000e+00;1.7826850435751171e-06;4.8699284616005097e-15;1.5150260912371508e-07;2.3531822862160270e-06;1.4583684091633062e-14;3.1370819677509289e-06
515000000;0.0000000000000000e+00;2.5604439682332071e-06;9.1715612766537925e-15;1.0538617334832740e-07;2.3463865405697228e-06;2.4934453747165606e-14;2.6794339168155414e-06
517000000;0.0000000000000000e+00;2.3434663790834901e-06;5.3372840491929234e-15;9.3460390499377052e-08;2.7083639100740941e-06;2.0091163268988049e-14;2.8998415729579877e-06
519000000;0.0000000000000000e+00;3.7162727820923741e-06;6.1226806738280471e-15;9.5290914089969161e-08;2.1595739573571696e-06;2.4228714838462080e-14;4.2638563394779130e-06
521000000;0.0000000000000000e+00;4.1629430791439699e-06;5.4527162838790498e-15;1.1603325632910066e-07;4.0010862689947583e-06;2.0106914389646219e-14;3.6358621611358408e-06
523000000;0.0000000000000000e+00;2.5204305262038275e-06;1.1464105613560782e-14;1.1150190920898834e-07;4.9979083067140017e-06;3.7927621255715777e-14;6.7474146103102989e-06
525000000;0.0000000000000000e+00;1.1805692061585208e-05;1.4910907400691428e-14;1.7230827690622245e-07;2.5719401126704898e-06;3.5367553297205420e-14;9.7971236823456097e-06
527000000;0.0000000000000000e+00;6.6822144829395077e-06;9.2463458126630098e-15;1.0657093748481621e-07;5.8701357015350543e-06;6.0218922822650531e-14;9.9582951155780189e-06
529000000;0.0000000000000000e+00;2.9684879373710405e-06;8.6938994389356756e-15;1.3556515202604330e-07;3.2245234053565715e-06;2.5842187666780393e-14;5.3658893588368689e-06
531000000;0.0000000000000000e+00;4.5635241181052066e-06;1.3469810264171030e-14;2.6028745244655622e-07;1.8246946801749938e-05;9.0274950853698678e-14;1.9799226085448575e-05
533000000;0.0000000000000000e+00;8.0239187504359077e-06;1.7707006348714421e-14;1.2496823759977849e-07;4.4019931564495709e-06;4.9269811930467342e-14;7.7924308541310974e-06
535000000;0.0000000000000000e+00;2.4950638829411638e-06;4.5545342674456947e-15;1.5339388666732245e-07;3.5454409974570653e-06;4.3256167313730966e-14;7.4600537015186480e-06
--------------------------------------------------
Random iter;Vector Size;Result DOT fp64;Result DOT fp32;Result DOT Acc<fp64, fp64>;Result DOT Acc<fp64, fp32>;Result DOT Acc<fp32, fp32>;Result CUBLAS DOT fp64;Result CUBLAS DOT fp32
0;1000000;-2.3465157845828153e+02;-2.3465167236328125e+02;-2.3465157845828159e+02;-2.3465158081054688e+02;-2.3465164184570312e+02;-2.3465157845828165e+02;-2.3465158081054688e+02
1;1000000;-1.1656602623813522e+02;-1.1656597137451172e+02;-1.1656602623813539e+02;-1.1656602478027344e+02;-1.1656608581542969e+02;-1.1656602623813555e+02;-1.1656588745117188e+02
2;1000000;6.3284647029934376e+02;6.3284655761718750e+02;6.3284647029934399e+02;6.3284643554687500e+02;6.3284649658203125e+02;6.3284647029934490e+02;6.3284643554687500e+02
3;1000000;3.0553266276405310e+01;3.0553302764892578e+01;3.0553266276405534e+01;3.0553237915039062e+01;3.0553462982177734e+01;3.0553266276405594e+01;3.0553211212158203e+01
4;1000000;6.2753876087933122e+01;6.2753822326660156e+01;6.2753876087933321e+01;6.2753887176513672e+01;6.2753978729248047e+01;6.2753876087933122e+01;6.2753845214843750e+01
5;1000000;3.5005159672043033e+02;3.5005160522460938e+02;3.5005159672043033e+02;3.5005160522460938e+02;3.5005163574218750e+02;3.5005159672043050e+02;3.5005157470703125e+02
6;1000000;-1.8907935146342570e+01;-1.8907985687255859e+01;-1.8907935146342552e+01;-1.8907947540283203e+01;-1.8907997131347656e+01;-1.8907935146342567e+01;-1.8907974243164062e+01
7;1000000;-5.8505714697574653e+00;-5.8506088256835938e+00;-5.8505714697571367e+00;-5.8505702018737793e+00;-5.8506298065185547e+00;-5.8505714697573410e+00;-5.8506164550781250e+00
8;1000000;-5.5549034126161303e+02;-5.5549041748046875e+02;-5.5549034126161337e+02;-5.5549029541015625e+02;-5.5549060058593750e+02;-5.5549034126161314e+02;-5.5549035644531250e+02
9;1000000;3.5630643020007895e+01;3.5630653381347656e+01;3.5630643020007255e+01;3.5630641937255859e+01;3.5630691528320312e+01;3.5630643020007085e+01;3.5630657196044922e+01
0;3000000;-5.8393833164746275e+02;-5.8393835449218750e+02;-5.8393833164746354e+02;-5.8393835449218750e+02;-5.8393865966796875e+02;-5.8393833164746354e+02;-5.8393823242187500e+02
1;3000000;-1.4680660729444483e+02;-1.4680726623535156e+02;-1.4680660729444412e+02;-1.4680662536621094e+02;-1.4680699157714844e+02;-1.4680660729444412e+02;-1.4680656433105469e+02
2;3000000;3.5751277406518818e+02;3.5751205444335938e+02;3.5751277406518830e+02;3.5751275634765625e+02;3.5751300048828125e+02;3.5751277406518767e+02;3.5751269531250000e+02
3;3000000;-6.0341473840705510e+02;-6.0341510009765625e+02;-6.0341473840705407e+02;-6.0341479492187500e+02;-6.0341491699218750e+02;-6.0341473840705521e+02;-6.0341485595703125e+02
4;3000000;7.6561521442492818e+01;7.6561447143554688e+01;7.6561521442493046e+01;7.6561523437500000e+01;7.6561538696289062e+01;7.6561521442492989e+01;7.6561569213867188e+01
5;3000000;1.0313818800360636e+01;1.0313657760620117e+01;1.0313818800361037e+01;1.0313844680786133e+01;1.0313405990600586e+01;1.0313818800359925e+01;1.0313751220703125e+01
6;3000000;-6.3229596059511934e+01;-6.3229614257812500e+01;-6.3229596059511920e+01;-6.3229598999023438e+01;-6.3229499816894531e+01;-6.3229596059511834e+01;-6.3229537963867188e+01
7;3000000;-6.0533119194239305e+02;-6.0533068847656250e+02;-6.0533119194239316e+02;-6.0533117675781250e+02;-6.0533081054687500e+02;-6.0533119194239339e+02;-6.0533111572265625e+02
8;3000000;-1.5638415928812467e+03;-1.5638415527343750e+03;-1.5638415928812460e+03;-1.5638415527343750e+03;-1.5638421630859375e+03;-1.5638415928812492e+03;-1.5638415527343750e+03
9;3000000;-4.6512782532297228e+02;-4.6512719726562500e+02;-4.6512782532297166e+02;-4.6512783813476562e+02;-4.6512744140625000e+02;-4.6512782532297234e+02;-4.6512768554687500e+02
0;5000000;-5.2618484628318708e+02;-5.2618469238281250e+02;-5.2618484628318583e+02;-5.2618487548828125e+02;-5.2618463134765625e+02;-5.2618484628318595e+02;-5.2618493652343750e+02
1;5000000;-2.4796337479840105e+02;-2.4796327209472656e+02;-2.4796337479840125e+02;-2.4796339416503906e+02;-2.4796386718750000e+02;-2.4796337479840054e+02;-2.4796325683593750e+02
2;5000000;-4.2642558151902996e+01;-4.2643470764160156e+01;-4.2642558151902904e+01;-4.2642585754394531e+01;-4.2642745971679688e+01;-4.2642558151903245e+01;-4.2642395019531250e+01
3;5000000;-5.2387897317160662e+02;-5.2388037109375000e+02;-5.2387897317160525e+02;-5.2387902832031250e+02;-5.2387957763671875e+02;-5.2387897317160662e+02;-5.2387908935546875e+02
4;5000000;3.2485659551433253e+02;3.2485617065429688e+02;3.2485659551433326e+02;3.2485656738281250e+02;3.2485623168945312e+02;3.2485659551433332e+02;3.2485665893554688e+02
5;5000000;-8.2351640277107799e+02;-8.2351672363281250e+02;-8.2351640277107697e+02;-8.2351635742187500e+02;-8.2351654052734375e+02;-8.2351640277107651e+02;-8.2351660156250000e+02
6;5000000;8.3490047063507376e+01;8.3490646362304688e+01;8.3490047063507816e+01;8.3490058898925781e+01;8.3491157531738281e+01;8.3490047063507973e+01;8.3490051269531250e+01
7;5000000;-7.6738879328037615e+02;-7.6738861083984375e+02;-7.6738879328037751e+02;-7.6738879394531250e+02;-7.6738885498046875e+02;-7.6738879328037524e+02;-7.6738867187500000e+02
8;5000000;-2.0659656054887996e+03;-2.0659672851562500e+03;-2.0659656054888023e+03;-2.0659655761718750e+03;-2.0659675292968750e+03;-2.0659656054888051e+03;-2.0659653320312500e+03
9;5000000;-5.9047859449458122e+02;-5.9047985839843750e+02;-5.9047859449457985e+02;-5.9047857666015625e+02;-5.9047906494140625e+02;-5.9047859449458349e+02;-5.9047857666015625e+02
0;7000000;-4.1449844997123881e+02;-4.1449868774414062e+02;-4.1449844997123949e+02;-4.1449844360351562e+02;-4.1449822998046875e+02;-4.1449844997123972e+02;-4.1449835205078125e+02
1;7000000;-8.8941545135572881e+02;-8.8941522216796875e+02;-8.8941545135572994e+02;-8.8941546630859375e+02;-8.8941583251953125e+02;-8.8941545135573085e+02;-8.8941534423828125e+02
2;7000000;4.2877445595363596e+01;4.2877490997314453e+01;4.2877445595364577e+01;4.2877395629882812e+01;4.2877326965332031e+01;4.2877445595363724e+01;4.2877380371093750e+01
3;7000000;-8.1993559714745390e+02;-8.1993597412109375e+02;-8.1993559714745197e+02;-8.1993566894531250e+02;-8.1993597412109375e+02;-8.1993559714745231e+02;-8.1993560791015625e+02
4;7000000;-1.9237205275839077e+02;-1.9237196350097656e+02;-1.9237205275838986e+02;-1.9237211608886719e+02;-1.9237239074707031e+02;-1.9237205275838801e+02;-1.9237216186523438e+02
5;7000000;-4.4684169254663948e+02;-4.4684158325195312e+02;-4.4684169254663919e+02;-4.4684164428710938e+02;-4.4684118652343750e+02;-4.4684169254663664e+02;-4.4684176635742188e+02
6;7000000;-7.5869094116868325e+02;-7.5869030761718750e+02;-7.5869094116868371e+02;-7.5869091796875000e+02;-7.5869012451171875e+02;-7.5869094116868496e+02;-7.5869097900390625e+02
7;7000000;-6.7549175831983928e+02;-6.7549243164062500e+02;-6.7549175831984007e+02;-6.7549176025390625e+02;-6.7549145507812500e+02;-6.7549175831983803e+02;-6.7549163818359375e+02
8;7000000;-2.2783931196592844e+03;-2.2783945312500000e+03;-2.2783931196592898e+03;-2.2783930664062500e+03;-2.2783945312500000e+03;-2.2783931196592848e+03;-2.2783930664062500e+03
9;7000000;-1.4967286359502855e+03;-1.4967304687500000e+03;-1.4967286359502873e+03;-1.4967286376953125e+03;-1.4967288818359375e+03;-1.4967286359502814e+03;-1.4967286376953125e+03
0;9000000;-5.2580007581679411e+01;-5.2579956054687500e+01;-5.2580007581679425e+01;-5.2580001831054688e+01;-5.2580062866210938e+01;-5.2580007581678160e+01;-5.2579910278320312e+01
1;9000000;-4.3269715600620009e+02;-4.3269696044921875e+02;-4.3269715600619941e+02;-4.3269717407226562e+02;-4.3269692993164062e+02;-4.3269715600619912e+02;-4.3269720458984375e+02
2;9000000;-3.5066087725727454e+02;-3.5066061401367188e+02;-3.5066087725727493e+02;-3.5066091918945312e+02;-3.5066055297851562e+02;-3.5066087725727482e+02;-3.5066119384765625e+02
3;9000000;-1.2811606037706795e+03;-1.2811600341796875e+03;-1.2811606037706754e+03;-1.2811606445312500e+03;-1.2811596679687500e+03;-1.2811606037706742e+03;-1.2811606445312500e+03
4;9000000;1.3160798673308940e+02;1.3160856628417969e+02;1.3160798673308955e+02;1.3160791015625000e+02;1.3160786437988281e+02;1.3160798673308921e+02;1.3160766601562500e+02
5;9000000;-2.9650921761338202e+02;-2.9650805664062500e+02;-2.9650921761338316e+02;-2.9650924682617188e+02;-2.9650909423828125e+02;-2.9650921761338270e+02;-2.9650915527343750e+02
6;9000000;-9.7417191006577150e+02;-9.7417114257812500e+02;-9.7417191006577377e+02;-9.7417187500000000e+02;-9.7417120361328125e+02;-9.7417191006577298e+02;-9.7417181396484375e+02
7;9000000;-5.1353796589706963e+02;-5.1353845214843750e+02;-5.1353796589706860e+02;-5.1353796386718750e+02;-5.1353765869140625e+02;-5.1353796589706849e+02;-5.1353784179687500e+02
8;9000000;-2.7322638875017283e+03;-2.7322646484375000e+03;-2.7322638875017287e+03;-2.7322639160156250e+03;-2.7322646484375000e+03;-2.7322638875017219e+03;-2.7322636718750000e+03
9;9000000;-2.0681086907976510e+03;-2.0681110839843750e+03;-2.0681086907976469e+03;-2.0681086425781250e+03;-2.0681120605468750e+03;-2.0681086907976478e+03;-2.0681083984375000e+03
0;11000000;1.8121538720122527e+02;1.8121543884277344e+02;1.8121538720122538e+02;1.8121537780761719e+02;1.8121517944335938e+02;1.8121538720122618e+02;1.8121553039550781e+02
1;11000000;-3.2801385762967976e+02;-3.2801345825195312e+02;-3.2801385762967919e+02;-3.2801385498046875e+02;-3.2801376342773438e+02;-3.2801385762967982e+02;-3.2801391601562500e+02
2;11000000;-9.6296359364116358e+02;-9.6296343994140625e+02;-9.6296359364116370e+02;-9.6296362304687500e+02;-9.6296343994140625e+02;-9.6296359364116381e+02;-9.6296392822265625e+02
3;11000000;-9.8219321450378720e+02;-9.8219281005859375e+02;-9.8219321450379016e+02;-9.8219329833984375e+02;-9.8219268798828125e+02;-9.8219321450378857e+02;-9.8219323730468750e+02
4;11000000;-2.6012752224839619e+02;-2.6012777709960938e+02;-2.6012752224839579e+02;-2.6012762451171875e+02;-2.6012817382812500e+02;-2.6012752224839574e+02;-2.6012762451171875e+02
5;11000000;-1.1079572046608746e+03;-1.1079562988281250e+03;-1.1079572046608739e+03;-1.1079572753906250e+03;-1.1079573974609375e+03;-1.1079572046608737e+03;-1.1079572753906250e+03
6;11000000;-6.2656917497670145e+02;-6.2656896972656250e+02;-6.2656917497670054e+02;-6.2656915283203125e+02;-6.2656945800781250e+02;-6.2656917497670054e+02;-6.2656921386718750e+02
7;11000000;-1.4774653635743243e+03;-1.4774649658203125e+03;-1.4774653635743248e+03;-1.4774653320312500e+03;-1.4774658203125000e+03;-1.4774653635743239e+03;-1.4774655761718750e+03
8;11000000;-2.7276139871185042e+03;-2.7276147460937500e+03;-2.7276139871185023e+03;-2.7276140136718750e+03;-2.7276132812500000e+03;-2.7276139871185069e+03;-2.7276140136718750e+03
9;11000000;-2.2659697769609843e+03;-2.2659658203125000e+03;-2.2659697769609847e+03;-2.2659697265625000e+03;-2.2659663085937500e+03;-2.2659697769609847e+03;-2.2659697265625000e+03
0;13000000;-2.7263746483239851e+02;-2.7263751220703125e+02;-2.7263746483239890e+02;-2.7263748168945312e+02;-2.7263699340820312e+02;-2.7263746483239936e+02;-2.7263748168945312e+02
1;13000000;-1.1350627583245412e+02;-1.1350624084472656e+02;-1.1350627583245380e+02;-1.1350628662109375e+02;-1.1350554656982422e+02;-1.1350627583245387e+02;-1.1350646972656250e+02
2;13000000;-6.2134771615134127e+02;-6.2134753417968750e+02;-6.2134771615134173e+02;-6.2134777832031250e+02;-6.2134729003906250e+02;-6.2134771615133968e+02;-6.2134802246093750e+02
3;13000000;-1.1760871972150858e+03;-1.1760876464843750e+03;-1.1760871972150867e+03;-1.1760872802734375e+03;-1.1760878906250000e+03;-1.1760871972150846e+03;-1.1760874023437500e+03
4;13000000;-7.9171643440486980e+02;-7.9171771240234375e+02;-7.9171643440486946e+02;-7.9171655273437500e+02;-7.9171734619140625e+02;-7.9171643440487173e+02;-7.9171679687500000e+02
5;13000000;-3.7654392956687587e+02;-3.7654641723632812e+02;-3.7654392956687559e+02;-3.7654397583007812e+02;-3.7654544067382812e+02;-3.7654392956687389e+02;-3.7654406738281250e+02
6;13000000;-8.2506287585026087e+02;-8.2506304931640625e+02;-8.2506287585026087e+02;-8.2506292724609375e+02;-8.2506317138671875e+02;-8.2506287585025950e+02;-8.2506286621093750e+02
7;13000000;-1.5302751737947951e+03;-1.5302751464843750e+03;-1.5302751737947938e+03;-1.5302751464843750e+03;-1.5302750244140625e+03;-1.5302751737947942e+03;-1.5302753906250000e+03
8;13000000;-2.2736845451405320e+03;-2.2736857910156250e+03;-2.2736845451405306e+03;-2.2736845703125000e+03;-2.2736853027343750e+03;-2.2736845451405325e+03;-2.2736843261718750e+03
9;13000000;-2.1388899248526327e+03;-2.1388852539062500e+03;-2.1388899248526300e+03;-2.1388898925781250e+03;-2.1388837890625000e+03;-2.1388899248526332e+03;-2.1388898925781250e+03
0;15000000;2.0385661485997363e+02;2.0385696411132812e+02;2.0385661485997318e+02;2.0385658264160156e+02;2.0385742187500000e+02;2.0385661485997338e+02;2.0385661315917969e+02
1;15000000;6.7772184728860722e+01;6.7772026062011719e+01;6.7772184728859912e+01;6.7772163391113281e+01;6.7772636413574219e+01;6.7772184728859827e+01;6.7772216796875000e+01
2;15000000;-2.3125097685380652e+02;-2.3125102233886719e+02;-2.3125097685380803e+02;-2.3125100708007812e+02;-2.3125018310546875e+02;-2.3125097685380638e+02;-2.3125122070312500e+02
3;15000000;-1.9324054489216794e+03;-1.9324063720703125e+03;-1.9324054489216819e+03;-1.9324055175781250e+03;-1.9324064941406250e+03;-1.9324054489216842e+03;-1.9324057617187500e+03
4;15000000;-7.0643303120729502e+02;-7.0643402099609375e+02;-7.0643303120729433e+02;-7.0643310546875000e+02;-7.0643353271484375e+02;-7.0643303120729604e+02;-7.0643286132812500e+02
5;15000000;-1.1129911427509396e+03;-1.1129913330078125e+03;-1.1129911427509373e+03;-1.1129912109375000e+03;-1.1129936523437500e+03;-1.1129911427509392e+03;-1.1129912109375000e+03
6;15000000;-1.4539071421009712e+03;-1.4539075927734375e+03;-1.4539071421009710e+03;-1.4539072265625000e+03;-1.4539077148437500e+03;-1.4539071421009730e+03;-1.4539072265625000e+03
7;15000000;-9.6040082649417047e+02;-9.6039959716796875e+02;-9.6040082649417002e+02;-9.6040075683593750e+02;-9.6040032958984375e+02;-9.6040082649417002e+02;-9.6040100097656250e+02
8;15000000;-3.3969149692025580e+03;-3.3969147949218750e+03;-3.3969149692025567e+03;-3.3969147949218750e+03;-3.3969135742187500e+03;-3.3969149692025558e+03;-3.3969147949218750e+03
9;15000000;-2.6570030220335389e+03;-2.6570043945312500e+03;-2.6570030220335402e+03;-2.6570029296875000e+03;-2.6570051269531250e+03;-2.6570030220335425e+03;-2.6570031738281250e+03
0;17000000;3.9868019284550265e+01;3.9868652343750000e+01;3.9868019284550812e+01;3.9867996215820312e+01;3.9868225097656250e+01;3.9868019284549916e+01;3.9868057250976562e+01
1;17000000;-4.3933245917609099e+02;-4.3933343505859375e+02;-4.3933245917609236e+02;-4.3933248901367188e+02;-4.3933325195312500e+02;-4.3933245917609224e+02;-4.3933264160156250e+02
2;17000000;4.5546977581487972e+01;4.5546691894531250e+01;4.5546977581485059e+01;4.5546939849853516e+01;4.5546943664550781e+01;4.5546977581485407e+01;4.5546508789062500e+01
3;17000000;-1.6820194666006594e+03;-1.6820223388671875e+03;-1.6820194666006562e+03;-1.6820195312500000e+03;-1.6820201416015625e+03;-1.6820194666006571e+03;-1.6820200195312500e+03
4;17000000;-9.9416072815770156e+02;-9.9416046142578125e+02;-9.9416072815770190e+02;-9.9416082763671875e+02;-9.9416070556640625e+02;-9.9416072815770269e+02;-9.9416076660156250e+02
5;17000000;-1.4468030930811362e+03;-1.4468033447265625e+03;-1.4468030930811346e+03;-1.4468031005859375e+03;-1.4468043212890625e+03;-1.4468030930811365e+03;-1.4468032226562500e+03
6;17000000;-8.8833289590854247e+02;-8.8833203125000000e+02;-8.8833289590854201e+02;-8.8833294677734375e+02;-8.8833111572265625e+02;-8.8833289590854361e+02;-8.8833288574218750e+02
7;17000000;-1.6167419855971179e+03;-1.6167431640625000e+03;-1.6167419855971173e+03;-1.6167419433593750e+03;-1.6167423095703125e+03;-1.6167419855971164e+03;-1.6167421875000000e+03
8;17000000;-3.3445373682169748e+03;-3.3445361328125000e+03;-3.3445373682169743e+03;-3.3445373535156250e+03;-3.3445358886718750e+03;-3.3445373682169738e+03;-3.3445373535156250e+03
9;17000000;-2.0421229940870383e+03;-2.0421212158203125e+03;-2.0421229940870405e+03;-2.0421229248046875e+03;-2.0421228027343750e+03;-2.0421229940870351e+03;-2.0421231689453125e+03
0;19000000;2.7206671652736532e+02;2.7206686401367188e+02;2.7206671652736634e+02;2.7206671142578125e+02;2.7206689453125000e+02;2.7206671652736640e+02;2.7206625366210938e+02
1;19000000;-3.4941385305030065e+02;-3.4941333007812500e+02;-3.4941385305030047e+02;-3.4941387939453125e+02;-3.4941418457031250e+02;-3.4941385305030076e+02;-3.4941369628906250e+02
2;19000000;1.4093792533308903e+02;1.4093795776367188e+02;1.4093792533308724e+02;1.4093786621093750e+02;1.4093846130371094e+02;1.4093792533308419e+02;1.4093766784667969e+02
3;19000000;-1.1538587594686962e+03;-1.1538596191406250e+03;-1.1538587594686956e+03;-1.1538588867187500e+03;-1.1538588867187500e+03;-1.1538587594686912e+03;-1.1538591308593750e+03
4;19000000;-1.5695139292665669e+03;-1.5695126953125000e+03;-1.5695139292665704e+03;-1.5695140380859375e+03;-1.5695136718750000e+03;-1.5695139292665699e+03;-1.5695142822265625e+03
5;19000000;-9.0359933456790122e+02;-9.0359924316406250e+02;-9.0359933456790168e+02;-9.0359942626953125e+02;-9.0359912109375000e+02;-9.0359933456790111e+02;-9.0359948730468750e+02
6;19000000;-1.3543507858965413e+03;-1.3543514404296875e+03;-1.3543507858965388e+03;-1.3543508300781250e+03;-1.3543511962890625e+03;-1.3543507858965409e+03;-1.3543510742187500e+03
7;19000000;-1.7023991870780462e+03;-1.7023992919921875e+03;-1.7023991870780444e+03;-1.7023991699218750e+03;-1.7023995361328125e+03;-1.7023991870780455e+03;-1.7023989257812500e+03
8;19000000;-2.7592548022261108e+03;-2.7592539062500000e+03;-2.7592548022261103e+03;-2.7592546386718750e+03;-2.7592536621093750e+03;-2.7592548022261089e+03;-2.7592548828125000e+03
9;19000000;-3.2921713309078059e+03;-3.2921704101562500e+03;-3.2921713309078064e+03;-3.2921713867187500e+03;-3.2921711425781250e+03;-3.2921713309078095e+03;-3.2921716308593750e+03
0;21000000;4.6673530271348898e+02;4.6673504638671875e+02;4.6673530271348795e+02;4.6673529052734375e+02;4.6673474121093750e+02;4.6673530271349023e+02;4.6673529052734375e+02
1;21000000;1.5654758219890624e+02;1.5654762268066406e+02;1.5654758219890547e+02;1.5654754638671875e+02;1.5654721069335938e+02;1.5654758219890502e+02;1.5654785156250000e+02
2;21000000;-4.6891822351079293e+02;-4.6891943359375000e+02;-4.6891822351079492e+02;-4.6891827392578125e+02;-4.6892031860351562e+02;-4.6891822351079458e+02;-4.6891873168945312e+02
3;21000000;-8.7021126905197082e+02;-8.7021148681640625e+02;-8.7021126905197400e+02;-8.7021136474609375e+02;-8.7021093750000000e+02;-8.7021126905197275e+02;-8.7021118164062500e+02
4;21000000;-1.1252068315620659e+03;-1.1252070312500000e+03;-1.1252068315620686e+03;-1.1252069091796875e+03;-1.1252073974609375e+03;-1.1252068315620668e+03;-1.1252070312500000e+03
5;21000000;-1.5236147528237536e+03;-1.5236151123046875e+03;-1.5236147528237539e+03;-1.5236148681640625e+03;-1.5236146240234375e+03;-1.5236147528237514e+03;-1.5236147460937500e+03
6;21000000;-1.6407189536237386e+03;-1.6407205810546875e+03;-1.6407189536237402e+03;-1.6407189941406250e+03;-1.6407196044921875e+03;-1.6407189536237395e+03;-1.6407194824218750e+03
7;21000000;-1.6356641208731087e+03;-1.6356647949218750e+03;-1.6356641208731101e+03;-1.6356641845703125e+03;-1.6356662597656250e+03;-1.6356641208731080e+03;-1.6356644287109375e+03
8;21000000;-3.3386246594946765e+03;-3.3386242675781250e+03;-3.3386246594946770e+03;-3.3386245117187500e+03;-3.3386228027343750e+03;-3.3386246594946729e+03;-3.3386247558593750e+03
9;21000000;-3.1784585518978770e+03;-3.1784606933593750e+03;-3.1784585518978788e+03;-3.1784584960937500e+03;-3.1784609375000000e+03;-3.1784585518978806e+03;-3.1784587402343750e+03
0;23000000;2.7434246448467735e+02;2.7434207153320312e+02;2.7434246448467638e+02;2.7434249877929688e+02;2.7434243774414062e+02;2.7434246448467735e+02;2.7434259033203125e+02
1;23000000;1.8394767273572992e+02;1.8394747924804688e+02;1.8394767273573081e+02;1.8394763183593750e+02;1.8394740295410156e+02;1.8394767273573137e+02;1.8394738769531250e+02
2;23000000;-2.0809733007792563e+01;-2.0809223175048828e+01;-2.0809733007794033e+01;-2.0809789657592773e+01;-2.0809986114501953e+01;-2.0809733007793625e+01;-2.0809936523437500e+01
3;23000000;-1.1918390164296791e+03;-1.1918395996093750e+03;-1.1918390164296777e+03;-1.1918391113281250e+03;-1.1918408203125000e+03;-1.1918390164296798e+03;-1.1918392333984375e+03
4;23000000;-8.6298271463856827e+02;-8.6298345947265625e+02;-8.6298271463856872e+02;-8.6298278808593750e+02;-8.6298297119140625e+02;-8.6298271463856759e+02;-8.6298303222656250e+02
5;23000000;-2.0371364131379314e+03;-2.0371380615234375e+03;-2.0371364131379305e+03;-2.0371364746093750e+03;-2.0371385498046875e+03;-2.0371364131379303e+03;-2.0371367187500000e+03
6;23000000;-1.5739042818810208e+03;-1.5739017333984375e+03;-1.5739042818810206e+03;-1.5739042968750000e+03;-1.5739029541015625e+03;-1.5739042818810231e+03;-1.5739044189453125e+03
7;23000000;-1.9776055798140726e+03;-1.9776074218750000e+03;-1.9776055798140746e+03;-1.9776055908203125e+03;-1.9776068115234375e+03;-1.9776055798140765e+03;-1.9776059570312500e+03
8;23000000;-3.3974739900684890e+03;-3.3974736328125000e+03;-3.3974739900684917e+03;-3.3974738769531250e+03;-3.3974738769531250e+03;-3.3974739900684867e+03;-3.3974736328125000e+03
9;23000000;-2.6759410670954649e+03;-2.6759443359375000e+03;-2.6759410670954639e+03;-2.6759409179687500e+03;-2.6759431152343750e+03;-2.6759410670954685e+03;-2.6759421386718750e+03
0;25000000;-3.6244414126855403e+01;-3.6244880676269531e+01;-3.6244414126857805e+01;-3.6244373321533203e+01;-3.6245239257812500e+01;-3.6244414126858231e+01;-3.6244583129882812e+01
1;25000000;3.4772949573873734e+02;3.4772955322265625e+02;3.4772949573873706e+02;3.4772946166992188e+02;3.4772949218750000e+02;3.4772949573873552e+02;3.4772949218750000e+02
2;25000000;2.6164866445478572e+02;2.6164965820312500e+02;2.6164866445478287e+02;2.6164862060546875e+02;2.6164886474609375e+02;2.6164866445478333e+02;2.6164831542968750e+02
3;25000000;-1.4214868517245131e+03;-1.4214866943359375e+03;-1.4214868517245156e+03;-1.4214869384765625e+03;-1.4214858398437500e+03;-1.4214868517245154e+03;-1.4214873046875000e+03
4;25000000;-4.5982606084394979e+02;-4.5982601928710938e+02;-4.5982606084395047e+02;-4.5982617187500000e+02;-4.5982482910156250e+02;-4.5982606084394956e+02;-4.5982626342773438e+02
5;25000000;-1.8491564113417073e+03;-1.8491580810546875e+03;-1.8491564113417098e+03;-1.8491564941406250e+03;-1.8491584472656250e+03;-1.8491564113417080e+03;-1.8491563720703125e+03
6;25000000;-1.7559661616910662e+03;-1.7559648437500000e+03;-1.7559661616910680e+03;-1.7559661865234375e+03;-1.7559654541015625e+03;-1.7559661616910703e+03;-1.7559660644531250e+03
7;25000000;-2.1357336740044116e+03;-2.1357329101562500e+03;-2.1357336740044097e+03;-2.1357336425781250e+03;-2.1357355957031250e+03;-2.1357336740044116e+03;-2.1357333984375000e+03
8;25000000;-3.5795335388143280e+03;-3.5795324707031250e+03;-3.5795335388143294e+03;-3.5795334472656250e+03;-3.5795329589843750e+03;-3.5795335388143267e+03;-3.5795332031250000e+03
9;25000000;-3.3907630429112460e+03;-3.3907636718750000e+03;-3.3907630429112533e+03;-3.3907629394531250e+03;-3.3907634277343750e+03;-3.3907630429112564e+03;-3.3907626953125000e+03
0;27000000;5.5607431266005085e+02;5.5607434082031250e+02;5.5607431266005062e+02;5.5607434082031250e+02;5.5607373046875000e+02;5.5607431266004915e+02;5.5607409667968750e+02
1;27000000;1.6424312929733580e+02;1.6424269104003906e+02;1.6424312929733398e+02;1.6424313354492188e+02;1.6424363708496094e+02;1.6424312929733469e+02;1.6424320983886719e+02
2;27000000;2.4419360685237379e+02;2.4419418334960938e+02;2.4419360685237413e+02;2.4419355773925781e+02;2.4419342041015625e+02;2.4419360685237348e+02;2.4419329833984375e+02
3;27000000;-9.5311579748787426e+02;-9.5311676025390625e+02;-9.5311579748787187e+02;-9.5311590576171875e+02;-9.5311578369140625e+02;-9.5311579748787165e+02;-9.5311541748046875e+02
4;27000000;-8.2302947245196344e+02;-8.2302886962890625e+02;-8.2302947245196185e+02;-8.2302960205078125e+02;-8.2302838134765625e+02;-8.2302947245196310e+02;-8.2302941894531250e+02
5;27000000;-1.1101604310563532e+03;-1.1101624755859375e+03;-1.1101604310563539e+03;-1.1101605224609375e+03;-1.1101627197265625e+03;-1.1101604310563512e+03;-1.1101602783203125e+03
6;27000000;-2.1901191044342336e+03;-2.1901213378906250e+03;-2.1901191044342308e+03;-2.1901191406250000e+03;-2.1901208496093750e+03;-2.1901191044342345e+03;-2.1901191406250000e+03
7;27000000;-2.1719691051063564e+03;-2.1719697265625000e+03;-2.1719691051063569e+03;-2.1719692382812500e+03;-2.1719692382812500e+03;-2.1719691051063551e+03;-2.1719692382812500e+03
8;27000000;-3.8712065599635362e+03;-3.8712084960937500e+03;-3.8712065599635357e+03;-3.8712065429687500e+03;-3.8712089843750000e+03;-3.8712065599635321e+03;-3.8712065429687500e+03
9;27000000;-3.2418101948173926e+03;-3.2418085937500000e+03;-3.2418101948173953e+03;-3.2418103027343750e+03;-3.2418083496093750e+03;-3.2418101948173926e+03;-3.2418100585937500e+03
0;29000000;1.6548196612936160e+03;1.6548206787109375e+03;1.6548196612936172e+03;1.6548197021484375e+03;1.6548203125000000e+03;1.6548196612936156e+03;1.6548193359375000e+03
1;29000000;-1.9874725906844989e+02;-1.9874731445312500e+02;-1.9874725906845180e+02;-1.9874723815917969e+02;-1.9874853515625000e+02;-1.9874725906845114e+02;-1.9874732971191406e+02
2;29000000;1.8280776645482430e+02;1.8280737304687500e+02;1.8280776645482590e+02;1.8280772399902344e+02;1.8280769348144531e+02;1.8280776645482365e+02;1.8280812072753906e+02
3;29000000;-7.1071187128711699e+02;-7.1071209716796875e+02;-7.1071187128711608e+02;-7.1071197509765625e+02;-7.1071160888671875e+02;-7.1071187128711836e+02;-7.1071197509765625e+02
4;29000000;-7.6548884757687779e+02;-7.6548706054687500e+02;-7.6548884757687881e+02;-7.6548895263671875e+02;-7.6548724365234375e+02;-7.6548884757687938e+02;-7.6548925781250000e+02
5;29000000;-1.2567551845620235e+03;-1.2567580566406250e+03;-1.2567551845620171e+03;-1.2567552490234375e+03;-1.2567581787109375e+03;-1.2567551845620203e+03;-1.2567551269531250e+03
6;29000000;-2.1608707548924772e+03;-2.1608723144531250e+03;-2.1608707548924785e+03;-2.1608708496093750e+03;-2.1608720703125000e+03;-2.1608707548924781e+03;-2.1608706054687500e+03
7;29000000;-2.5388986406585864e+03;-2.5388999023437500e+03;-2.5388986406585891e+03;-2.5388986816406250e+03;-2.5388984375000000e+03;-2.5388986406585850e+03;-2.5388984375000000e+03
8;29000000;-4.0985106788490120e+03;-4.0985126953125000e+03;-4.0985106788490102e+03;-4.0985107421875000e+03;-4.0985122070312500e+03;-4.0985106788490039e+03;-4.0985107421875000e+03
9;29000000;-3.4820891367808449e+03;-3.4820874023437500e+03;-3.4820891367808467e+03;-3.4820891113281250e+03;-3.4820886230468750e+03;-3.4820891367808440e+03;-3.4820895996093750e+03
0;31000000;1.8303876889144342e+03;1.8303889160156250e+03;1.8303876889144308e+03;1.8303878173828125e+03;1.8303872070312500e+03;1.8303876889144331e+03;1.8303876953125000e+03
1;31000000;6.9806224330620284e+02;6.9806231689453125e+02;6.9806224330620307e+02;6.9806225585937500e+02;6.9806292724609375e+02;6.9806224330620375e+02;6.9806188964843750e+02
2;31000000;1.1989295294773939e+02;1.1989299774169922e+02;1.1989295294773815e+02;1.1989292907714844e+02;1.1989302825927734e+02;1.1989295294773899e+02;1.1989303588867188e+02
3;31000000;-8.6951879301264137e+02;-8.6951940917968750e+02;-8.6951879301264330e+02;-8.6951892089843750e+02;-8.6952026367187500e+02;-8.6951879301264216e+02;-8.6951916503906250e+02
4;31000000;-5.9544005663541304e+02;-5.9544024658203125e+02;-5.9544005663541259e+02;-5.9544018554687500e+02;-5.9544018554687500e+02;-5.9544005663540975e+02;-5.9544049072265625e+02
5;31000000;-1.5657407348599193e+03;-1.5657382812500000e+03;-1.5657407348599163e+03;-1.5657408447265625e+03;-1.5657414550781250e+03;-1.5657407348599186e+03;-1.5657406005859375e+03
6;31000000;-1.2736739197391748e+03;-1.2736743164062500e+03;-1.2736739197391730e+03;-1.2736739501953125e+03;-1.2736726074218750e+03;-1.2736739197391751e+03;-1.2736739501953125e+03
7;31000000;-2.8784070106079685e+03;-2.8784055175781250e+03;-2.8784070106079689e+03;-2.8784069824218750e+03;-2.8784062500000000e+03;-2.8784070106079680e+03;-2.8784074707031250e+03
8;31000000;-4.1983896780072710e+03;-4.1983916015625000e+03;-4.1983896780072682e+03;-4.1983896484375000e+03;-4.1983886718750000e+03;-4.1983896780072710e+03;-4.1983896484375000e+03
9;31000000;-3.8672730617743605e+03;-3.8672685546875000e+03;-3.8672730617743587e+03;-3.8672731933593750e+03;-3.8672678222656250e+03;-3.8672730617743618e+03;-3.8672736816406250e+03
0;33000000;1.9931615285615298e+03;1.9931614990234375e+03;1.9931615285615303e+03;1.9931616210937500e+03;1.9931619873046875e+03;1.9931615285615308e+03;1.9931614990234375e+03
1;33000000;1.3368883444924224e+03;1.3368873291015625e+03;1.3368883444924249e+03;1.3368884277343750e+03;1.3368874511718750e+03;1.3368883444924224e+03;1.3368883056640625e+03
2;33000000;-1.6211402411711643e+02;-1.6211355590820312e+02;-1.6211402411711558e+02;-1.6211402893066406e+02;-1.6211344909667969e+02;-1.6211402411711651e+02;-1.6211392211914062e+02
3;33000000;-8.6277579561536686e+02;-8.6277661132812500e+02;-8.6277579561536595e+02;-8.6277587890625000e+02;-8.6277539062500000e+02;-8.6277579561536720e+02;-8.6277593994140625e+02
4;33000000;-2.7985829557799445e+02;-2.7985913085937500e+02;-2.7985829557799275e+02;-2.7985842895507812e+02;-2.7985830688476562e+02;-2.7985829557799468e+02;-2.7985852050781250e+02
5;33000000;-1.2864171712855605e+03;-1.2864185791015625e+03;-1.2864171712855593e+03;-1.2864172363281250e+03;-1.2864168701171875e+03;-1.2864171712855587e+03;-1.2864171142578125e+03
6;33000000;-1.7072468530007602e+03;-1.7072465820312500e+03;-1.7072468530007552e+03;-1.7072469482421875e+03;-1.7072454833984375e+03;-1.7072468530007541e+03;-1.7072468261718750e+03
7;33000000;-2.4460497633341356e+03;-2.4460485839843750e+03;-2.4460497633341347e+03;-2.4460498046875000e+03;-2.4460488281250000e+03;-2.4460497633341320e+03;-2.4460502929687500e+03
8;33000000;-4.6297267102457472e+03;-4.6297275390625000e+03;-4.6297267102457408e+03;-4.6297265625000000e+03;-4.6297255859375000e+03;-4.6297267102457472e+03;-4.6297265625000000e+03
9;33000000;-3.9496181056827718e+03;-3.9496120605468750e+03;-3.9496181056827668e+03;-3.9496181640625000e+03;-3.9496125488281250e+03;-3.9496181056827672e+03;-3.9496184082031250e+03
0;35000000;1.9215944237226370e+03;1.9215933837890625e+03;1.9215944237226381e+03;1.9215944824218750e+03;1.9215933837890625e+03;1.9215944237226347e+03;1.9215941162109375e+03
1;35000000;1.5392505335634071e+03;1.5392503662109375e+03;1.5392505335634087e+03;1.5392506103515625e+03;1.5392515869140625e+03;1.5392505335634071e+03;1.5392506103515625e+03
2;35000000;1.0637100787651104e+03;1.0637091064453125e+03;1.0637100787651082e+03;1.0637100830078125e+03;1.0637087402343750e+03;1.0637100787651107e+03;1.0637100830078125e+03
3;35000000;-1.1003296654005997e+03;-1.1003297119140625e+03;-1.1003296654005987e+03;-1.1003297119140625e+03;-1.1003288574218750e+03;-1.1003296654005974e+03;-1.1003298339843750e+03
4;35000000;-2.1158134496243328e+01;-2.1157562255859375e+01;-2.1158134496242667e+01;-2.1158252716064453e+01;-2.1159011840820312e+01;-2.1158134496242809e+01;-2.1158081054687500e+01
5;35000000;-1.3150176249312449e+03;-1.3150177001953125e+03;-1.3150176249312440e+03;-1.3150177001953125e+03;-1.3150196533203125e+03;-1.3150176249312442e+03;-1.3150168457031250e+03
6;35000000;-2.1053557912629208e+03;-2.1053557128906250e+03;-2.1053557912629208e+03;-2.1053559570312500e+03;-2.1053552246093750e+03;-2.1053557912629221e+03;-2.1053559570312500e+03
7;35000000;-2.0340550427740241e+03;-2.0340544433593750e+03;-2.0340550427740220e+03;-2.0340550537109375e+03;-2.0340537109375000e+03;-2.0340550427740259e+03;-2.0340554199218750e+03
8;35000000;-4.6987636597189858e+03;-4.6987646484375000e+03;-4.6987636597189894e+03;-4.6987636718750000e+03;-4.6987670898437500e+03;-4.6987636597189821e+03;-4.6987636718750000e+03
9;35000000;-4.0179538572224601e+03;-4.0179470214843750e+03;-4.0179538572224619e+03;-4.0179538574218750e+03;-4.0179467773437500e+03;-4.0179538572224606e+03;-4.0179536132812500e+03
0;37000000;1.3941033425081393e+03;1.3941033935546875e+03;1.3941033425081412e+03;1.3941033935546875e+03;1.3941031494140625e+03;1.3941033425081396e+03;1.3941030273437500e+03
1;37000000;1.6418354770732408e+03;1.6418352050781250e+03;1.6418354770732360e+03;1.6418355712890625e+03;1.6418345947265625e+03;1.6418354770732376e+03;1.6418355712890625e+03
2;37000000;1.2130298639425114e+03;1.2130294189453125e+03;1.2130298639425089e+03;1.2130299072265625e+03;1.2130255126953125e+03;1.2130298639425100e+03;1.2130297851562500e+03
3;37000000;-1.0032587368603997e+03;-1.0032595214843750e+03;-1.0032587368604002e+03;-1.0032587890625000e+03;-1.0032589721679688e+03;-1.0032587368604002e+03;-1.0032589111328125e+03
4;37000000;-5.0897065825122854e+02;-5.0897100830078125e+02;-5.0897065825122797e+02;-5.0897076416015625e+02;-5.0897116088867188e+02;-5.0897065825122888e+02;-5.0897033691406250e+02
5;37000000;-8.8165880428108358e+02;-8.8165820312500000e+02;-8.8165880428108289e+02;-8.8165887451171875e+02;-8.8165875244140625e+02;-8.8165880428108233e+02;-8.8165820312500000e+02
6;37000000;-1.5794980573340169e+03;-1.5794993896484375e+03;-1.5794980573340140e+03;-1.5794981689453125e+03;-1.5794997558593750e+03;-1.5794980573340169e+03;-1.5794974365234375e+03
7;37000000;-2.0979052928714877e+03;-2.0979040527343750e+03;-2.0979052928714846e+03;-2.0979052734375000e+03;-2.0979050292968750e+03;-2.0979052928714837e+03;-2.0979052734375000e+03
8;37000000;-4.5615311751644131e+03;-4.5615341796875000e+03;-4.5615311751644167e+03;-4.5615312500000000e+03;-4.5615351562500000e+03;-4.5615311751644194e+03;-4.5615312500000000e+03
9;37000000;-4.7983606208385536e+03;-4.7983623046875000e+03;-4.7983606208385509e+03;-4.7983608398437500e+03;-4.7983627929687500e+03;-4.7983606208385554e+03;-4.7983608398437500e+03
0;39000000;1.0935840232418338e+03;1.0935836181640625e+03;1.0935840232418359e+03;1.0935841064453125e+03;1.0935836181640625e+03;1.0935840232418352e+03;1.0935836181640625e+03
1;39000000;1.7517825378720781e+03;1.7517822265625000e+03;1.7517825378720788e+03;1.7517825927734375e+03;1.7517830810546875e+03;1.7517825378720777e+03;1.7517824707031250e+03
2;39000000;1.8965184375339320e+03;1.8965169677734375e+03;1.8965184375339304e+03;1.8965184326171875e+03;1.8965163574218750e+03;1.8965184375339340e+03;1.8965185546875000e+03
3;39000000;-1.2495650974973439e+02;-1.2495613861083984e+02;-1.2495650974973623e+02;-1.2495656585693359e+02;-1.2495640563964844e+02;-1.2495650974973682e+02;-1.2495690917968750e+02
4;39000000;-7.8153216632776321e+02;-7.8153216552734375e+02;-7.8153216632776071e+02;-7.8153222656250000e+02;-7.8153094482421875e+02;-7.8153216632776389e+02;-7.8153228759765625e+02
5;39000000;-6.1914438990674626e+02;-6.1914453125000000e+02;-6.1914438990674921e+02;-6.1914447021484375e+02;-6.1914483642578125e+02;-6.1914438990674512e+02;-6.1914398193359375e+02
6;39000000;-1.3706691330890205e+03;-1.3706704101562500e+03;-1.3706691330890178e+03;-1.3706691894531250e+03;-1.3706679687500000e+03;-1.3706691330890199e+03;-1.3706685791015625e+03
7;39000000;-2.6275440075059623e+03;-2.6275454101562500e+03;-2.6275440075059610e+03;-2.6275441894531250e+03;-2.6275454101562500e+03;-2.6275440075059596e+03;-2.6275444335937500e+03
8;39000000;-4.0360626226823356e+03;-4.0360644531250000e+03;-4.0360626226823379e+03;-4.0360627441406250e+03;-4.0360659179687500e+03;-4.0360626226823397e+03;-4.0360625000000000e+03
9;39000000;-4.3454896864989923e+03;-4.3454912109375000e+03;-4.3454896864989923e+03;-4.3454897460937500e+03;-4.3454916992187500e+03;-4.3454896864989933e+03;-4.3454902343750000e+03
0;41000000;1.5847095662472518e+03;1.5847081298828125e+03;1.5847095662472507e+03;1.5847095947265625e+03;1.5847084960937500e+03;1.5847095662472530e+03;1.5847092285156250e+03
1;41000000;1.1695957810240745e+03;1.1695950927734375e+03;1.1695957810240743e+03;1.1695958251953125e+03;1.1695966796875000e+03;1.1695957810240748e+03;1.1695960693359375e+03
2;41000000;2.0565294912475201e+03;2.0565280761718750e+03;2.0565294912475233e+03;2.0565295410156250e+03;2.0565275878906250e+03;2.0565294912475151e+03;2.0565297851562500e+03
3;41000000;3.3343027431969011e+02;3.3343002319335938e+02;3.3343027431968966e+02;3.3343020629882812e+02;3.3342947387695312e+02;3.3343027431969097e+02;3.3343078613281250e+02
4;41000000;-4.0764808024496881e+02;-4.0764855957031250e+02;-4.0764808024497103e+02;-4.0764813232421875e+02;-4.0764923095703125e+02;-4.0764808024496921e+02;-4.0764825439453125e+02
5;41000000;-9.2099414526655482e+02;-9.2099475097656250e+02;-9.2099414526655187e+02;-9.2099420166015625e+02;-9.2099395751953125e+02;-9.2099414526655346e+02;-9.2099322509765625e+02
6;41000000;-1.3255503241326348e+03;-1.3255500488281250e+03;-1.3255503241326298e+03;-1.3255504150390625e+03;-1.3255510253906250e+03;-1.3255503241326319e+03;-1.3255502929687500e+03
7;41000000;-2.2093813163841478e+03;-2.2093833007812500e+03;-2.2093813163841492e+03;-2.2093813476562500e+03;-2.2093850097656250e+03;-2.2093813163841464e+03;-2.2093818359375000e+03
8;41000000;-3.8659581260759182e+03;-3.8659602050781250e+03;-3.8659581260759151e+03;-3.8659582519531250e+03;-3.8659599609375000e+03;-3.8659581260759128e+03;-3.8659580078125000e+03
9;41000000;-4.1101842995878460e+03;-4.1101909179687500e+03;-4.1101842995878442e+03;-4.1101845703125000e+03;-4.1101889648437500e+03;-4.1101842995878505e+03;-4.1101845703125000e+03
0;43000000;1.9727499747837842e+03;1.9727491455078125e+03;1.9727499747837837e+03;1.9727500000000000e+03;1.9727493896484375e+03;1.9727499747837824e+03;1.9727495117187500e+03
1;43000000;1.0855212179461703e+03;1.0855211181640625e+03;1.0855212179461705e+03;1.0855212402343750e+03;1.0855219726562500e+03;1.0855212179461701e+03;1.0855212402343750e+03
2;43000000;1.8338031851154390e+03;1.8338029785156250e+03;1.8338031851154390e+03;1.8338032226562500e+03;1.8338033447265625e+03;1.8338031851154365e+03;1.8338032226562500e+03
3;43000000;7.6782256477328042e+02;7.6782189941406250e+02;7.6782256477328076e+02;7.6782250976562500e+02;7.6782226562500000e+02;7.6782256477328042e+02;7.6782269287109375e+02
4;43000000;6.2906945299401070e+02;6.2906860351562500e+02;6.2906945299400934e+02;6.2906939697265625e+02;6.2906933593750000e+02;6.2906945299400820e+02;6.2906982421875000e+02
5;43000000;-1.4957636276841947e+03;-1.4957636718750000e+03;-1.4957636276841931e+03;-1.4957636718750000e+03;-1.4957642822265625e+03;-1.4957636276841959e+03;-1.4957636718750000e+03
6;43000000;-9.7559213254588917e+02;-9.7559338378906250e+02;-9.7559213254588860e+02;-9.7559222412109375e+02;-9.7559399414062500e+02;-9.7559213254588894e+02;-9.7559082031250000e+02
7;43000000;-2.1912727019965569e+03;-2.1912756347656250e+03;-2.1912727019965546e+03;-2.1912727050781250e+03;-2.1912753906250000e+03;-2.1912727019965569e+03;-2.1912727050781250e+03
8;43000000;-4.3960702090939076e+03;-4.3960708007812500e+03;-4.3960702090939103e+03;-4.3960703125000000e+03;-4.3960756835937500e+03;-4.3960702090939076e+03;-4.3960698242187500e+03
9;43000000;-3.9869805752497236e+03;-3.9869846191406250e+03;-3.9869805752497223e+03;-3.9869807128906250e+03;-3.9869855957031250e+03;-3.9869805752497200e+03;-3.9869809570312500e+03
0;45000000;1.9099076427916314e+03;1.9099084472656250e+03;1.9099076427916325e+03;1.9099077148437500e+03;1.9099069824218750e+03;1.9099076427916316e+03;1.9099074707031250e+03
1;45000000;1.3331938962876266e+03;1.3331943359375000e+03;1.3331938962876275e+03;1.3331939697265625e+03;1.3331928710937500e+03;1.3331938962876243e+03;1.3331931152343750e+03
2;45000000;1.1976065165913119e+03;1.1976070556640625e+03;1.1976065165913164e+03;1.1976065673828125e+03;1.1976057128906250e+03;1.1976065165913144e+03;1.1976064453125000e+03
3;45000000;8.3905836968049880e+02;8.3905871582031250e+02;8.3905836968049971e+02;8.3905834960937500e+02;8.3905926513671875e+02;8.3905836968049891e+02;8.3905889892578125e+02
4;45000000;9.2316493459313881e+02;9.2316424560546875e+02;9.2316493459313870e+02;9.2316485595703125e+02;9.2316607666015625e+02;9.2316493459313813e+02;9.2316516113281250e+02
5;45000000;-8.9498704400891904e+02;-8.9498712158203125e+02;-8.9498704400892370e+02;-8.9498706054687500e+02;-8.9498822021484375e+02;-8.9498704400891961e+02;-8.9498706054687500e+02
6;45000000;-1.2359407294974519e+03;-1.2359399414062500e+03;-1.2359407294974542e+03;-1.2359407958984375e+03;-1.2359411621093750e+03;-1.2359407294974503e+03;-1.2359396972656250e+03
7;45000000;-1.8371497849246141e+03;-1.8371522216796875e+03;-1.8371497849246141e+03;-1.8371499023437500e+03;-1.8371502685546875e+03;-1.8371497849246193e+03;-1.8371500244140625e+03
8;45000000;-3.9352716077141122e+03;-3.9352712402343750e+03;-3.9352716077141149e+03;-3.9352717285156250e+03;-3.9352714843750000e+03;-3.9352716077141090e+03;-3.9352709960937500e+03
9;45000000;-3.6731069855220167e+03;-3.6731093750000000e+03;-3.6731069855220180e+03;-3.6731069335937500e+03;-3.6731062011718750e+03;-3.6731069855220135e+03;-3.6731069335937500e+03
0;47000000;2.3045272242363990e+03;2.3045244140625000e+03;2.3045272242363990e+03;2.3045273437500000e+03;2.3045249023437500e+03;2.3045272242364022e+03;2.3045268554687500e+03
1;47000000;1.6974428731079945e+03;1.6974415283203125e+03;1.6974428731079929e+03;1.6974428710937500e+03;1.6974414062500000e+03;1.6974428731079945e+03;1.6974423828125000e+03
2;47000000;1.3372315798639643e+03;1.3372312011718750e+03;1.3372315798639640e+03;1.3372315673828125e+03;1.3372302246093750e+03;1.3372315798639643e+03;1.3372320556640625e+03
3;47000000;6.2699621274017034e+02;6.2699530029296875e+02;6.2699621274016931e+02;6.2699621582031250e+02;6.2699566650390625e+02;6.2699621274016795e+02;6.2699645996093750e+02
4;47000000;1.3344527258107232e+03;1.3344510498046875e+03;1.3344527258107255e+03;1.3344526367187500e+03;1.3344504394531250e+03;1.3344527258107246e+03;1.3344532470703125e+03
5;47000000;1.9478952776773215e+02;1.9478875732421875e+02;1.9478952776773031e+02;1.9478950500488281e+02;1.9478857421875000e+02;1.9478952776772834e+02;1.9479064941406250e+02
6;47000000;-1.9253239589496363e+03;-1.9253237304687500e+03;-1.9253239589496395e+03;-1.9253239746093750e+03;-1.9253240966796875e+03;-1.9253239589496379e+03;-1.9253227539062500e+03
7;47000000;-1.6468505194619620e+03;-1.6468519287109375e+03;-1.6468505194619640e+03;-1.6468505859375000e+03;-1.6468516845703125e+03;-1.6468505194619638e+03;-1.6468503417968750e+03
8;47000000;-3.9824236073891507e+03;-3.9824245605468750e+03;-3.9824236073891543e+03;-3.9824235839843750e+03;-3.9824252929687500e+03;-3.9824236073891479e+03;-3.9824238281250000e+03
9;47000000;-4.3386130268996749e+03;-4.3386201171875000e+03;-4.3386130268996740e+03;-4.3386132812500000e+03;-4.3386132812500000e+03;-4.3386130268996776e+03;-4.3386137695312500e+03
0;49000000;2.7552792918932764e+03;2.7552770996093750e+03;2.7552792918932801e+03;2.7552792968750000e+03;2.7552780761718750e+03;2.7552792918932764e+03;2.7552797851562500e+03
1;49000000;1.7808024223362081e+03;1.7808013916015625e+03;1.7808024223362072e+03;1.7808024902343750e+03;1.7808013916015625e+03;1.7808024223362072e+03;1.7808016357421875e+03
2;49000000;1.5536675180931804e+03;1.5536629638671875e+03;1.5536675180931827e+03;1.5536676025390625e+03;1.5536641845703125e+03;1.5536675180931802e+03;1.5536674804687500e+03
3;49000000;-7.6189255372390647e+01;-7.6189727783203125e+01;-7.6189255372392594e+01;-7.6189285278320312e+01;-7.6187973022460938e+01;-7.6189255372392154e+01;-7.6188842773437500e+01
4;49000000;1.2194239221965727e+03;1.2194243164062500e+03;1.2194239221965745e+03;1.2194238281250000e+03;1.2194239501953125e+03;1.2194239221965747e+03;1.2194241943359375e+03
5;49000000;5.5164982050340780e+02;5.5164843750000000e+02;5.5164982050341041e+02;5.5164978027343750e+02;5.5164715576171875e+02;5.5164982050340654e+02;5.5165063476562500e+02
6;49000000;-9.3079454236687536e+02;-9.3079370117187500e+02;-9.3079454236687332e+02;-9.3079455566406250e+02;-9.3079321289062500e+02;-9.3079454236687650e+02;-9.3079406738281250e+02
7;49000000;-1.7450184760139425e+03;-1.7450187988281250e+03;-1.7450184760139466e+03;-1.7450185546875000e+03;-1.7450191650390625e+03;-1.7450184760139482e+03;-1.7450181884765625e+03
8;49000000;-3.8756941405189909e+03;-3.8756926269531250e+03;-3.8756941405189909e+03;-3.8756940917968750e+03;-3.8756911621093750e+03;-3.8756941405189991e+03;-3.8756938476562500e+03
9;49000000;-4.1011616237164189e+03;-4.1011655273437500e+03;-4.1011616237164189e+03;-4.1011616210937500e+03;-4.1011674804687500e+03;-4.1011616237164199e+03;-4.1011621093750000e+03
0;51000000;2.2820843692561984e+03;2.2820849609375000e+03;2.2820843692561957e+03;2.2820844726562500e+03;2.2820856933593750e+03;2.2820843692562039e+03;2.2820842285156250e+03
1;51000000;2.1706170834505760e+03;2.1706166992187500e+03;2.1706170834505742e+03;2.1706171875000000e+03;2.1706184082031250e+03;2.1706170834505756e+03;2.1706166992187500e+03
2;51000000;1.5126205155944365e+03;1.5126199951171875e+03;1.5126205155944360e+03;1.5126204833984375e+03;1.5126174316406250e+03;1.5126205155944376e+03;1.5126209716796875e+03
3;51000000;4.2526261516614494e+02;4.2526263427734375e+02;4.2526261516614738e+02;4.2526260375976562e+02;4.2526162719726562e+02;4.2526261516614727e+02;4.2526281738281250e+02
4;51000000;8.2276014523828906e+02;8.2276074218750000e+02;8.2276014523828974e+02;8.2276013183593750e+02;8.2275939941406250e+02;8.2276014523828826e+02;8.2276037597656250e+02
5;51000000;4.7651954118403086e+02;4.7651718139648438e+02;4.7651954118402864e+02;4.7651953125000000e+02;4.7651556396484375e+02;4.7651954118402881e+02;4.7652026367187500e+02
6;51000000;-2.0763461318051688e+02;-2.0763555908203125e+02;-2.0763461318051429e+02;-2.0763464355468750e+02;-2.0763383483886719e+02;-2.0763461318052032e+02;-2.0763391113281250e+02
7;51000000;-2.3094836493742687e+03;-2.3094829101562500e+03;-2.3094836493742746e+03;-2.3094836425781250e+03;-2.3094851074218750e+03;-2.3094836493742737e+03;-2.3094836425781250e+03
8;51000000;-3.5426994788563461e+03;-3.5426977539062500e+03;-3.5426994788563443e+03;-3.5426994628906250e+03;-3.5426999511718750e+03;-3.5426994788563579e+03;-3.5426994628906250e+03
9;51000000;-3.7821776327567341e+03;-3.7821772460937500e+03;-3.7821776327567377e+03;-3.7821777343750000e+03;-3.7821767578125000e+03;-3.7821776327567336e+03;-3.7821779785156250e+03
0;53000000;1.1503555707266089e+03;1.1503548583984375e+03;1.1503555707266034e+03;1.1503557128906250e+03;1.1503562011718750e+03;1.1503555707266073e+03;1.1503548583984375e+03
1;53000000;2.3240157748789334e+03;2.3240156250000000e+03;2.3240157748789343e+03;2.3240158691406250e+03;2.3240168457031250e+03;2.3240157748789329e+03;2.3240158691406250e+03
2;53000000;2.1708507224025520e+03;2.1708486328125000e+03;2.1708507224025534e+03;2.1708508300781250e+03;2.1708481445312500e+03;2.1708507224025543e+03;2.1708505859375000e+03
3;53000000;3.3151124322248813e+02;3.3151095581054688e+02;3.3151124322249228e+02;3.3151119995117188e+02;3.3151055908203125e+02;3.3151124322249126e+02;3.3151116943359375e+02
4;53000000;2.4337706370003045e+02;2.4337471008300781e+02;2.4337706370002945e+02;2.4337702941894531e+02;2.4337625122070312e+02;2.4337706370003207e+02;2.4337756347656250e+02
5;53000000;5.1648462456691152e+02;5.1648297119140625e+02;5.1648462456690947e+02;5.1648461914062500e+02;5.1648480224609375e+02;5.1648462456691277e+02;5.1648486328125000e+02
6;53000000;4.2149140173567093e+02;4.2148822021484375e+02;4.2149140173567105e+02;4.2149139404296875e+02;4.2148953247070312e+02;4.2149140173567343e+02;4.2149243164062500e+02
7;53000000;-1.5929839673636661e+03;-1.5929820556640625e+03;-1.5929839673636673e+03;-1.5929840087890625e+03;-1.5929838867187500e+03;-1.5929839673636686e+03;-1.5929838867187500e+03
8;53000000;-3.7332468489976386e+03;-3.7332458496093750e+03;-3.7332468489976395e+03;-3.7332468261718750e+03;-3.7332468261718750e+03;-3.7332468489976372e+03;-3.7332470703125000e+03
9;53000000;-3.6755772522586999e+03;-3.6755800781250000e+03;-3.6755772522587022e+03;-3.6755773925781250e+03;-3.6755793457031250e+03;-3.6755772522587058e+03;-3.6755771484375000e+03
0;55000000;1.6490378787823357e+02;1.6490246582031250e+02;1.6490378787823198e+02;1.6490386962890625e+02;1.6490319824218750e+02;1.6490378787823448e+02;1.6490353393554688e+02
1;55000000;2.2836807140293963e+03;2.2836811523437500e+03;2.2836807140293990e+03;2.2836809082031250e+03;2.2836796875000000e+03;2.2836807140293968e+03;2.2836804199218750e+03
2;55000000;2.2241913761822639e+03;2.2241909179687500e+03;2.2241913761822657e+03;2.2241914062500000e+03;2.2241899414062500e+03;2.2241913761822680e+03;2.2241916503906250e+03
3;55000000;3.1208691146616661e+02;3.1208666992187500e+02;3.1208691146616752e+02;3.1208688354492188e+02;3.1208630371093750e+02;3.1208691146616843e+02;3.1208642578125000e+02
4;55000000;9.3733075178262072e+02;9.3732958984375000e+02;9.3733075178262243e+02;9.3733074951171875e+02;9.3732971191406250e+02;9.3733075178262015e+02;9.3733105468750000e+02
5;55000000;2.6425402620482095e+02;2.6425558471679688e+02;2.6425402620481998e+02;2.6425402832031250e+02;2.6425344848632812e+02;2.6425402620482089e+02;2.6425488281250000e+02
6;55000000;3.9161049965076069e+02;3.9160888671875000e+02;3.9161049965075813e+02;3.9161050415039062e+02;3.9160705566406250e+02;3.9161049965075517e+02;3.9161059570312500e+02
7;55000000;-7.8968489174293381e+02;-7.8968542480468750e+02;-7.8968489174293336e+02;-7.8968493652343750e+02;-7.8968701171875000e+02;-7.8968489174292881e+02;-7.8968530273437500e+02
8;55000000;-4.1962741831936137e+03;-4.1962729492187500e+03;-4.1962741831936119e+03;-4.1962744140625000e+03;-4.1962724609375000e+03;-4.1962741831936128e+03;-4.1962734375000000e+03
9;55000000;-3.5789399413942142e+03;-3.5789421386718750e+03;-3.5789399413942128e+03;-3.5789399414062500e+03;-3.5789418945312500e+03;-3.5789399413942224e+03;-3.5789401855468750e+03
0;57000000;8.8298557893262887e+02;8.8298553466796875e+02;8.8298557893262785e+02;8.8298565673828125e+02;8.8298486328125000e+02;8.8298557893262773e+02;8.8298553466796875e+02
1;57000000;8.0142994516536100e+02;8.0143096923828125e+02;8.0142994516536044e+02;8.0143005371093750e+02;8.0143029785156250e+02;8.0142994516536032e+02;8.0142956542968750e+02
2;57000000;2.4973559993592321e+03;2.4973562011718750e+03;2.4973559993592294e+03;2.4973559570312500e+03;2.4973559570312500e+03;2.4973559993592362e+03;2.4973566894531250e+03
3;57000000;1.0574823336488287e+03;1.0574807128906250e+03;1.0574823336488255e+03;1.0574822998046875e+03;1.0574809570312500e+03;1.0574823336488275e+03;1.0574826660156250e+03
4;57000000;7.6090388299961194e+02;7.6090441894531250e+02;7.6090388299961319e+02;7.6090386962890625e+02;7.6090417480468750e+02;7.6090388299961353e+02;7.6090466308593750e+02
5;57000000;-6.8787108291750343e+01;-6.8787406921386719e+01;-6.8787108291753029e+01;-6.8787109375000000e+01;-6.8789215087890625e+01;-6.8787108291752702e+01;-6.8786376953125000e+01
6;57000000;3.6048659875285671e+02;3.6048559570312500e+02;3.6048659875285415e+02;3.6048660278320312e+02;3.6048446655273438e+02;3.6048659875285216e+02;3.6048712158203125e+02
7;57000000;-4.1194225443795284e+02;-4.1194241333007812e+02;-4.1194225443795301e+02;-4.1194226074218750e+02;-4.1194335937500000e+02;-4.1194225443795494e+02;-4.1194210815429688e+02
8;57000000;-3.6097774783984892e+03;-3.6097773437500000e+03;-3.6097774783984896e+03;-3.6097775878906250e+03;-3.6097778320312500e+03;-3.6097774783984964e+03;-3.6097775878906250e+03
9;57000000;-3.7092439611726068e+03;-3.7092424316406250e+03;-3.7092439611726063e+03;-3.7092438964843750e+03;-3.7092416992187500e+03;-3.7092439611726077e+03;-3.7092441406250000e+03
0;59000000;3.0903211383471597e+02;3.0903268432617188e+02;3.0903211383471989e+02;3.0903219604492188e+02;3.0903225708007812e+02;3.0903211383471626e+02;3.0903210449218750e+02
1;59000000;2.3483175799284271e+02;2.3483157348632812e+02;2.3483175799283975e+02;2.3483183288574219e+02;2.3483230590820312e+02;2.3483175799284038e+02;2.3483145141601562e+02
2;59000000;2.0510933746315086e+03;2.0510944824218750e+03;2.0510933746315141e+03;2.0510935058593750e+03;2.0510944824218750e+03;2.0510933746315113e+03;2.0510942382812500e+03
3;59000000;1.2880734119148403e+03;1.2880734863281250e+03;1.2880734119148376e+03;1.2880733642578125e+03;1.2880745849609375e+03;1.2880734119148378e+03;1.2880737304687500e+03
4;59000000;7.6981668147660594e+02;7.6981671142578125e+02;7.6981668147660764e+02;7.6981665039062500e+02;7.6981756591796875e+02;7.6981668147660776e+02;7.6981719970703125e+02
5;59000000;3.1711838348230123e+02;3.1712197875976562e+02;3.1711838348230287e+02;3.1711837768554688e+02;3.1712088012695312e+02;3.1711838348230128e+02;3.1711926269531250e+02
6;59000000;-4.5433023371966939e+01;-4.5434391021728516e+01;-4.5433023371961085e+01;-4.5433025360107422e+01;-4.5435497283935547e+01;-4.5433023371963600e+01;-4.5432373046875000e+01
7;59000000;-2.1233598916015319e+02;-2.1233596801757812e+02;-2.1233598916015771e+02;-2.1233598327636719e+02;-2.1233720397949219e+02;-2.1233598916015967e+02;-2.1233590698242188e+02
8;59000000;-2.3549592340636927e+03;-2.3549592285156250e+03;-2.3549592340636923e+03;-2.3549592285156250e+03;-2.3549592285156250e+03;-2.3549592340636900e+03;-2.3549592285156250e+03
9;59000000;-4.0187416881742620e+03;-4.0187402343750000e+03;-4.0187416881742638e+03;-4.0187416992187500e+03;-4.0187421875000000e+03;-4.0187416881742624e+03;-4.0187414550781250e+03
0;61000000;-1.8138739227812334e+02;-1.8138732910156250e+02;-1.8138739227811942e+02;-1.8138729858398438e+02;-1.8138848876953125e+02;-1.8138739227812039e+02;-1.8138781738281250e+02
1;61000000;7.6831344081363011e+02;7.6831250000000000e+02;7.6831344081362818e+02;7.6831353759765625e+02;7.6831390380859375e+02;7.6831344081362829e+02;7.6831323242187500e+02
2;61000000;7.4725284367100858e+02;7.4725244140625000e+02;7.4725284367100801e+02;7.4725292968750000e+02;7.4725256347656250e+02;7.4725284367101040e+02;7.4725244140625000e+02
3;61000000;1.5463565496554506e+03;1.5463546142578125e+03;1.5463565496554547e+03;1.5463565673828125e+03;1.5463551025390625e+03;1.5463565496554511e+03;1.5463569335937500e+03
4;61000000;1.6608117349614795e+03;1.6608110351562500e+03;1.6608117349614804e+03;1.6608117675781250e+03;1.6608088378906250e+03;1.6608117349614772e+03;1.6608128662109375e+03
5;61000000;2.7930612181690151e+02;2.7930657958984375e+02;2.7930612181690287e+02;2.7930612182617188e+02;2.7930743408203125e+02;2.7930612181690265e+02;2.7930725097656250e+02
6;61000000;-6.0224163962435625e+02;-6.0224047851562500e+02;-6.0224163962435114e+02;-6.0224163818359375e+02;-6.0224237060546875e+02;-6.0224163962435568e+02;-6.0224011230468750e+02
7;61000000;-4.8584261132965980e+02;-4.8584173583984375e+02;-4.8584261132966105e+02;-4.8584262084960938e+02;-4.8584249877929688e+02;-4.8584261132966367e+02;-4.8584283447265625e+02
8;61000000;-2.2375836633929284e+03;-2.2375866699218750e+03;-2.2375836633929289e+03;-2.2375837402343750e+03;-2.2375856933593750e+03;-2.2375836633929257e+03;-2.2375830078125000e+03
9;61000000;-3.0807728848275547e+03;-3.0807707519531250e+03;-3.0807728848275528e+03;-3.0807729492187500e+03;-3.0807697753906250e+03;-3.0807728848275565e+03;-3.0807729492187500e+03
0;63000000;-9.0380189609643708e+02;-9.0380206298828125e+02;-9.0380189609643742e+02;-9.0380181884765625e+02;-9.0380541992187500e+02;-9.0380189609643480e+02;-9.0380126953125000e+02
1;63000000;1.0936867252310140e+02;1.0936912536621094e+02;1.0936867252310132e+02;1.0936874389648438e+02;1.0936930084228516e+02;1.0936867252310128e+02;1.0936795043945312e+02
2;63000000;2.9204803559037077e+02;2.9204772949218750e+02;2.9204803559037299e+02;2.9204809570312500e+02;2.9204739379882812e+02;2.9204803559037032e+02;2.9204833984375000e+02
3;63000000;7.4925639928317673e+02;7.4925805664062500e+02;7.4925639928317980e+02;7.4925640869140625e+02;7.4925482177734375e+02;7.4925639928317787e+02;7.4925720214843750e+02
4;63000000;1.6731995172820600e+03;1.6731986083984375e+03;1.6731995172820564e+03;1.6731994628906250e+03;1.6731997070312500e+03;1.6731995172820580e+03;1.6732001953125000e+03
5;63000000;6.8594859310656261e+02;6.8594793701171875e+02;6.8594859310656284e+02;6.8594860839843750e+02;6.8594976806640625e+02;6.8594859310656784e+02;6.8594934082031250e+02
6;63000000;-3.3051230259176904e+01;-3.3051193237304688e+01;-3.3051230259176776e+01;-3.3051227569580078e+01;-3.3051132202148438e+01;-3.3051230259176236e+01;-3.3050476074218750e+01
7;63000000;-7.0652634395221617e+02;-7.0652618408203125e+02;-7.0652634395221378e+02;-7.0652630615234375e+02;-7.0652703857421875e+02;-7.0652634395221378e+02;-7.0652612304687500e+02
8;63000000;-2.0919975538859917e+03;-2.0919978027343750e+03;-2.0919975538859926e+03;-2.0919975585937500e+03;-2.0919985351562500e+03;-2.0919975538859931e+03;-2.0919980468750000e+03
9;63000000;-2.4553534249487693e+03;-2.4553474121093750e+03;-2.4553534249487720e+03;-2.4553535156250000e+03;-2.4553479003906250e+03;-2.4553534249487730e+03;-2.4553535156250000e+03
0;65000000;-1.7357291532248146e+03;-1.7357307128906250e+03;-1.7357291532248137e+03;-1.7357291259765625e+03;-1.7357286376953125e+03;-1.7357291532248121e+03;-1.7357285156250000e+03
1;65000000;-3.5704961922913532e+02;-3.5705001831054688e+02;-3.5704961922913390e+02;-3.5704953002929688e+02;-3.5705123901367188e+02;-3.5704961922913571e+02;-3.5704974365234375e+02
2;65000000;1.0064543867735059e+03;1.0064549560546875e+03;1.0064543867735039e+03;1.0064544677734375e+03;1.0064550781250000e+03;1.0064543867735038e+03;1.0064549560546875e+03
3;65000000;-4.6180187744553069e+02;-4.6180139160156250e+02;-4.6180187744552933e+02;-4.6180187988281250e+02;-4.6180233764648438e+02;-4.6180187744553132e+02;-4.6180215454101562e+02
4;65000000;1.9860290486899883e+03;1.9860319824218750e+03;1.9860290486899898e+03;1.9860290527343750e+03;1.9860323486328125e+03;1.9860290486899903e+03;1.9860301513671875e+03
5;65000000;9.7052108582124742e+02;9.7052178955078125e+02;9.7052108582124208e+02;9.7052111816406250e+02;9.7052191162109375e+02;9.7052108582125072e+02;9.7052197265625000e+02
6;65000000;1.3885939347371252e+02;1.3886013793945312e+02;1.3885939347371371e+02;1.3885939025878906e+02;1.3885902404785156e+02;1.3885939347371368e+02;1.3886059570312500e+02
7;65000000;-1.3404380311212824e+03;-1.3404387207031250e+03;-1.3404380311212783e+03;-1.3404379882812500e+03;-1.3404394531250000e+03;-1.3404380311212790e+03;-1.3404381103515625e+03
8;65000000;-2.0582810532970775e+03;-2.0582778320312500e+03;-2.0582810532970725e+03;-2.0582810058593750e+03;-2.0582814941406250e+03;-2.0582810532970757e+03;-2.0582812500000000e+03
9;65000000;-2.1971354635207886e+03;-2.1971381835937500e+03;-2.1971354635207858e+03;-2.1971354980468750e+03;-2.1971381835937500e+03;-2.1971354635207840e+03;-2.1971347656250000e+03
0;67000000;-2.0499477601512026e+03;-2.0499497070312500e+03;-2.0499477601511999e+03;-2.0499477539062500e+03;-2.0499489746093750e+03;-2.0499477601512021e+03;-2.0499482421875000e+03
1;67000000;-1.2683852893756023e+03;-1.2683865966796875e+03;-1.2683852893756111e+03;-1.2683852539062500e+03;-1.2683873291015625e+03;-1.2683852893756136e+03;-1.2683854980468750e+03
2;67000000;-1.7569018415981802e+02;-1.7568862915039062e+02;-1.7569018415981793e+02;-1.7569013977050781e+02;-1.7568948364257812e+02;-1.7569018415981691e+02;-1.7568933105468750e+02
3;67000000;-5.1963836284090814e+02;-5.1963897705078125e+02;-5.1963836284090712e+02;-5.1963836669921875e+02;-5.1963922119140625e+02;-5.1963836284090803e+02;-5.1963818359375000e+02
4;67000000;1.1461326143330550e+03;1.1461323242187500e+03;1.1461326143330530e+03;1.1461325683593750e+03;1.1461336669921875e+03;1.1461326143330573e+03;1.1461333007812500e+03
5;67000000;1.2102902303948458e+03;1.2102902832031250e+03;1.2102902303948422e+03;1.2102902832031250e+03;1.2102907714843750e+03;1.2102902303948463e+03;1.2102907714843750e+03
6;67000000;3.2037694787163218e+02;3.2037585449218750e+02;3.2037694787163292e+02;3.2037695312500000e+02;3.2037792968750000e+02;3.2037694787163309e+02;3.2037768554687500e+02
7;67000000;-5.4303308065446163e+02;-5.4303179931640625e+02;-5.4303308065447015e+02;-5.4303308105468750e+02;-5.4303137207031250e+02;-5.4303308065446390e+02;-5.4303295898437500e+02
8;67000000;-2.7549892922132494e+03;-2.7549890136718750e+03;-2.7549892922132490e+03;-2.7549892578125000e+03;-2.7549873046875000e+03;-2.7549892922132490e+03;-2.7549895019531250e+03
9;67000000;-2.0656931334346400e+03;-2.0656948242187500e+03;-2.0656931334346377e+03;-2.0656931152343750e+03;-2.0656958007812500e+03;-2.0656931334346409e+03;-2.0656926269531250e+03
0;69000000;-1.6433519447450517e+03;-1.6433544921875000e+03;-1.6433519447450506e+03;-1.6433519287109375e+03;-1.6433537597656250e+03;-1.6433519447450512e+03;-1.6433522949218750e+03
1;69000000;-1.8959932649498946e+03;-1.8959923095703125e+03;-1.8959932649498930e+03;-1.8959931640625000e+03;-1.8959914550781250e+03;-1.8959932649498953e+03;-1.8959934082031250e+03
2;69000000;-4.7359327755667584e+02;-4.7359375000000000e+02;-4.7359327755667454e+02;-4.7359323120117188e+02;-4.7359289550781250e+02;-4.7359327755667664e+02;-4.7359375000000000e+02
3;69000000;-1.3097166033919953e+02;-1.3097259521484375e+02;-1.3097166033919754e+02;-1.3097166442871094e+02;-1.3097198486328125e+02;-1.3097166033919848e+02;-1.3097195434570312e+02
4;69000000;4.0811038945336229e+01;4.0810958862304688e+01;4.0811038945336094e+01;4.0811019897460938e+01;4.0810699462890625e+01;4.0811038945335667e+01;4.0812133789062500e+01
5;69000000;1.3332081125063094e+03;1.3332081298828125e+03;1.3332081125063055e+03;1.3332081298828125e+03;1.3332075195312500e+03;1.3332081125063078e+03;1.3332082519531250e+03
6;69000000;7.0041352364013062e+02;7.0041253662109375e+02;7.0041352364012846e+02;7.0041351318359375e+02;7.0041485595703125e+02;7.0041352364013073e+02;7.0041418457031250e+02
7;69000000;-4.0952991818398147e+02;-4.0952899169921875e+02;-4.0952991818398351e+02;-4.0952990722656250e+02;-4.0953015136718750e+02;-4.0952991818398374e+02;-4.0953088378906250e+02
8;69000000;-2.9832923058935089e+03;-2.9832929687500000e+03;-2.9832923058935130e+03;-2.9832922363281250e+03;-2.9832922363281250e+03;-2.9832923058935112e+03;-2.9832924804687500e+03
9;69000000;-2.0224909111089353e+03;-2.0224896240234375e+03;-2.0224909111089335e+03;-2.0224908447265625e+03;-2.0224919433593750e+03;-2.0224909111089385e+03;-2.0224910888671875e+03
0;71000000;-1.2803163860991515e+03;-1.2803135986328125e+03;-1.2803163860991567e+03;-1.2803164062500000e+03;-1.2803145751953125e+03;-1.2803163860991531e+03;-1.2803166503906250e+03
1;71000000;-2.2333958442965891e+03;-2.2333959960937500e+03;-2.2333958442965918e+03;-2.2333957519531250e+03;-2.2333952636718750e+03;-2.2333958442965818e+03;-2.2333959960937500e+03
2;71000000;-1.3940203286625735e+03;-1.3940217285156250e+03;-1.3940203286625715e+03;-1.3940202636718750e+03;-1.3940212402343750e+03;-1.3940203286625740e+03;-1.3940200195312500e+03
3;71000000;-1.0599300377134850e+03;-1.0599294433593750e+03;-1.0599300377134871e+03;-1.0599300537109375e+03;-1.0599310302734375e+03;-1.0599300377134869e+03;-1.0599302978515625e+03
4;71000000;1.0120966885599465e+01;1.0122528076171875e+01;1.0120966885600950e+01;1.0120964050292969e+01;1.0120933532714844e+01;1.0120966885598705e+01;1.0121459960937500e+01
5;71000000;3.4217493874082919e+02;3.4217709350585938e+02;3.4217493874083283e+02;3.4217495727539062e+02;3.4217523193359375e+02;3.4217493874083027e+02;3.4217620849609375e+02
6;71000000;8.2639953767484576e+02;8.2639959716796875e+02;8.2639953767484769e+02;8.2639953613281250e+02;8.2639849853515625e+02;8.2639953767485008e+02;8.2639953613281250e+02
7;71000000;-3.3887117226464682e+02;-3.3887197875976562e+02;-3.3887117226464630e+02;-3.3887115478515625e+02;-3.3887213134765625e+02;-3.3887117226464682e+02;-3.3887176513671875e+02
8;71000000;-2.4484550821978564e+03;-2.4484536132812500e+03;-2.4484550821978578e+03;-2.4484550781250000e+03;-2.4484536132812500e+03;-2.4484550821978596e+03;-2.4484555664062500e+03
9;71000000;-2.6666895195910911e+03;-2.6666882324218750e+03;-2.6666895195910897e+03;-2.6666894531250000e+03;-2.6666879882812500e+03;-2.6666895195910884e+03;-2.6666899414062500e+03
0;73000000;-9.0186217519454715e+02;-9.0186218261718750e+02;-9.0186217519454840e+02;-9.0186218261718750e+02;-9.0186071777343750e+02;-9.0186217519454374e+02;-9.0186181640625000e+02
1;73000000;-1.6395560054295524e+03;-1.6395561523437500e+03;-1.6395560054295483e+03;-1.6395560302734375e+03;-1.6395544433593750e+03;-1.6395560054295524e+03;-1.6395563964843750e+03
2;73000000;-1.8950535011605109e+03;-1.8950549316406250e+03;-1.8950535011605141e+03;-1.8950534667968750e+03;-1.8950539550781250e+03;-1.8950535011605107e+03;-1.8950528564453125e+03
3;73000000;-1.4956599625465099e+03;-1.4956591796875000e+03;-1.4956599625465051e+03;-1.4956600341796875e+03;-1.4956579589843750e+03;-1.4956599625465074e+03;-1.4956596679687500e+03
4;73000000;7.4311186464467568e+01;7.4311904907226562e+01;7.4311186464467170e+01;7.4311172485351562e+01;7.4313011169433594e+01;7.4311186464467994e+01;7.4311645507812500e+01
5;73000000;-6.0255906355785385e+02;-6.0256121826171875e+02;-6.0255906355785316e+02;-6.0255908203125000e+02;-6.0255957031250000e+02;-6.0255906355785214e+02;-6.0255853271484375e+02
6;73000000;7.7510645309717950e+02;7.7510705566406250e+02;7.7510645309717847e+02;7.7510650634765625e+02;7.7510723876953125e+02;7.7510645309718052e+02;7.7510705566406250e+02
7;73000000;6.6955974840757150e+01;6.6955291748046875e+01;6.6955974840758145e+01;6.6956001281738281e+01;6.6957946777343750e+01;6.6955974840756312e+01;6.6955505371093750e+01
8;73000000;-2.1368764689751110e+03;-2.1368742675781250e+03;-2.1368764689751101e+03;-2.1368764648437500e+03;-2.1368737792968750e+03;-2.1368764689751160e+03;-2.1368771972656250e+03
9;73000000;-2.7510009223995630e+03;-2.7510000000000000e+03;-2.7510009223995630e+03;-2.7510009765625000e+03;-2.7509990234375000e+03;-2.7510009223995603e+03;-2.7510009765625000e+03
0;75000000;-1.2218627850192556e+03;-1.2218625488281250e+03;-1.2218627850192538e+03;-1.2218627929687500e+03;-1.2218620605468750e+03;-1.2218627850192529e+03;-1.2218635253906250e+03
1;75000000;-1.5194129612091203e+03;-1.5194119873046875e+03;-1.5194129612091201e+03;-1.5194129638671875e+03;-1.5194140625000000e+03;-1.5194129612091217e+03;-1.5194135742187500e+03
2;75000000;-1.9767014304605896e+03;-1.9766982421875000e+03;-1.9767014304605893e+03;-1.9767014160156250e+03;-1.9766973876953125e+03;-1.9767014304605891e+03;-1.9767014160156250e+03
3;75000000;-2.5280449339137658e+03;-2.5280471191406250e+03;-2.5280449339137658e+03;-2.5280449218750000e+03;-2.5280456542968750e+03;-2.5280449339137654e+03;-2.5280439453125000e+03
4;75000000;-4.5868316723266997e+02;-4.5868426513671875e+02;-4.5868316723266850e+02;-4.5868319702148438e+02;-4.5868234252929688e+02;-4.5868316723267083e+02;-4.5868286132812500e+02
5;75000000;-5.6414440710654628e+02;-5.6414495849609375e+02;-5.6414440710654560e+02;-5.6414434814453125e+02;-5.6414379882812500e+02;-5.6414440710654446e+02;-5.6414355468750000e+02
6;75000000;-2.8357227241467837e+02;-2.8357302856445312e+02;-2.8357227241468115e+02;-2.8357223510742188e+02;-2.8357144165039062e+02;-2.8357227241468286e+02;-2.8357165527343750e+02
7;75000000;3.9272940771768651e+02;3.9272970581054688e+02;3.9272940771768430e+02;3.9272943115234375e+02;3.9272988891601562e+02;3.9272940771767639e+02;3.9272882080078125e+02
8;75000000;-2.1869733774974438e+03;-2.1869738769531250e+03;-2.1869733774974466e+03;-2.1869733886718750e+03;-2.1869753417968750e+03;-2.1869733774974502e+03;-2.1869736328125000e+03
9;75000000;-2.3449472561183416e+03;-2.3449487304687500e+03;-2.3449472561183461e+03;-2.3449472656250000e+03;-2.3449467773437500e+03;-2.3449472561183493e+03;-2.3449477539062500e+03
0;77000000;-1.2044567465760904e+03;-1.2044578857421875e+03;-1.2044567465760847e+03;-1.2044566650390625e+03;-1.2044554443359375e+03;-1.2044567465760824e+03;-1.2044570312500000e+03
1;77000000;-1.3520745360057031e+03;-1.3520762939453125e+03;-1.3520745360056987e+03;-1.3520745849609375e+03;-1.3520766601562500e+03;-1.3520745360057053e+03;-1.3520754394531250e+03
2;77000000;-1.3692034709921234e+03;-1.3692031250000000e+03;-1.3692034709921209e+03;-1.3692034912109375e+03;-1.3692038574218750e+03;-1.3692034709921229e+03;-1.3692036132812500e+03
3;77000000;-2.8321754115873241e+03;-2.8321782226562500e+03;-2.8321754115873214e+03;-2.8321755371093750e+03;-2.8321796875000000e+03;-2.8321754115873223e+03;-2.8321743164062500e+03
4;77000000;-1.3850428742229869e+03;-1.3850429687500000e+03;-1.3850428742229842e+03;-1.3850428466796875e+03;-1.3850427246093750e+03;-1.3850428742229888e+03;-1.3850424804687500e+03
5;77000000;-5.8086254155496533e+02;-5.8086187744140625e+02;-5.8086254155496522e+02;-5.8086248779296875e+02;-5.8086016845703125e+02;-5.8086254155496476e+02;-5.8086199951171875e+02
6;77000000;-1.0627962562573316e+03;-1.0627974853515625e+03;-1.0627962562573273e+03;-1.0627962646484375e+03;-1.0627974853515625e+03;-1.0627962562573314e+03;-1.0627958984375000e+03
7;77000000;3.8171336193907848e+02;3.8171084594726562e+02;3.8171336193907950e+02;3.8171340942382812e+02;3.8171118164062500e+02;3.8171336193907564e+02;3.8171319580078125e+02
8;77000000;-1.9001819382017920e+03;-1.9001829833984375e+03;-1.9001819382017932e+03;-1.9001818847656250e+03;-1.9001824951171875e+03;-1.9001819382017902e+03;-1.9001818847656250e+03
9;77000000;-2.2684812926234385e+03;-2.2684797363281250e+03;-2.2684812926234385e+03;-2.2684812011718750e+03;-2.2684807128906250e+03;-2.2684812926234417e+03;-2.2684814453125000e+03
0;79000000;-9.3391199253207606e+02;-9.3391137695312500e+02;-9.3391199253207594e+02;-9.3391198730468750e+02;-9.3391168212890625e+02;-9.3391199253207765e+02;-9.3391278076171875e+02
1;79000000;-1.4333299672064013e+03;-1.4333286132812500e+03;-1.4333299672063997e+03;-1.4333299560546875e+03;-1.4333292236328125e+03;-1.4333299672064004e+03;-1.4333303222656250e+03
2;79000000;-1.3585015151759212e+03;-1.3584990234375000e+03;-1.3585015151759208e+03;-1.3585015869140625e+03;-1.3584998779296875e+03;-1.3585015151759235e+03;-1.3585009765625000e+03
3;79000000;-3.2943093532683283e+03;-3.2943100585937500e+03;-3.2943093532683306e+03;-3.2943093261718750e+03;-3.2943103027343750e+03;-3.2943093532683351e+03;-3.2943090820312500e+03
4;79000000;-1.9025951682648858e+03;-1.9025948486328125e+03;-1.9025951682648811e+03;-1.9025952148437500e+03;-1.9025921630859375e+03;-1.9025951682648856e+03;-1.9025944824218750e+03
5;79000000;-1.2308703662305982e+03;-1.2308688964843750e+03;-1.2308703662305966e+03;-1.2308703613281250e+03;-1.2308702392578125e+03;-1.2308703662306002e+03;-1.2308696289062500e+03
6;79000000;-8.0342598926093001e+02;-8.0342535400390625e+02;-8.0342598926093262e+02;-8.0342596435546875e+02;-8.0342480468750000e+02;-8.0342598926093410e+02;-8.0342620849609375e+02
7;79000000;-9.9904711919255635e+02;-9.9904559326171875e+02;-9.9904711919255953e+02;-9.9904705810546875e+02;-9.9904760742187500e+02;-9.9904711919255976e+02;-9.9904711914062500e+02
8;79000000;-1.3365983348755753e+03;-1.3365983886718750e+03;-1.3365983348755765e+03;-1.3365982666015625e+03;-1.3365983886718750e+03;-1.3365983348755722e+03;-1.3365993652343750e+03
9;79000000;-1.9725309957422701e+03;-1.9725314941406250e+03;-1.9725309957422667e+03;-1.9725310058593750e+03;-1.9725328369140625e+03;-1.9725309957422724e+03;-1.9725310058593750e+03
0;81000000;-1.7475392373840971e+03;-1.7475374755859375e+03;-1.7475392373840934e+03;-1.7475391845703125e+03;-1.7475357666015625e+03;-1.7475392373840991e+03;-1.7475393066406250e+03
1;81000000;-1.3805430219933203e+03;-1.3805427246093750e+03;-1.3805430219933216e+03;-1.3805429687500000e+03;-1.3805419921875000e+03;-1.3805430219933228e+03;-1.3805439453125000e+03
2;81000000;-1.5357800000017830e+03;-1.5357781982421875e+03;-1.5357800000017828e+03;-1.5357800292968750e+03;-1.5357794189453125e+03;-1.5357800000017844e+03;-1.5357800292968750e+03
3;81000000;-2.1494233248764954e+03;-2.1494250488281250e+03;-2.1494233248764990e+03;-2.1494233398437500e+03;-2.1494235839843750e+03;-2.1494233248764976e+03;-2.1494235839843750e+03
4;81000000;-2.5465504562855563e+03;-2.5465512695312500e+03;-2.5465504562855522e+03;-2.5465505371093750e+03;-2.5465505371093750e+03;-2.5465504562855622e+03;-2.5465500488281250e+03
5;81000000;-2.2009326757345575e+03;-2.2009357910156250e+03;-2.2009326757345589e+03;-2.2009326171875000e+03;-2.2009372558593750e+03;-2.2009326757345634e+03;-2.2009316406250000e+03
6;81000000;-9.9275317519716134e+02;-9.9275427246093750e+02;-9.9275317519716418e+02;-9.9275317382812500e+02;-9.9275299072265625e+02;-9.9275317519716327e+02;-9.9275183105468750e+02
7;81000000;-1.8297806927487404e+03;-1.8297813720703125e+03;-1.8297806927487400e+03;-1.8297806396484375e+03;-1.8297813720703125e+03;-1.8297806927487366e+03;-1.8297808837890625e+03
8;81000000;-1.6862668230294862e+03;-1.6862661132812500e+03;-1.6862668230294889e+03;-1.6862667236328125e+03;-1.6862659912109375e+03;-1.6862668230294828e+03;-1.6862677001953125e+03
9;81000000;-1.6409359805225201e+03;-1.6409361572265625e+03;-1.6409359805225176e+03;-1.6409359130859375e+03;-1.6409392089843750e+03;-1.6409359805225181e+03;-1.6409360351562500e+03
0;83000000;-1.7251306119893964e+03;-1.7251311035156250e+03;-1.7251306119893941e+03;-1.7251306152343750e+03;-1.7251309814453125e+03;-1.7251306119893936e+03;-1.7251306152343750e+03
1;83000000;-1.0482470136464055e+03;-1.0482487792968750e+03;-1.0482470136464096e+03;-1.0482469482421875e+03;-1.0482476806640625e+03;-1.0482470136464055e+03;-1.0482478027343750e+03
2;83000000;-1.2892961657447954e+03;-1.2892983398437500e+03;-1.2892961657447986e+03;-1.2892961425781250e+03;-1.2892976074218750e+03;-1.2892961657448009e+03;-1.2892966308593750e+03
3;83000000;-2.2498829286713972e+03;-2.2498806152343750e+03;-2.2498829286714031e+03;-2.2498830566406250e+03;-2.2498815917968750e+03;-2.2498829286714063e+03;-2.2498828125000000e+03
4;83000000;-2.7677740503233340e+03;-2.7677744140625000e+03;-2.7677740503233285e+03;-2.7677741699218750e+03;-2.7677749023437500e+03;-2.7677740503233317e+03;-2.7677736816406250e+03
5;83000000;-2.7819935956886511e+03;-2.7819946289062500e+03;-2.7819935956886502e+03;-2.7819936523437500e+03;-2.7819924316406250e+03;-2.7819935956886502e+03;-2.7819924316406250e+03
6;83000000;-1.8587623853373409e+03;-1.8587630615234375e+03;-1.8587623853373352e+03;-1.8587623291015625e+03;-1.8587641601562500e+03;-1.8587623853373370e+03;-1.8587612304687500e+03
7;83000000;-1.3425365491383952e+03;-1.3425347900390625e+03;-1.3425365491383955e+03;-1.3425364990234375e+03;-1.3425360107421875e+03;-1.3425365491383930e+03;-1.3425366210937500e+03
8;83000000;-2.9925066637693149e+03;-2.9925078125000000e+03;-2.9925066637693139e+03;-2.9925065917968750e+03;-2.9925085449218750e+03;-2.9925066637693130e+03;-2.9925075683593750e+03
9;83000000;-1.3930460905371085e+03;-1.3930462646484375e+03;-1.3930460905371081e+03;-1.3930460205078125e+03;-1.3930467529296875e+03;-1.3930460905371115e+03;-1.3930468750000000e+03
0;85000000;-2.4421584490302071e+03;-2.4421582031250000e+03;-2.4421584490302043e+03;-2.4421584472656250e+03;-2.4421577148437500e+03;-2.4421584490302084e+03;-2.4421589355468750e+03
1;85000000;-1.9533595498023365e+03;-1.9533608398437500e+03;-1.9533595498023333e+03;-1.9533594970703125e+03;-1.9533645019531250e+03;-1.9533595498023330e+03;-1.9533602294921875e+03
2;85000000;-1.3371513031896541e+03;-1.3371523437500000e+03;-1.3371513031896507e+03;-1.3371513671875000e+03;-1.3371536865234375e+03;-1.3371513031896527e+03;-1.3371512451171875e+03
3;85000000;-2.2939447362205624e+03;-2.2939440917968750e+03;-2.2939447362205642e+03;-2.2939448242187500e+03;-2.2939423828125000e+03;-2.2939447362205656e+03;-2.2939455566406250e+03
4;85000000;-1.8992443415731148e+03;-1.8992415771484375e+03;-1.8992443415731113e+03;-1.8992443847656250e+03;-1.8992418212890625e+03;-1.8992443415731173e+03;-1.8992438964843750e+03
5;85000000;-3.0987234848118510e+03;-3.0987243652343750e+03;-3.0987234848118492e+03;-3.0987233886718750e+03;-3.0987253417968750e+03;-3.0987234848118474e+03;-3.0987236328125000e+03
6;85000000;-2.4455555503592263e+03;-2.4455500488281250e+03;-2.4455555503592259e+03;-2.4455554199218750e+03;-2.4455522460937500e+03;-2.4455555503592241e+03;-2.4455556640625000e+03
7;85000000;-1.8637921534313102e+03;-1.8637930908203125e+03;-1.8637921534313032e+03;-1.8637921142578125e+03;-1.8637927246093750e+03;-1.8637921534313045e+03;-1.8637933349609375e+03
8;85000000;-3.8452228679398859e+03;-3.8452255859375000e+03;-3.8452228679398895e+03;-3.8452229003906250e+03;-3.8452277832031250e+03;-3.8452228679398868e+03;-3.8452236328125000e+03
9;85000000;-1.6351235638338796e+03;-1.6351234130859375e+03;-1.6351235638338760e+03;-1.6351235351562500e+03;-1.6351263427734375e+03;-1.6351235638338831e+03;-1.6351235351562500e+03
0;87000000;-1.8871226985299468e+03;-1.8871268310546875e+03;-1.8871226985299475e+03;-1.8871226806640625e+03;-1.8871253662109375e+03;-1.8871226985299381e+03;-1.8871230468750000e+03
1;87000000;-1.9269026730771377e+03;-1.9269040527343750e+03;-1.9269026730771434e+03;-1.9269027099609375e+03;-1.9269046630859375e+03;-1.9269026730771452e+03;-1.9269033203125000e+03
2;87000000;-1.0390894287428814e+03;-1.0390864257812500e+03;-1.0390894287428782e+03;-1.0390894775390625e+03;-1.0390859375000000e+03;-1.0390894287428819e+03;-1.0390897216796875e+03
3;87000000;-2.2533483596728524e+03;-2.2533537597656250e+03;-2.2533483596728524e+03;-2.2533483886718750e+03;-2.2533537597656250e+03;-2.2533483596728511e+03;-2.2533486328125000e+03
4;87000000;-1.8850934457570859e+03;-1.8850919189453125e+03;-1.8850934457570841e+03;-1.8850935058593750e+03;-1.8850910644531250e+03;-1.8850934457570859e+03;-1.8850935058593750e+03
5;87000000;-3.3245555135103032e+03;-3.3245551757812500e+03;-3.3245555135102995e+03;-3.3245556640625000e+03;-3.3245529785156250e+03;-3.3245555135102927e+03;-3.3245546875000000e+03
6;87000000;-3.3032005153517707e+03;-3.3032023925781250e+03;-3.3032005153517757e+03;-3.3032004394531250e+03;-3.3032009277343750e+03;-3.3032005153517794e+03;-3.3032001953125000e+03
7;87000000;-2.3192223978467587e+03;-2.3192177734375000e+03;-2.3192223978467578e+03;-2.3192224121093750e+03;-2.3192175292968750e+03;-2.3192223978467614e+03;-2.3192226562500000e+03
8;87000000;-3.2107534285454872e+03;-3.2107509765625000e+03;-3.2107534285454931e+03;-3.2107534179687500e+03;-3.2107512207031250e+03;-3.2107534285454913e+03;-3.2107541503906250e+03
9;87000000;-3.1809897838720422e+03;-3.1809902343750000e+03;-3.1809897838720362e+03;-3.1809897460937500e+03;-3.1809907226562500e+03;-3.1809897838720503e+03;-3.1809907226562500e+03
0;89000000;-1.0667407797314429e+03;-1.0667427978515625e+03;-1.0667407797314452e+03;-1.0667407226562500e+03;-1.0667436523437500e+03;-1.0667407797314472e+03;-1.0667406005859375e+03
1;89000000;-2.2987550132831334e+03;-2.2987502441406250e+03;-2.2987550132831325e+03;-2.2987551269531250e+03;-2.2987487792968750e+03;-2.2987550132831338e+03;-2.2987556152343750e+03
2;89000000;-1.9896218330795391e+03;-1.9896225585937500e+03;-1.9896218330795377e+03;-1.9896218261718750e+03;-1.9896232910156250e+03;-1.9896218330795427e+03;-1.9896220703125000e+03
3;89000000;-2.4916618897400012e+03;-2.4916672363281250e+03;-2.4916618897400026e+03;-2.4916618652343750e+03;-2.4916652832031250e+03;-2.4916618897400035e+03;-2.4916623535156250e+03
4;89000000;-1.8026087937917491e+03;-1.8026062011718750e+03;-1.8026087937917505e+03;-1.8026088867187500e+03;-1.8026082763671875e+03;-1.8026087937917514e+03;-1.8026083984375000e+03
5;89000000;-2.7498729980615485e+03;-2.7498742675781250e+03;-2.7498729980615476e+03;-2.7498730468750000e+03;-2.7498730468750000e+03;-2.7498729980615440e+03;-2.7498725585937500e+03
6;89000000;-3.6969679818524819e+03;-3.6969670410156250e+03;-3.6969679818524824e+03;-3.6969680175781250e+03;-3.6969687500000000e+03;-3.6969679818524969e+03;-3.6969675292968750e+03
7;89000000;-3.2681889246360038e+03;-3.2681848144531250e+03;-3.2681889246360070e+03;-3.2681889648437500e+03;-3.2681833496093750e+03;-3.2681889246360065e+03;-3.2681894531250000e+03
8;89000000;-3.7929160340218218e+03;-3.7929165039062500e+03;-3.7929160340218236e+03;-3.7929160156250000e+03;-3.7929147949218750e+03;-3.7929160340218241e+03;-3.7929169921875000e+03
9;89000000;-3.4995808560906476e+03;-3.4995791015625000e+03;-3.4995808560906503e+03;-3.4995808105468750e+03;-3.4995798339843750e+03;-3.4995808560906585e+03;-3.4995810546875000e+03
0;91000000;-1.0606304425816181e+03;-1.0606280517578125e+03;-1.0606304425816224e+03;-1.0606303710937500e+03;-1.0606287841796875e+03;-1.0606304425816165e+03;-1.0606298828125000e+03
1;91000000;-2.1591202194574180e+03;-2.1591157226562500e+03;-2.1591202194574212e+03;-2.1591201171875000e+03;-2.1591147460937500e+03;-2.1591202194574184e+03;-2.1591206054687500e+03
2;91000000;-1.8870907556030634e+03;-1.8870917968750000e+03;-1.8870907556030629e+03;-1.8870908203125000e+03;-1.8870921630859375e+03;-1.8870907556030691e+03;-1.8870910644531250e+03
3;91000000;-2.1911029143484179e+03;-2.1911000976562500e+03;-2.1911029143484211e+03;-2.1911030273437500e+03;-2.1911010742187500e+03;-2.1911029143484257e+03;-2.1911025390625000e+03
4;91000000;-1.8086067047919455e+03;-1.8086079101562500e+03;-1.8086067047919437e+03;-1.8086068115234375e+03;-1.8086054687500000e+03;-1.8086067047919430e+03;-1.8086071777343750e+03
5;91000000;-2.1205483861054736e+03;-2.1205483398437500e+03;-2.1205483861054745e+03;-2.1205483398437500e+03;-2.1205498046875000e+03;-2.1205483861054763e+03;-2.1205473632812500e+03
6;91000000;-3.5710736251507483e+03;-3.5710754394531250e+03;-3.5710736251507483e+03;-3.5710737304687500e+03;-3.5710727539062500e+03;-3.5710736251507501e+03;-3.5710737304687500e+03
7;91000000;-4.0066335431107696e+03;-4.0066313476562500e+03;-4.0066335431107718e+03;-4.0066335449218750e+03;-4.0066335449218750e+03;-4.0066335431107718e+03;-4.0066340332031250e+03
8;91000000;-4.2733036319536950e+03;-4.2733056640625000e+03;-4.2733036319536941e+03;-4.2733037109375000e+03;-4.2733046875000000e+03;-4.2733036319536968e+03;-4.2733041992187500e+03
9;91000000;-2.9732255342117837e+03;-2.9732246093750000e+03;-2.9732255342117819e+03;-2.9732255859375000e+03;-2.9732233886718750e+03;-2.9732255342117815e+03;-2.9732258300781250e+03
0;93000000;-5.9389517061471167e+02;-5.9389324951171875e+02;-5.9389517061471474e+02;-5.9389514160156250e+02;-5.9389593505859375e+02;-5.9389517061470679e+02;-5.9389544677734375e+02
1;93000000;-1.0041390872282161e+03;-1.0041383666992188e+03;-1.0041390872282220e+03;-1.0041390991210938e+03;-1.0041358642578125e+03;-1.0041390872282113e+03;-1.0041388549804688e+03
2;93000000;-2.0772712753919354e+03;-2.0772724609375000e+03;-2.0772712753919345e+03;-2.0772712402343750e+03;-2.0772739257812500e+03;-2.0772712753919359e+03;-2.0772722167968750e+03
3;93000000;-2.8992568616860608e+03;-2.8992590332031250e+03;-2.8992568616860622e+03;-2.8992568359375000e+03;-2.8992590332031250e+03;-2.8992568616860626e+03;-2.8992568359375000e+03
4;93000000;-2.0778500855585767e+03;-2.0778510742187500e+03;-2.0778500855585762e+03;-2.0778500976562500e+03;-2.0778503417968750e+03;-2.0778500855585767e+03;-2.0778500976562500e+03
5;93000000;-2.2794526275305757e+03;-2.2794543457031250e+03;-2.2794526275305770e+03;-2.2794526367187500e+03;-2.2794548339843750e+03;-2.2794526275305784e+03;-2.2794526367187500e+03
6;93000000;-2.9267260714076342e+03;-2.9267255859375000e+03;-2.9267260714076347e+03;-2.9267260742187500e+03;-2.9267260742187500e+03;-2.9267260714076369e+03;-2.9267250976562500e+03
7;93000000;-4.3072813000316019e+03;-4.3072788085937500e+03;-4.3072813000316073e+03;-4.3072812500000000e+03;-4.3072827148437500e+03;-4.3072813000316037e+03;-4.3072807617187500e+03
8;93000000;-4.9891762800391843e+03;-4.9891806640625000e+03;-4.9891762800391825e+03;-4.9891762695312500e+03;-4.9891831054687500e+03;-4.9891762800391925e+03;-4.9891777343750000e+03
9;93000000;-3.7882028850034544e+03;-3.7882043457031250e+03;-3.7882028850034494e+03;-3.7882028808593750e+03;-3.7882043457031250e+03;-3.7882028850034540e+03;-3.7882045898437500e+03
0;95000000;-9.9044220344907137e+02;-9.9044311523437500e+02;-9.9044220344906796e+02;-9.9044219970703125e+02;-9.9044183349609375e+02;-9.9044220344906319e+02;-9.9044268798828125e+02
1;95000000;-9.8098836444136884e+02;-9.8098876953125000e+02;-9.8098836444136555e+02;-9.8098834228515625e+02;-9.8098803710937500e+02;-9.8098836444136020e+02;-9.8098834228515625e+02
2;95000000;-1.9296317936185183e+03;-1.9296318359375000e+03;-1.9296317936185217e+03;-1.9296318359375000e+03;-1.9296304931640625e+03;-1.9296317936185214e+03;-1.9296323242187500e+03
3;95000000;-3.0128260014130810e+03;-3.0128278808593750e+03;-3.0128260014130869e+03;-3.0128261718750000e+03;-3.0128281250000000e+03;-3.0128260014130865e+03;-3.0128266601562500e+03
4;95000000;-2.0229805888571170e+03;-2.0229787597656250e+03;-2.0229805888571177e+03;-2.0229807128906250e+03;-2.0229788818359375e+03;-2.0229805888571098e+03;-2.0229804687500000e+03
5;95000000;-2.4543028068088947e+03;-2.4543024902343750e+03;-2.4543028068088979e+03;-2.4543029785156250e+03;-2.4543029785156250e+03;-2.4543028068089043e+03;-2.4543022460937500e+03
6;95000000;-2.6465013014038504e+03;-2.6464995117187500e+03;-2.6465013014038582e+03;-2.6465014648437500e+03;-2.6464987792968750e+03;-2.6465013014038545e+03;-2.6465007324218750e+03
7;95000000;-3.9984098824035336e+03;-3.9984072265625000e+03;-3.9984098824035327e+03;-3.9984099121093750e+03;-3.9984082031250000e+03;-3.9984098824035282e+03;-3.9984099121093750e+03
8;95000000;-5.8398436733073249e+03;-5.8398496093750000e+03;-5.8398436733073222e+03;-5.8398437500000000e+03;-5.8398540039062500e+03;-5.8398436733073249e+03;-5.8398447265625000e+03
9;95000000;-4.1827999197436811e+03;-4.1827973632812500e+03;-4.1827999197436775e+03;-4.1827998046875000e+03;-4.1827968750000000e+03;-4.1827999197436784e+03;-4.1828007812500000e+03
0;97000000;-1.3695784471306322e+03;-1.3695788574218750e+03;-1.3695784471306285e+03;-1.3695784912109375e+03;-1.3695760498046875e+03;-1.3695784471306249e+03;-1.3695788574218750e+03
1;97000000;-6.5018881368478765e+02;-6.5018890380859375e+02;-6.5018881368478333e+02;-6.5018884277343750e+02;-6.5018914794921875e+02;-6.5018881368478583e+02;-6.5018927001953125e+02
2;97000000;-1.0114537566491354e+03;-1.0114529418945312e+03;-1.0114537566491392e+03;-1.0114537963867188e+03;-1.0114544067382812e+03;-1.0114537566491410e+03;-1.0114540405273438e+03
3;97000000;-2.8391309137515877e+03;-2.8391313476562500e+03;-2.8391309137515968e+03;-2.8391311035156250e+03;-2.8391323242187500e+03;-2.8391309137515941e+03;-2.8391311035156250e+03
4;97000000;-2.4381024632932513e+03;-2.4381027832031250e+03;-2.4381024632932508e+03;-2.4381025390625000e+03;-2.4381010742187500e+03;-2.4381024632932467e+03;-2.4381035156250000e+03
5;97000000;-2.8053731245449658e+03;-2.8053735351562500e+03;-2.8053731245449685e+03;-2.8053732910156250e+03;-2.8053735351562500e+03;-2.8053731245449690e+03;-2.8053735351562500e+03
6;97000000;-2.4694014588636951e+03;-2.4694038085937500e+03;-2.4694014588636924e+03;-2.4694016113281250e+03;-2.4694011230468750e+03;-2.4694014588637019e+03;-2.4694013671875000e+03
7;97000000;-3.5933614444564409e+03;-3.5933647460937500e+03;-3.5933614444564455e+03;-3.5933615722656250e+03;-3.5933652343750000e+03;-3.5933614444564441e+03;-3.5933620605468750e+03
8;97000000;-6.1033692332962246e+03;-6.1033681640625000e+03;-6.1033692332962219e+03;-6.1033691406250000e+03;-6.1033671875000000e+03;-6.1033692332962300e+03;-6.1033710937500000e+03
9;97000000;-5.2399795580112950e+03;-5.2399775390625000e+03;-5.2399795580112950e+03;-5.2399794921875000e+03;-5.2399799804687500e+03;-5.2399795580112859e+03;-5.2399809570312500e+03
0;99000000;-1.5492057646026578e+03;-1.5492021484375000e+03;-1.5492057646026556e+03;-1.5492058105468750e+03;-1.5492039794921875e+03;-1.5492057646026442e+03;-1.5492061767578125e+03
1;99000000;-9.9131078459239041e+02;-9.9131463623046875e+02;-9.9131078459239018e+02;-9.9131079101562500e+02;-9.9131390380859375e+02;-9.9131078459239268e+02;-9.9131097412109375e+02
2;99000000;-9.4003244894286581e+02;-9.4003344726562500e+02;-9.4003244894286775e+02;-9.4003247070312500e+02;-9.4003234863281250e+02;-9.4003244894287195e+02;-9.4003228759765625e+02
3;99000000;-2.7534245785608373e+03;-2.7534165039062500e+03;-2.7534245785608373e+03;-2.7534245605468750e+03;-2.7534248046875000e+03;-2.7534245785608400e+03;-2.7534255371093750e+03
4;99000000;-2.3758481002108401e+03;-2.3758491210937500e+03;-2.3758481002108401e+03;-2.3758481445312500e+03;-2.3758461914062500e+03;-2.3758481002108347e+03;-2.3758481445312500e+03
5;99000000;-2.5466344542607249e+03;-2.5466374511718750e+03;-2.5466344542607226e+03;-2.5466345214843750e+03;-2.5466372070312500e+03;-2.5466344542607208e+03;-2.5466347656250000e+03
6;99000000;-2.7523428799945964e+03;-2.7523415527343750e+03;-2.7523428799945955e+03;-2.7523430175781250e+03;-2.7523420410156250e+03;-2.7523428799946032e+03;-2.7523422851562500e+03
7;99000000;-3.0899292277376167e+03;-3.0899323730468750e+03;-3.0899292277376162e+03;-3.0899291992187500e+03;-3.0899313964843750e+03;-3.0899292277376171e+03;-3.0899304199218750e+03
8;99000000;-5.6697619423969218e+03;-5.6697597656250000e+03;-5.6697619423969136e+03;-5.6697617187500000e+03;-5.6697597656250000e+03;-5.6697619423969263e+03;-5.6697626953125000e+03
9;99000000;-5.6415867684162558e+03;-5.6415883789062500e+03;-5.6415867684162658e+03;-5.6415869140625000e+03;-5.6415883789062500e+03;-5.6415867684162577e+03;-5.6415883789062500e+03
0;101000000;-1.0698443128259250e+03;-1.0698382568359375e+03;-1.0698443128259314e+03;-1.0698443603515625e+03;-1.0698430175781250e+03;-1.0698443128259221e+03;-1.0698447265625000e+03
1;101000000;-1.7969833705233179e+03;-1.7969821777343750e+03;-1.7969833705233232e+03;-1.7969833984375000e+03;-1.7969781494140625e+03;-1.7969833705233332e+03;-1.7969840087890625e+03
2;101000000;-4.7926391044304125e+02;-4.7926382446289062e+02;-4.7926391044304330e+02;-4.7926394653320312e+02;-4.7926651000976562e+02;-4.7926391044304364e+02;-4.7926507568359375e+02
3;101000000;-2.2734103010198992e+03;-2.2734150390625000e+03;-2.2734103010198969e+03;-2.2734104003906250e+03;-2.2734143066406250e+03;-2.2734103010199024e+03;-2.2734104003906250e+03
4;101000000;-2.4434135607892717e+03;-2.4434147949218750e+03;-2.4434135607892686e+03;-2.4434135742187500e+03;-2.4434086914062500e+03;-2.4434135607892695e+03;-2.4434140625000000e+03
5;101000000;-2.8450077385311938e+03;-2.8450073242187500e+03;-2.8450077385311852e+03;-2.8450078125000000e+03;-2.8450041503906250e+03;-2.8450077385311947e+03;-2.8450083007812500e+03
6;101000000;-2.7705950834219980e+03;-2.7705974121093750e+03;-2.7705950834219993e+03;-2.7705952148437500e+03;-2.7705949707031250e+03;-2.7705950834219943e+03;-2.7705947265625000e+03
7;101000000;-3.3037460359551183e+03;-3.3037453613281250e+03;-3.3037460359551169e+03;-3.3037460937500000e+03;-3.3037416992187500e+03;-3.3037460359551192e+03;-3.3037460937500000e+03
8;101000000;-5.4962334148971422e+03;-5.4962382812500000e+03;-5.4962334148971413e+03;-5.4962333984375000e+03;-5.4962324218750000e+03;-5.4962334148971477e+03;-5.4962353515625000e+03
9;101000000;-6.0076259404213806e+03;-6.0076245117187500e+03;-6.0076259404213824e+03;-6.0076259765625000e+03;-6.0076220703125000e+03;-6.0076259404213715e+03;-6.0076269531250000e+03
0;103000000;-1.0691022317590885e+03;-1.0690992431640625e+03;-1.0691022317590898e+03;-1.0691022949218750e+03;-1.0691044921875000e+03;-1.0691022317590905e+03;-1.0691026611328125e+03
1;103000000;-1.8382609387862328e+03;-1.8382573242187500e+03;-1.8382609387862296e+03;-1.8382609863281250e+03;-1.8382601318359375e+03;-1.8382609387862403e+03;-1.8382615966796875e+03
2;103000000;-1.2900927108485344e+03;-1.2900917968750000e+03;-1.2900927108485284e+03;-1.2900927734375000e+03;-1.2900917968750000e+03;-1.2900927108485316e+03;-1.2900924072265625e+03
3;103000000;-1.8390864520409657e+03;-1.8390921630859375e+03;-1.8390864520409657e+03;-1.8390865478515625e+03;-1.8390910644531250e+03;-1.8390864520409705e+03;-1.8390864257812500e+03
4;103000000;-2.3169382093845829e+03;-2.3169370117187500e+03;-2.3169382093845875e+03;-2.3169382324218750e+03;-2.3169362792968750e+03;-2.3169382093845870e+03;-2.3169379882812500e+03
5;103000000;-3.1296618821162833e+03;-3.1296550292968750e+03;-3.1296618821162870e+03;-3.1296618652343750e+03;-3.1296562500000000e+03;-3.1296618821162865e+03;-3.1296621093750000e+03
6;103000000;-2.8581731338816394e+03;-2.8581755371093750e+03;-2.8581731338816430e+03;-2.8581730957031250e+03;-2.8581738281250000e+03;-2.8581731338816421e+03;-2.8581726074218750e+03
7;103000000;-3.3966291028571900e+03;-3.3966276855468750e+03;-3.3966291028571823e+03;-3.3966291503906250e+03;-3.3966284179687500e+03;-3.3966291028571850e+03;-3.3966293945312500e+03
8;103000000;-5.1322912610690646e+03;-5.1322944335937500e+03;-5.1322912610690610e+03;-5.1322915039062500e+03;-5.1322988281250000e+03;-5.1322912610690719e+03;-5.1322919921875000e+03
9;103000000;-5.4144419407676423e+03;-5.4144394531250000e+03;-5.4144419407676405e+03;-5.4144418945312500e+03;-5.4144394531250000e+03;-5.4144419407676351e+03;-5.4144423828125000e+03
0;105000000;-1.4225834985534755e+03;-1.4225827636718750e+03;-1.4225834985534846e+03;-1.4225834960937500e+03;-1.4225786132812500e+03;-1.4225834985534848e+03;-1.4225837402343750e+03
1;105000000;-1.2287410636070258e+03;-1.2287503662109375e+03;-1.2287410636070322e+03;-1.2287410888671875e+03;-1.2287500000000000e+03;-1.2287410636070304e+03;-1.2287414550781250e+03
2;105000000;-1.8376443711392812e+03;-1.8376417236328125e+03;-1.8376443711392797e+03;-1.8376444091796875e+03;-1.8376420898437500e+03;-1.8376443711392831e+03;-1.8376452636718750e+03
3;105000000;-1.6744121077233635e+03;-1.6744106445312500e+03;-1.6744121077233626e+03;-1.6744122314453125e+03;-1.6744107666015625e+03;-1.6744121077233647e+03;-1.6744129638671875e+03
4;105000000;-1.7576415458534052e+03;-1.7576418457031250e+03;-1.7576415458533936e+03;-1.7576416015625000e+03;-1.7576408691406250e+03;-1.7576415458533988e+03;-1.7576414794921875e+03
5;105000000;-3.0880552060172499e+03;-3.0880585937500000e+03;-3.0880552060172472e+03;-3.0880551757812500e+03;-3.0880537109375000e+03;-3.0880552060172372e+03;-3.0880549316406250e+03
6;105000000;-3.2731771488708246e+03;-3.2731757812500000e+03;-3.2731771488708214e+03;-3.2731772460937500e+03;-3.2731835937500000e+03;-3.2731771488708309e+03;-3.2731777343750000e+03
7;105000000;-3.4592712245334401e+03;-3.4592697753906250e+03;-3.4592712245334405e+03;-3.4592712402343750e+03;-3.4592707519531250e+03;-3.4592712245334387e+03;-3.4592719726562500e+03
8;105000000;-5.2754115745820136e+03;-5.2754082031250000e+03;-5.2754115745820136e+03;-5.2754116210937500e+03;-5.2754057617187500e+03;-5.2754115745820200e+03;-5.2754135742187500e+03
9;105000000;-5.3877273059921918e+03;-5.3877265625000000e+03;-5.3877273059921899e+03;-5.3877275390625000e+03;-5.3877265625000000e+03;-5.3877273059921954e+03;-5.3877285156250000e+03
0;107000000;-7.3181832987060648e+02;-7.3181542968750000e+02;-7.3181832987060545e+02;-7.3181835937500000e+02;-7.3181750488281250e+02;-7.3181832987060682e+02;-7.3181811523437500e+02
1;107000000;-1.1793248494688380e+03;-1.1793317871093750e+03;-1.1793248494688323e+03;-1.1793248291015625e+03;-1.1793269042968750e+03;-1.1793248494688287e+03;-1.1793248291015625e+03
2;107000000;-1.7037002406142676e+03;-1.7036959228515625e+03;-1.7037002406142703e+03;-1.7037003173828125e+03;-1.7036964111328125e+03;-1.7037002406142742e+03;-1.7037011718750000e+03
3;107000000;-2.2713844624101630e+03;-2.2713818359375000e+03;-2.2713844624101584e+03;-2.2713845214843750e+03;-2.2713808593750000e+03;-2.2713844624101644e+03;-2.2713842773437500e+03
4;107000000;-1.3757706895105994e+03;-1.3757673339843750e+03;-1.3757706895106032e+03;-1.3757707519531250e+03;-1.3757700195312500e+03;-1.3757706895105989e+03;-1.3757703857421875e+03
5;107000000;-2.7333753505980831e+03;-2.7333776855468750e+03;-2.7333753505980826e+03;-2.7333754882812500e+03;-2.7333728027343750e+03;-2.7333753505980762e+03;-2.7333745117187500e+03
6;107000000;-3.7129484579688879e+03;-3.7129521484375000e+03;-3.7129484579688956e+03;-3.7129484863281250e+03;-3.7129479980468750e+03;-3.7129484579688947e+03;-3.7129482421875000e+03
7;107000000;-3.6583378540211384e+03;-3.6583378906250000e+03;-3.6583378540211324e+03;-3.6583378906250000e+03;-3.6583381347656250e+03;-3.6583378540211365e+03;-3.6583388671875000e+03
8;107000000;-5.3696551290974367e+03;-5.3696523437500000e+03;-5.3696551290974421e+03;-5.3696552734375000e+03;-5.3696508789062500e+03;-5.3696551290974439e+03;-5.3696567382812500e+03
9;107000000;-5.2323914735739263e+03;-5.2323872070312500e+03;-5.2323914735739327e+03;-5.2323916015625000e+03;-5.2323886718750000e+03;-5.2323914735739345e+03;-5.2323930664062500e+03
0;109000000;-1.2073317973855303e+03;-1.2073360595703125e+03;-1.2073317973855280e+03;-1.2073317871093750e+03;-1.2073377685546875e+03;-1.2073317973855214e+03;-1.2073319091796875e+03
1;109000000;-1.4716127055555748e+03;-1.4716072998046875e+03;-1.4716127055555748e+03;-1.4716126708984375e+03;-1.4716063232421875e+03;-1.4716127055555698e+03;-1.4716130371093750e+03
2;109000000;-1.0164485432056622e+03;-1.0164475097656250e+03;-1.0164485432056608e+03;-1.0164486083984375e+03;-1.0164500122070312e+03;-1.0164485432056645e+03;-1.0164493408203125e+03
3;109000000;-2.7832336239848273e+03;-2.7832382812500000e+03;-2.7832336239848360e+03;-2.7832336425781250e+03;-2.7832382812500000e+03;-2.7832336239848337e+03;-2.7832341308593750e+03
4;109000000;-1.5985319292568140e+03;-1.5985283203125000e+03;-1.5985319292568265e+03;-1.5985319824218750e+03;-1.5985318603515625e+03;-1.5985319292568186e+03;-1.5985319824218750e+03
5;109000000;-2.1619117657970833e+03;-2.1619143066406250e+03;-2.1619117657970833e+03;-2.1619118652343750e+03;-2.1619130859375000e+03;-2.1619117657970851e+03;-2.1619111328125000e+03
6;109000000;-3.1275348719415797e+03;-3.1275319824218750e+03;-3.1275348719415847e+03;-3.1275349121093750e+03;-3.1275349121093750e+03;-3.1275348719415883e+03;-3.1275341796875000e+03
7;109000000;-3.8222641968075332e+03;-3.8222609863281250e+03;-3.8222641968075291e+03;-3.8222641601562500e+03;-3.8222578125000000e+03;-3.8222641968075259e+03;-3.8222644042968750e+03
8;109000000;-5.0326135572721469e+03;-5.0326191406250000e+03;-5.0326135572721460e+03;-5.0326137695312500e+03;-5.0326210937500000e+03;-5.0326135572721505e+03;-5.0326152343750000e+03
9;109000000;-5.2837209190816620e+03;-5.2837250976562500e+03;-5.2837209190816666e+03;-5.2837211914062500e+03;-5.2837231445312500e+03;-5.2837209190816711e+03;-5.2837216796875000e+03
0;111000000;-5.3480081520524709e+02;-5.3480645751953125e+02;-5.3480081520524675e+02;-5.3480078125000000e+02;-5.3480444335937500e+02;-5.3480081520523595e+02;-5.3480139160156250e+02
1;111000000;-9.5246438513945679e+02;-9.5246643066406250e+02;-9.5246438513946055e+02;-9.5246441650390625e+02;-9.5246643066406250e+02;-9.5246438513944395e+02;-9.5246539306640625e+02
2;111000000;-1.5472386121178854e+03;-1.5472406005859375e+03;-1.5472386121178779e+03;-1.5472386474609375e+03;-1.5472437744140625e+03;-1.5472386121178804e+03;-1.5472382812500000e+03
3;111000000;-2.8364196119407707e+03;-2.8364179687500000e+03;-2.8364196119407802e+03;-2.8364196777343750e+03;-2.8364189453125000e+03;-2.8364196119407652e+03;-2.8364194335937500e+03
4;111000000;-2.0871790236707207e+03;-2.0871782226562500e+03;-2.0871790236707288e+03;-2.0871791992187500e+03;-2.0871818847656250e+03;-2.0871790236707216e+03;-2.0871787109375000e+03
5;111000000;-2.2550740925515324e+03;-2.2550766601562500e+03;-2.2550740925515311e+03;-2.2550742187500000e+03;-2.2550751953125000e+03;-2.2550740925515333e+03;-2.2550725097656250e+03
6;111000000;-2.8901086124794574e+03;-2.8901010742187500e+03;-2.8901086124794515e+03;-2.8901086425781250e+03;-2.8901083984375000e+03;-2.8901086124794529e+03;-2.8901086425781250e+03
7;111000000;-4.5377290058551134e+03;-4.5377265625000000e+03;-4.5377290058551116e+03;-4.5377290039062500e+03;-4.5377265625000000e+03;-4.5377290058551071e+03;-4.5377290039062500e+03
8;111000000;-5.7569719257912893e+03;-5.7569790039062500e+03;-5.7569719257912939e+03;-5.7569721679687500e+03;-5.7569780273437500e+03;-5.7569719257912930e+03;-5.7569736328125000e+03
9;111000000;-5.1329454012158103e+03;-5.1329458007812500e+03;-5.1329454012158058e+03;-5.1329453125000000e+03;-5.1329462890625000e+03;-5.1329454012158121e+03;-5.1329477539062500e+03
0;113000000;-6.7310385537146180e+02;-6.7310876464843750e+02;-6.7310385537146180e+02;-6.7310382080078125e+02;-6.7310955810546875e+02;-6.7310385537145930e+02;-6.7310424804687500e+02
1;113000000;-1.2427948971510725e+03;-1.2427969970703125e+03;-1.2427948971510671e+03;-1.2427949218750000e+03;-1.2427945556640625e+03;-1.2427948971510677e+03;-1.2427952880859375e+03
2;113000000;-1.2430669602949872e+03;-1.2430688476562500e+03;-1.2430669602949868e+03;-1.2430670166015625e+03;-1.2430671386718750e+03;-1.2430669602949881e+03;-1.2430673828125000e+03
3;113000000;-2.2266215576753120e+03;-2.2266215820312500e+03;-2.2266215576753261e+03;-2.2266215820312500e+03;-2.2266220703125000e+03;-2.2266215576753166e+03;-2.2266225585937500e+03
4;113000000;-2.7151625620745508e+03;-2.7151652832031250e+03;-2.7151625620745585e+03;-2.7151625976562500e+03;-2.7151657714843750e+03;-2.7151625620745585e+03;-2.7151621093750000e+03
5;113000000;-2.2030753881176142e+03;-2.2030754394531250e+03;-2.2030753881176202e+03;-2.2030754394531250e+03;-2.2030720214843750e+03;-2.2030753881176197e+03;-2.2030747070312500e+03
6;113000000;-2.8446636407397464e+03;-2.8446667480468750e+03;-2.8446636407397395e+03;-2.8446638183593750e+03;-2.8446633300781250e+03;-2.8446636407397409e+03;-2.8446628417968750e+03
7;113000000;-3.8113161780656683e+03;-3.8113161621093750e+03;-3.8113161780656756e+03;-3.8113161621093750e+03;-3.8113203125000000e+03;-3.8113161780656660e+03;-3.8113159179687500e+03
8;113000000;-5.9787576150988898e+03;-5.9787563476562500e+03;-5.9787576150988862e+03;-5.9787578125000000e+03;-5.9787558593750000e+03;-5.9787576150988989e+03;-5.9787597656250000e+03
9;113000000;-4.9162362441832547e+03;-4.9162373046875000e+03;-4.9162362441832593e+03;-4.9162363281250000e+03;-4.9162392578125000e+03;-4.9162362441832538e+03;-4.9162373046875000e+03
0;115000000;-5.8821535707916564e+02;-5.8821527099609375e+02;-5.8821535707916007e+02;-5.8821533203125000e+02;-5.8821673583984375e+02;-5.8821535707916530e+02;-5.8821539306640625e+02
1;115000000;-8.0418697006926323e+02;-8.0419329833984375e+02;-8.0418697006925822e+02;-8.0418695068359375e+02;-8.0419018554687500e+02;-8.0418697006926641e+02;-8.0418664550781250e+02
2;115000000;-8.0893092107954726e+02;-8.0892810058593750e+02;-8.0893092107954521e+02;-8.0893096923828125e+02;-8.0892706298828125e+02;-8.0893092107954635e+02;-8.0893151855468750e+02
3;115000000;-2.4293260175959158e+03;-2.4293222656250000e+03;-2.4293260175959099e+03;-2.4293261718750000e+03;-2.4293212890625000e+03;-2.4293260175959108e+03;-2.4293256835937500e+03
4;115000000;-2.4465195126645954e+03;-2.4465148925781250e+03;-2.4465195126646054e+03;-2.4465195312500000e+03;-2.4465185546875000e+03;-2.4465195126646040e+03;-2.4465195312500000e+03
5;115000000;-2.8390766273646609e+03;-2.8390671386718750e+03;-2.8390766273646618e+03;-2.8390766601562500e+03;-2.8390695800781250e+03;-2.8390766273646577e+03;-2.8390756835937500e+03
6;115000000;-2.5958085638605899e+03;-2.5958090820312500e+03;-2.5958085638605839e+03;-2.5958085937500000e+03;-2.5958103027343750e+03;-2.5958085638605862e+03;-2.5958076171875000e+03
7;115000000;-3.4075905113968179e+03;-3.4075942382812500e+03;-3.4075905113968192e+03;-3.4075905761718750e+03;-3.4075895996093750e+03;-3.4075905113968074e+03;-3.4075903320312500e+03
8;115000000;-6.5336657223409620e+03;-6.5336621093750000e+03;-6.5336657223409620e+03;-6.5336655273437500e+03;-6.5336660156250000e+03;-6.5336657223409702e+03;-6.5336669921875000e+03
9;115000000;-5.8142746560236383e+03;-5.8142792968750000e+03;-5.8142746560236419e+03;-5.8142749023437500e+03;-5.8142778320312500e+03;-5.8142746560236446e+03;-5.8142753906250000e+03
0;117000000;-2.8334188850368440e+02;-2.8334133911132812e+02;-2.8334188850368605e+02;-2.8334185791015625e+02;-2.8333947753906250e+02;-2.8334188850368446e+02;-2.8334234619140625e+02
1;117000000;-7.6501469606029457e+02;-7.6501550292968750e+02;-7.6501469606029343e+02;-7.6501470947265625e+02;-7.6501611328125000e+02;-7.6501469606029605e+02;-7.6501483154296875e+02
2;117000000;-1.2139332266091362e+03;-1.2139353027343750e+03;-1.2139332266091360e+03;-1.2139332275390625e+03;-1.2139335937500000e+03;-1.2139332266091371e+03;-1.2139331054687500e+03
3;117000000;-2.4021205268324552e+03;-2.4021186523437500e+03;-2.4021205268324602e+03;-2.4021206054687500e+03;-2.4021213378906250e+03;-2.4021205268324566e+03;-2.4021201171875000e+03
4;117000000;-1.9442868640723486e+03;-1.9442889404296875e+03;-1.9442868640723514e+03;-1.9442869873046875e+03;-1.9442874755859375e+03;-1.9442868640723573e+03;-1.9442861328125000e+03
5;117000000;-3.2727026714907679e+03;-3.2727004394531250e+03;-3.2727026714907820e+03;-3.2727026367187500e+03;-3.2727038574218750e+03;-3.2727026714907752e+03;-3.2727006835937500e+03
6;117000000;-2.7651364569512684e+03;-2.7651403808593750e+03;-2.7651364569512666e+03;-2.7651364746093750e+03;-2.7651401367187500e+03;-2.7651364569512707e+03;-2.7651359863281250e+03
7;117000000;-3.4005742964572050e+03;-3.4005761718750000e+03;-3.4005742964572023e+03;-3.4005742187500000e+03;-3.4005756835937500e+03;-3.4005742964572009e+03;-3.4005732421875000e+03
8;117000000;-5.9095282332719507e+03;-5.9095253906250000e+03;-5.9095282332719471e+03;-5.9095283203125000e+03;-5.9095229492187500e+03;-5.9095282332719635e+03;-5.9095297851562500e+03
9;117000000;-5.6711644929649383e+03;-5.6711650390625000e+03;-5.6711644929649356e+03;-5.6711645507812500e+03;-5.6711679687500000e+03;-5.6711644929649383e+03;-5.6711660156250000e+03
0;119000000;3.9513656920468298e+02;3.9513659667968750e+02;3.9513656920469060e+02;3.9513659667968750e+02;3.9513775634765625e+02;3.9513656920468929e+02;3.9513708496093750e+02
1;119000000;-7.7566481065751634e+02;-7.7566235351562500e+02;-7.7566481065752203e+02;-7.7566479492187500e+02;-7.7566174316406250e+02;-7.7566481065752680e+02;-7.7566497802734375e+02
2;119000000;-7.9919651283055055e+02;-7.9919714355468750e+02;-7.9919651283055464e+02;-7.9919653320312500e+02;-7.9919641113281250e+02;-7.9919651283055418e+02;-7.9919696044921875e+02
3;119000000;-1.9308404708830421e+03;-1.9308350830078125e+03;-1.9308404708830474e+03;-1.9308405761718750e+03;-1.9308377685546875e+03;-1.9308404708830437e+03;-1.9308400878906250e+03
4;119000000;-2.1416379286176971e+03;-2.1416462402343750e+03;-2.1416379286176980e+03;-2.1416379394531250e+03;-2.1416442871093750e+03;-2.1416379286176930e+03;-2.1416372070312500e+03
5;119000000;-2.9355407831089851e+03;-2.9355419921875000e+03;-2.9355407831089938e+03;-2.9355407714843750e+03;-2.9355434570312500e+03;-2.9355407831089906e+03;-2.9355390625000000e+03
6;119000000;-3.0293269424650780e+03;-3.0293286132812500e+03;-3.0293269424650830e+03;-3.0293269042968750e+03;-3.0293278808593750e+03;-3.0293269424650784e+03;-3.0293266601562500e+03
7;119000000;-2.9157599562217852e+03;-2.9157578125000000e+03;-2.9157599562217838e+03;-2.9157600097656250e+03;-2.9157612304687500e+03;-2.9157599562217838e+03;-2.9157587890625000e+03
8;119000000;-5.2089525976016885e+03;-5.2089497070312500e+03;-5.2089525976016857e+03;-5.2089526367187500e+03;-5.2089482421875000e+03;-5.2089525976017048e+03;-5.2089531250000000e+03
9;119000000;-6.1571971044419861e+03;-6.1571889648437500e+03;-6.1571971044419906e+03;-6.1571972656250000e+03;-6.1571948242187500e+03;-6.1571971044419961e+03;-6.1571982421875000e+03
0;121000000;7.7677436343213321e+02;7.7677447509765625e+02;7.7677436343213753e+02;7.7677441406250000e+02;7.7677349853515625e+02;7.7677436343213390e+02;7.7677502441406250e+02
1;121000000;-3.5014262886471687e+02;-3.5014584350585938e+02;-3.5014262886471113e+02;-3.5014260864257812e+02;-3.5014462280273438e+02;-3.5014262886471897e+02;-3.5014236450195312e+02
2;121000000;-5.1791303849223539e+02;-5.1791247558593750e+02;-5.1791303849223823e+02;-5.1791308593750000e+02;-5.1791363525390625e+02;-5.1791303849224187e+02;-5.1791406250000000e+02
3;121000000;-2.1987123930753874e+03;-2.1987128906250000e+03;-2.1987123930753864e+03;-2.1987124023437500e+03;-2.1987177734375000e+03;-2.1987123930753910e+03;-2.1987136230468750e+03
4;121000000;-1.9628992797819449e+03;-1.9629061279296875e+03;-1.9628992797819487e+03;-1.9628994140625000e+03;-1.9629014892578125e+03;-1.9628992797819428e+03;-1.9628986816406250e+03
5;121000000;-2.4708788064890950e+03;-2.4708784179687500e+03;-2.4708788064891032e+03;-2.4708789062500000e+03;-2.4708786621093750e+03;-2.4708788064891005e+03;-2.4708774414062500e+03
6;121000000;-3.2173723919844660e+03;-3.2173742675781250e+03;-3.2173723919844620e+03;-3.2173725585937500e+03;-3.2173720703125000e+03;-3.2173723919844615e+03;-3.2173715820312500e+03
7;121000000;-3.1940363130838932e+03;-3.1940344238281250e+03;-3.1940363130839010e+03;-3.1940363769531250e+03;-3.1940329589843750e+03;-3.1940363130838950e+03;-3.1940354003906250e+03
8;121000000;-5.1438443576467780e+03;-5.1438466796875000e+03;-5.1438443576467807e+03;-5.1438442382812500e+03;-5.1438457031250000e+03;-5.1438443576467889e+03;-5.1438447265625000e+03
9;121000000;-5.9416781704218138e+03;-5.9416743164062500e+03;-5.9416781704218138e+03;-5.9416782226562500e+03;-5.9416757812500000e+03;-5.9416781704218220e+03;-5.9416796875000000e+03
0;123000000;1.1386516503247528e+03;1.1386530761718750e+03;1.1386516503247474e+03;1.1386517333984375e+03;1.1386499023437500e+03;1.1386516503247547e+03;1.1386518554687500e+03
1;123000000;3.3050713120677727e+02;3.3050946044921875e+02;3.3050713120678074e+02;3.3050717163085938e+02;3.3050772094726562e+02;3.3050713120677256e+02;3.3050769042968750e+02
2;123000000;-8.0426017330532920e+02;-8.0425866699218750e+02;-8.0426017330533045e+02;-8.0426019287109375e+02;-8.0425744628906250e+02;-8.0426017330532704e+02;-8.0426043701171875e+02
3;123000000;-1.7625518652187109e+03;-1.7625461425781250e+03;-1.7625518652187147e+03;-1.7625520019531250e+03;-1.7625477294921875e+03;-1.7625518652187113e+03;-1.7625528564453125e+03
4;123000000;-1.6098216286248926e+03;-1.6098231201171875e+03;-1.6098216286248935e+03;-1.6098217773437500e+03;-1.6098215332031250e+03;-1.6098216286248853e+03;-1.6098210449218750e+03
5;123000000;-2.5137302248415876e+03;-2.5137346191406250e+03;-2.5137302248415981e+03;-2.5137302246093750e+03;-2.5137331542968750e+03;-2.5137302248415867e+03;-2.5137280273437500e+03
6;123000000;-3.1090023219400650e+03;-3.1090058593750000e+03;-3.1090023219400705e+03;-3.1090024414062500e+03;-3.1090046386718750e+03;-3.1090023219400719e+03;-3.1090004882812500e+03
7;123000000;-3.3670662843390674e+03;-3.3670649414062500e+03;-3.3670662843390623e+03;-3.3670664062500000e+03;-3.3670671386718750e+03;-3.3670662843390755e+03;-3.3670651855468750e+03
8;123000000;-4.6012492449716892e+03;-4.6012578125000000e+03;-4.6012492449716910e+03;-4.6012490234375000e+03;-4.6012568359375000e+03;-4.6012492449717029e+03;-4.6012509765625000e+03
9;123000000;-4.8922405482441682e+03;-4.8922392578125000e+03;-4.8922405482441682e+03;-4.8922407226562500e+03;-4.8922407226562500e+03;-4.8922405482441864e+03;-4.8922421875000000e+03
0;125000000;1.1014542826407369e+03;1.1014560546875000e+03;1.1014542826407367e+03;1.1014543457031250e+03;1.1014549560546875e+03;1.1014542826407423e+03;1.1014553222656250e+03
1;125000000;7.0368294361095093e+02;7.0368273925781250e+02;7.0368294361095263e+02;7.0368298339843750e+02;7.0368457031250000e+02;7.0368294361095400e+02;7.0368255615234375e+02
2;125000000;-1.3509117260494162e+02;-1.3509049987792969e+02;-1.3509117260494216e+02;-1.3509118652343750e+02;-1.3509288024902344e+02;-1.3509117260494713e+02;-1.3509130859375000e+02
3;125000000;-1.6428891964532850e+03;-1.6428813476562500e+03;-1.6428891964532820e+03;-1.6428892822265625e+03;-1.6428846435546875e+03;-1.6428891964532836e+03;-1.6428894042968750e+03
4;125000000;-1.7402655617596679e+03;-1.7402624511718750e+03;-1.7402655617596615e+03;-1.7402656250000000e+03;-1.7402626953125000e+03;-1.7402655617596693e+03;-1.7402658691406250e+03
5;125000000;-2.4046490096583871e+03;-2.4046574707031250e+03;-2.4046490096583884e+03;-2.4046491699218750e+03;-2.4046525878906250e+03;-2.4046490096583793e+03;-2.4046464843750000e+03
6;125000000;-2.9133309149894076e+03;-2.9133315429687500e+03;-2.9133309149894048e+03;-2.9133310546875000e+03;-2.9133312988281250e+03;-2.9133309149894076e+03;-2.9133300781250000e+03
7;125000000;-3.9711066650143239e+03;-3.9711015625000000e+03;-3.9711066650143321e+03;-3.9711066894531250e+03;-3.9711064453125000e+03;-3.9711066650143443e+03;-3.9711052246093750e+03
8;125000000;-5.0231029279637669e+03;-5.0231069335937500e+03;-5.0231029279637560e+03;-5.0231030273437500e+03;-5.0231069335937500e+03;-5.0231029279637678e+03;-5.0231035156250000e+03
9;125000000;-4.7853436504585179e+03;-4.7853408203125000e+03;-4.7853436504585197e+03;-4.7853437500000000e+03;-4.7853383789062500e+03;-4.7853436504585261e+03;-4.7853447265625000e+03
0;127000000;1.6490847035483896e+03;1.6490847167968750e+03;1.6490847035483882e+03;1.6490847167968750e+03;1.6490852050781250e+03;1.6490847035483882e+03;1.6490860595703125e+03
1;127000000;1.0015124956277542e+03;1.0015103759765625e+03;1.0015124956277573e+03;1.0015125122070312e+03;1.0015127563476562e+03;1.0015124956277559e+03;1.0015134277343750e+03
2;127000000;4.1050571789750410e+02;4.1050573730468750e+02;4.1050571789749699e+02;4.1050570678710938e+02;4.1050408935546875e+02;4.1050571789749665e+02;4.1050531005859375e+02
3;127000000;-1.7383016916892968e+03;-1.7383048095703125e+03;-1.7383016916892964e+03;-1.7383017578125000e+03;-1.7383067626953125e+03;-1.7383016916892980e+03;-1.7383017578125000e+03
4;127000000;-1.3700201205717417e+03;-1.3700200195312500e+03;-1.3700201205717381e+03;-1.3700202636718750e+03;-1.3700224609375000e+03;-1.3700201205717387e+03;-1.3700195312500000e+03
5;127000000;-2.1848059413351471e+03;-2.1848098144531250e+03;-2.1848059413351411e+03;-2.1848059082031250e+03;-2.1848105468750000e+03;-2.1848059413351357e+03;-2.1848046875000000e+03
6;127000000;-3.0120377064307118e+03;-3.0120419921875000e+03;-3.0120377064307145e+03;-3.0120378417968750e+03;-3.0120410156250000e+03;-3.0120377064307063e+03;-3.0120371093750000e+03
7;127000000;-3.4877026141504593e+03;-3.4877070312500000e+03;-3.4877026141504516e+03;-3.4877026367187500e+03;-3.4877072753906250e+03;-3.4877026141504530e+03;-3.4877019042968750e+03
8;127000000;-5.5225596669414072e+03;-5.5225483398437500e+03;-5.5225596669414035e+03;-5.5225595703125000e+03;-5.5225532226562500e+03;-5.5225596669414217e+03;-5.5225610351562500e+03
9;127000000;-4.3899205778828209e+03;-4.3899150390625000e+03;-4.3899205778828100e+03;-4.3899204101562500e+03;-4.3899116210937500e+03;-4.3899205778828182e+03;-4.3899218750000000e+03
0;129000000;1.3477988335353473e+03;1.3477984619140625e+03;1.3477988335353368e+03;1.3477989501953125e+03;1.3478005371093750e+03;1.3477988335353477e+03;1.3477998046875000e+03
1;129000000;1.0719882553049756e+03;1.0719858398437500e+03;1.0719882553049772e+03;1.0719882812500000e+03;1.0719841308593750e+03;1.0719882553049815e+03;1.0719892578125000e+03
2;129000000;5.3466277768652139e+02;5.3466180419921875e+02;5.3466277768651958e+02;5.3466278076171875e+02;5.3466186523437500e+02;5.3466277768651503e+02;5.3466247558593750e+02
3;129000000;-1.0623747089078527e+03;-1.0623760986328125e+03;-1.0623747089078529e+03;-1.0623747558593750e+03;-1.0623750000000000e+03;-1.0623747089078497e+03;-1.0623746337890625e+03
4;129000000;-1.2263725147815824e+03;-1.2263718261718750e+03;-1.2263725147815821e+03;-1.2263725585937500e+03;-1.2263748779296875e+03;-1.2263725147815826e+03;-1.2263715820312500e+03
5;129000000;-1.9966494912826272e+03;-1.9966536865234375e+03;-1.9966494912826240e+03;-1.9966495361328125e+03;-1.9966533203125000e+03;-1.9966494912826229e+03;-1.9966480712890625e+03
6;129000000;-2.5484616066891840e+03;-2.5484660644531250e+03;-2.5484616066891808e+03;-2.5484616699218750e+03;-2.5484614257812500e+03;-2.5484616066891790e+03;-2.5484604492187500e+03
7;129000000;-3.3300940185906175e+03;-3.3301049804687500e+03;-3.3300940185906225e+03;-3.3300939941406250e+03;-3.3301030273437500e+03;-3.3300940185906115e+03;-3.3300927734375000e+03
8;129000000;-5.6807515089941544e+03;-5.6807446289062500e+03;-5.6807515089941526e+03;-5.6807514648437500e+03;-5.6807451171875000e+03;-5.6807515089941708e+03;-5.6807514648437500e+03
9;129000000;-4.8911736571656766e+03;-4.8911694335937500e+03;-4.8911736571656784e+03;-4.8911738281250000e+03;-4.8911674804687500e+03;-4.8911736571656711e+03;-4.8911752929687500e+03
0;131000000;9.9598303766142271e+02;9.9598059082031250e+02;9.9598303766142089e+02;9.9598315429687500e+02;9.9598431396484375e+02;9.9598303766141998e+02;9.9598388671875000e+02
1;131000000;1.9067240250157793e+03;1.9067241210937500e+03;1.9067240250157861e+03;1.9067239990234375e+03;1.9067226562500000e+03;1.9067240250157809e+03;1.9067246093750000e+03
2;131000000;7.8148258996463915e+02;7.8148248291015625e+02;7.8148258996463619e+02;7.8148260498046875e+02;7.8148126220703125e+02;7.8148258996463392e+02;7.8148284912109375e+02
3;131000000;-6.2642950041537154e+02;-6.2642749023437500e+02;-6.2642950041536915e+02;-6.2642956542968750e+02;-6.2642834472656250e+02;-6.2642950041537324e+02;-6.2642932128906250e+02
4;131000000;-1.0570558084562686e+03;-1.0570566406250000e+03;-1.0570558084562633e+03;-1.0570559082031250e+03;-1.0570563964843750e+03;-1.0570558084562640e+03;-1.0570554199218750e+03
5;131000000;-1.8379766504627075e+03;-1.8379736328125000e+03;-1.8379766504627057e+03;-1.8379766845703125e+03;-1.8379731445312500e+03;-1.8379766504627014e+03;-1.8379753417968750e+03
6;131000000;-2.5705285624684561e+03;-2.5705229492187500e+03;-2.5705285624684548e+03;-2.5705285644531250e+03;-2.5705244140625000e+03;-2.5705285624684502e+03;-2.5705283203125000e+03
7;131000000;-3.6744572260706273e+03;-3.6744655761718750e+03;-3.6744572260706213e+03;-3.6744572753906250e+03;-3.6744577636718750e+03;-3.6744572260706259e+03;-3.6744550781250000e+03
8;131000000;-5.1808519311121554e+03;-5.1808549804687500e+03;-5.1808519311121563e+03;-5.1808520507812500e+03;-5.1808544921875000e+03;-5.1808519311121509e+03;-5.1808535156250000e+03
9;131000000;-5.7773572658920248e+03;-5.7773525390625000e+03;-5.7773572658920220e+03;-5.7773574218750000e+03;-5.7773549804687500e+03;-5.7773572658920239e+03;-5.7773579101562500e+03
0;133000000;8.4028688564529205e+02;8.4028723144531250e+02;8.4028688564530069e+02;8.4028698730468750e+02;8.4028552246093750e+02;8.4028688564529944e+02;8.4028747558593750e+02
1;133000000;1.0670948971210523e+03;1.0670892333984375e+03;1.0670948971210526e+03;1.0670949707031250e+03;1.0670916748046875e+03;1.0670948971210585e+03;1.0670954589843750e+03
2;133000000;1.1103205768815917e+03;1.1103201904296875e+03;1.1103205768815908e+03;1.1103205566406250e+03;1.1103216552734375e+03;1.1103205768815917e+03;1.1103212890625000e+03
3;133000000;-2.7622930859436514e+02;-2.7623052978515625e+02;-2.7622930859436110e+02;-2.7622937011718750e+02;-2.7623257446289062e+02;-2.7622930859436087e+02;-2.7622863769531250e+02
4;133000000;-5.0980391245514704e+02;-5.0980383300781250e+02;-5.0980391245514414e+02;-5.0980398559570312e+02;-5.0980502319335938e+02;-5.0980391245513476e+02;-5.0980328369140625e+02
5;133000000;-1.8929603999184501e+03;-1.8929560546875000e+03;-1.8929603999184556e+03;-1.8929604492187500e+03;-1.8929610595703125e+03;-1.8929603999184480e+03;-1.8929584960937500e+03
6;133000000;-2.2320688752208312e+03;-2.2320664062500000e+03;-2.2320688752208321e+03;-2.2320688476562500e+03;-2.2320673828125000e+03;-2.2320688752208293e+03;-2.2320683593750000e+03
7;133000000;-2.8235091951872755e+03;-2.8235078125000000e+03;-2.8235091951872791e+03;-2.8235092773437500e+03;-2.8235124511718750e+03;-2.8235091951872773e+03;-2.8235083007812500e+03
8;133000000;-5.2045876784710108e+03;-5.2045922851562500e+03;-5.2045876784710090e+03;-5.2045878906250000e+03;-5.2045922851562500e+03;-5.2045876784709999e+03;-5.2045878906250000e+03
9;133000000;-5.6668485612771947e+03;-5.6668403320312500e+03;-5.6668485612771938e+03;-5.6668486328125000e+03;-5.6668413085937500e+03;-5.6668485612771910e+03;-5.6668500976562500e+03
0;135000000;2.2053616331360570e+02;2.2053689575195312e+02;2.2053616331360845e+02;2.2053625488281250e+02;2.2053749084472656e+02;2.2053616331360558e+02;2.2053796386718750e+02
1;135000000;7.1427601048648262e+02;7.1427313232421875e+02;7.1427601048647966e+02;7.1427606201171875e+02;7.1427447509765625e+02;7.1427601048648705e+02;7.1427648925781250e+02
2;135000000;1.6618860519254251e+03;1.6618875732421875e+03;1.6618860519254226e+03;1.6618861083984375e+03;1.6618876953125000e+03;1.6618860519254220e+03;1.6618859863281250e+03
3;135000000;-3.9441287587466434e+02;-3.9441500854492188e+02;-3.9441287587466917e+02;-3.9441293334960938e+02;-3.9441534423828125e+02;-3.9441287587466184e+02;-3.9441143798828125e+02
4;135000000;-2.4242176944943685e+02;-2.4242678833007812e+02;-2.4242176944944009e+02;-2.4242182922363281e+02;-2.4242185974121094e+02;-2.4242176944942707e+02;-2.4242047119140625e+02
5;135000000;-1.6274602011001634e+03;-1.6274588623046875e+03;-1.6274602011001607e+03;-1.6274602050781250e+03;-1.6274586181640625e+03;-1.6274602011001678e+03;-1.6274584960937500e+03
6;135000000;-2.1178189357001424e+03;-2.1178171386718750e+03;-2.1178189357001388e+03;-2.1178190917968750e+03;-2.1178149414062500e+03;-2.1178189357001424e+03;-2.1178183593750000e+03
7;135000000;-3.3754138372937091e+03;-3.3754167480468750e+03;-3.3754138372937123e+03;-3.3754138183593750e+03;-3.3754147949218750e+03;-3.3754138372937055e+03;-3.3754116210937500e+03
8;135000000;-5.5271465877447772e+03;-5.5271533203125000e+03;-5.5271465877447763e+03;-5.5271464843750000e+03;-5.5271538085937500e+03;-5.5271465877447545e+03;-5.5271469726562500e+03
9;135000000;-4.9322099806431443e+03;-4.9322128906250000e+03;-4.9322099806431470e+03;-4.9322099609375000e+03;-4.9322109375000000e+03;-4.9322099806431434e+03;-4.9322114257812500e+03
0;137000000;3.6947041298235661e+02;3.6947286987304688e+02;3.6947041298236616e+02;3.6947048950195312e+02;3.6947317504882812e+02;3.6947041298236104e+02;3.6947161865234375e+02
1;137000000;4.1924147698863021e+02;4.1924230957031250e+02;4.1924147698862691e+02;4.1924154663085938e+02;4.1923831176757812e+02;4.1924147698863283e+02;4.1924176025390625e+02
2;137000000;9.6025757297824703e+02;9.6025701904296875e+02;9.6025757297824998e+02;9.6025762939453125e+02;9.6025567626953125e+02;9.6025757297825044e+02;9.6025793457031250e+02
3;137000000;3.2304488228223948e+02;3.2304528808593750e+02;3.2304488228224170e+02;3.2304479980468750e+02;3.2304602050781250e+02;3.2304488228224045e+02;3.2304632568359375e+02
4;137000000;-1.1421047601348604e+01;-1.1420417785644531e+01;-1.1421047601351319e+01;-1.1421115875244141e+01;-1.1420349121093750e+01;-1.1421047601344014e+01;-1.1420471191406250e+01
5;137000000;-1.1957401725898674e+03;-1.1957379150390625e+03;-1.1957401725898656e+03;-1.1957402343750000e+03;-1.1957355957031250e+03;-1.1957401725898685e+03;-1.1957382812500000e+03
6;137000000;-2.2271843922090893e+03;-2.2271848144531250e+03;-2.2271843922090916e+03;-2.2271845703125000e+03;-2.2271831054687500e+03;-2.2271843922090966e+03;-2.2271840820312500e+03
7;137000000;-2.9038219261745844e+03;-2.9038288574218750e+03;-2.9038219261745899e+03;-2.9038220214843750e+03;-2.9038256835937500e+03;-2.9038219261745844e+03;-2.9038198242187500e+03
8;137000000;-4.8378040895595041e+03;-4.8378071289062500e+03;-4.8378040895595050e+03;-4.8378041992187500e+03;-4.8378085937500000e+03;-4.8378040895594895e+03;-4.8378041992187500e+03
9;137000000;-5.2225993577793261e+03;-5.2226025390625000e+03;-5.2225993577793233e+03;-5.2225996093750000e+03;-5.2226025390625000e+03;-5.2225993577793188e+03;-5.2225996093750000e+03
0;139000000;1.0916711767930083e+03;1.0916723632812500e+03;1.0916711767930121e+03;1.0916712646484375e+03;1.0916746826171875e+03;1.0916711767930085e+03;1.0916733398437500e+03
1;139000000;5.9052457479503104e+01;5.9051940917968750e+01;5.9052457479500134e+01;5.9052524566650391e+01;5.9048648834228516e+01;5.9052457479508575e+01;5.9053710937500000e+01
2;139000000;6.6728060602847518e+02;6.6727728271484375e+02;6.6728060602847916e+02;6.6728063964843750e+02;6.6728021240234375e+02;6.6728060602847449e+02;6.6728112792968750e+02
3;139000000;5.6485536006441623e+02;5.6485559082031250e+02;5.6485536006441271e+02;5.6485528564453125e+02;5.6485687255859375e+02;5.6485536006441316e+02;5.6485656738281250e+02
4;139000000;9.9042309837698284e+00;9.9065093994140625e+00;9.9042309837672349e+00;9.9041805267333984e+00;9.9025077819824219e+00;9.9042309837637958e+00;9.9044799804687500e+00
5;139000000;-9.8557621322212390e+02;-9.8557867431640625e+02;-9.8557621322212560e+02;-9.8557623291015625e+02;-9.8557934570312500e+02;-9.8557621322212617e+02;-9.8557385253906250e+02
6;139000000;-2.1521045344324543e+03;-2.1521052246093750e+03;-2.1521045344324530e+03;-2.1521044921875000e+03;-2.1521079101562500e+03;-2.1521045344324612e+03;-2.1521040039062500e+03
7;139000000;-2.8481819049308251e+03;-2.8481826171875000e+03;-2.8481819049308215e+03;-2.8481818847656250e+03;-2.8481791992187500e+03;-2.8481819049308269e+03;-2.8481801757812500e+03
8;139000000;-5.1171506015862496e+03;-5.1171391601562500e+03;-5.1171506015862524e+03;-5.1171503906250000e+03;-5.1171420898437500e+03;-5.1171506015862615e+03;-5.1171513671875000e+03
9;139000000;-5.1372352449361215e+03;-5.1372299804687500e+03;-5.1372352449361142e+03;-5.1372353515625000e+03;-5.1372275390625000e+03;-5.1372352449361370e+03;-5.1372363281250000e+03
0;141000000;-1.1581536314560356e+02;-1.1581265258789062e+02;-1.1581536314560101e+02;-1.1581529235839844e+02;-1.1581391906738281e+02;-1.1581536314560390e+02;-1.1581317138671875e+02
1;141000000;2.4151868695566233e+02;2.4151948547363281e+02;2.4151868695566745e+02;2.4151875305175781e+02;2.4151660156250000e+02;2.4151868695566395e+02;2.4151843261718750e+02
2;141000000;6.2919615343626390e+02;6.2919311523437500e+02;6.2919615343626026e+02;6.2919616699218750e+02;6.2919494628906250e+02;6.2919615343626037e+02;6.2919555664062500e+02
3;141000000;-1.7487803087933725e+02;-1.7488146972656250e+02;-1.7487803087933702e+02;-1.7487803649902344e+02;-1.7488069152832031e+02;-1.7487803087933253e+02;-1.7487768554687500e+02
4;141000000;7.6284776619370029e+02;7.6284954833984375e+02;7.6284776619369870e+02;7.6284771728515625e+02;7.6284863281250000e+02;7.6284776619370268e+02;7.6284887695312500e+02
5;141000000;-4.3512228388447414e+02;-4.3512200927734375e+02;-4.3512228388447397e+02;-4.3512231445312500e+02;-4.3512268066406250e+02;-4.3512228388447727e+02;-4.3512060546875000e+02
6;141000000;-1.5371294388002159e+03;-1.5371291503906250e+03;-1.5371294388002163e+03;-1.5371295166015625e+03;-1.5371322021484375e+03;-1.5371294388002170e+03;-1.5371284179687500e+03
7;141000000;-2.8337732625223807e+03;-2.8337712402343750e+03;-2.8337732625223816e+03;-2.8337731933593750e+03;-2.8337683105468750e+03;-2.8337732625223839e+03;-2.8337709960937500e+03
8;141000000;-4.7689887398079727e+03;-4.7689785156250000e+03;-4.7689887398079727e+03;-4.7689887695312500e+03;-4.7689814453125000e+03;-4.7689887398079791e+03;-4.7689892578125000e+03
9;141000000;-4.7931402578880434e+03;-4.7931391601562500e+03;-4.7931402578880525e+03;-4.7931401367187500e+03;-4.7931367187500000e+03;-4.7931402578880570e+03;-4.7931396484375000e+03
0;143000000;-8.7088630393361029e+02;-8.7088824462890625e+02;-8.7088630393361166e+02;-8.7088623046875000e+02;-8.7088885498046875e+02;-8.7088630393360870e+02;-8.7088452148437500e+02
1;143000000;8.1901633500173546e+02;8.1901660156250000e+02;8.1901633500173375e+02;8.1901641845703125e+02;8.1901513671875000e+02;8.1901633500173352e+02;8.1901721191406250e+02
2;143000000;7.8614209163833706e+01;7.8609558105468750e+01;7.8614209163838041e+01;7.8614250183105469e+01;7.8607238769531250e+01;7.8614209163834857e+01;7.8614501953125000e+01
3;143000000;-2.8208694998646604e+02;-2.8209039306640625e+02;-2.8208694998647655e+02;-2.8208697509765625e+02;-2.8209130859375000e+02;-2.8208694998646592e+02;-2.8208624267578125e+02
4;143000000;6.7512149135170159e+02;6.7512481689453125e+02;6.7512149135170603e+02;6.7512145996093750e+02;6.7512384033203125e+02;6.7512149135170830e+02;6.7512219238281250e+02
5;143000000;-5.1009783635267729e+02;-5.1009640502929688e+02;-5.1009783635267365e+02;-5.1009786987304688e+02;-5.1009652709960938e+02;-5.1009783635267513e+02;-5.1009527587890625e+02
6;143000000;-1.3141180367522863e+03;-1.3141199951171875e+03;-1.3141180367522954e+03;-1.3141180419921875e+03;-1.3141198730468750e+03;-1.3141180367522952e+03;-1.3141170654296875e+03
7;143000000;-2.5926182379346919e+03;-2.5926176757812500e+03;-2.5926182379346928e+03;-2.5926181640625000e+03;-2.5926191406250000e+03;-2.5926182379346978e+03;-2.5926171875000000e+03
8;143000000;-4.6553700315156520e+03;-4.6553676757812500e+03;-4.6553700315156493e+03;-4.6553701171875000e+03;-4.6553686523437500e+03;-4.6553700315156329e+03;-4.6553696289062500e+03
9;143000000;-5.0499260801878581e+03;-5.0499291992187500e+03;-5.0499260801878572e+03;-5.0499262695312500e+03;-5.0499296875000000e+03;-5.0499260801878590e+03;-5.0499257812500000e+03
0;145000000;-5.3298975925625223e+02;-5.3299481201171875e+02;-5.3298975925624745e+02;-5.3298968505859375e+02;-5.3299621582031250e+02;-5.3298975925626087e+02;-5.3298815917968750e+02
1;145000000;-4.5668318933989303e+02;-4.5668304443359375e+02;-4.5668318933988263e+02;-4.5668313598632812e+02;-4.5668020629882812e+02;-4.5668318933988246e+02;-4.5668209838867188e+02
2;145000000;3.9630810740519780e+02;3.9630993652343750e+02;3.9630810740520303e+02;3.9630813598632812e+02;3.9630841064453125e+02;3.9630810740519632e+02;3.9630871582031250e+02
3;145000000;-6.4573243300549939e+02;-6.4573474121093750e+02;-6.4573243300549530e+02;-6.4573248291015625e+02;-6.4573168945312500e+02;-6.4573243300549439e+02;-6.4573156738281250e+02
4;145000000;2.3805080480756499e+02;2.3805215454101562e+02;2.3805080480756658e+02;2.3805079650878906e+02;2.3805064392089844e+02;2.3805080480756965e+02;2.3805261230468750e+02
5;145000000;4.2010177427154935e+02;4.2010183715820312e+02;4.2010177427154440e+02;4.2010174560546875e+02;4.2010119628906250e+02;4.2010177427154304e+02;4.2010357666015625e+02
6;145000000;-6.9689553320470930e+02;-6.9689947509765625e+02;-6.9689553320471111e+02;-6.9689556884765625e+02;-6.9689862060546875e+02;-6.9689553320470895e+02;-6.9689373779296875e+02
7;145000000;-1.9418191731165016e+03;-1.9418157958984375e+03;-1.9418191731164980e+03;-1.9418192138671875e+03;-1.9418177490234375e+03;-1.9418191731164984e+03;-1.9418168945312500e+03
8;145000000;-4.6431755827710786e+03;-4.6431767578125000e+03;-4.6431755827710840e+03;-4.6431757812500000e+03;-4.6431811523437500e+03;-4.6431755827710722e+03;-4.6431757812500000e+03
9;145000000;-4.6687289851267769e+03;-4.6687231445312500e+03;-4.6687289851267788e+03;-4.6687290039062500e+03;-4.6687285156250000e+03;-4.6687289851267751e+03;-4.6687299804687500e+03
0;147000000;-9.4617171954430910e+02;-9.4617272949218750e+02;-9.4617171954430614e+02;-9.4617163085937500e+02;-9.4617291259765625e+02;-9.4617171954431365e+02;-9.4617028808593750e+02
1;147000000;-1.2216494742087402e+03;-1.2216467285156250e+03;-1.2216494742087305e+03;-1.2216494140625000e+03;-1.2216451416015625e+03;-1.2216494742087284e+03;-1.2216486816406250e+03
2;147000000;9.2846582210757833e+02;9.2846704101562500e+02;9.2846582210758129e+02;9.2846582031250000e+02;9.2846453857421875e+02;9.2846582210757674e+02;9.2846557617187500e+02
3;147000000;-9.0172491584015381e+02;-9.0172790527343750e+02;-9.0172491584015393e+02;-9.0172491455078125e+02;-9.0172515869140625e+02;-9.0172491584015052e+02;-9.0172332763671875e+02
4;147000000;1.6865585691741458e+02;1.6865538024902344e+02;1.6865585691741069e+02;1.6865582275390625e+02;1.6865740966796875e+02;1.6865585691741808e+02;1.6865734863281250e+02
5;147000000;1.3535683449666760e+02;1.3535757446289062e+02;1.3535683449667266e+02;1.3535682678222656e+02;1.3535588073730469e+02;1.3535683449666362e+02;1.3535998535156250e+02
6;147000000;-6.5669493769575104e+02;-6.5669439697265625e+02;-6.5669493769575047e+02;-6.5669494628906250e+02;-6.5669244384765625e+02;-6.5669493769574501e+02;-6.5669281005859375e+02
7;147000000;-1.7138622578114857e+03;-1.7138592529296875e+03;-1.7138622578114841e+03;-1.7138623046875000e+03;-1.7138583984375000e+03;-1.7138622578114878e+03;-1.7138597412109375e+03
8;147000000;-4.3238993574798969e+03;-4.3239018554687500e+03;-4.3238993574799033e+03;-4.3238994140625000e+03;-4.3239038085937500e+03;-4.3238993574799169e+03;-4.3238994140625000e+03
9;147000000;-4.4911635605232905e+03;-4.4911748046875000e+03;-4.4911635605232887e+03;-4.4911635742187500e+03;-4.4911704101562500e+03;-4.4911635605232923e+03;-4.4911645507812500e+03
0;149000000;-1.1326605194146382e+03;-1.1326663818359375e+03;-1.1326605194146398e+03;-1.1326604003906250e+03;-1.1326594238281250e+03;-1.1326605194146405e+03;-1.1326579589843750e+03
1;149000000;-5.5734646200332554e+02;-5.5734948730468750e+02;-5.5734646200332554e+02;-5.5734637451171875e+02;-5.5734741210937500e+02;-5.5734646200331997e+02;-5.5734533691406250e+02
2;149000000;-4.7096407433476509e+02;-4.7096514892578125e+02;-4.7096407433476702e+02;-4.7096405029296875e+02;-4.7096423339843750e+02;-4.7096407433476338e+02;-4.7096307373046875e+02
3;149000000;-4.9726319818977879e+02;-4.9726782226562500e+02;-4.9726319818977998e+02;-4.9726321411132812e+02;-4.9726251220703125e+02;-4.9726319818977527e+02;-4.9726184082031250e+02
4;149000000;-2.5181361283138048e+02;-2.5181738281250000e+02;-2.5181361283138796e+02;-2.5181364440917969e+02;-2.5181639099121094e+02;-2.5181361283138227e+02;-2.5181225585937500e+02
5;149000000;-3.1197659277467653e+02;-3.1197473144531250e+02;-3.1197659277468404e+02;-3.1197656250000000e+02;-3.1197567749023438e+02;-3.1197659277468995e+02;-3.1197344970703125e+02
6;149000000;1.6210075607803128e+02;1.6209858703613281e+02;1.6210075607802725e+02;1.6210072326660156e+02;1.6210174560546875e+02;1.6210075607802310e+02;1.6210211181640625e+02
7;149000000;-1.0983939535507075e+03;-1.0983931884765625e+03;-1.0983939535507068e+03;-1.0983939208984375e+03;-1.0983957519531250e+03;-1.0983939535507050e+03;-1.0983918457031250e+03
8;149000000;-3.6490495203539781e+03;-3.6490517578125000e+03;-3.6490495203539767e+03;-3.6490495605468750e+03;-3.6490522460937500e+03;-3.6490495203539776e+03;-3.6490493164062500e+03
9;149000000;-4.4942415057259332e+03;-4.4942475585937500e+03;-4.4942415057259241e+03;-4.4942416992187500e+03;-4.4942451171875000e+03;-4.4942415057259341e+03;-4.4942421875000000e+03
0;151000000;-3.2296486482862696e+02;-3.2296417236328125e+02;-3.2296486482862770e+02;-3.2296478271484375e+02;-3.2296902465820312e+02;-3.2296486482862235e+02;-3.2296289062500000e+02
1;151000000;-9.8760951879246113e+02;-9.8761352539062500e+02;-9.8760951879246966e+02;-9.8760943603515625e+02;-9.8761309814453125e+02;-9.8760951879246568e+02;-9.8760943603515625e+02
2;151000000;-1.1189299376591830e+03;-1.1189309082031250e+03;-1.1189299376591850e+03;-1.1189299316406250e+03;-1.1189284667968750e+03;-1.1189299376591816e+03;-1.1189287109375000e+03
3;151000000;-2.3833698136882876e+02;-2.3834011840820312e+02;-2.3833698136882350e+02;-2.3833702087402344e+02;-2.3834088134765625e+02;-2.3833698136882253e+02;-2.3833489990234375e+02
4;151000000;-4.8216223287344786e+02;-4.8216354370117188e+02;-4.8216223287344440e+02;-4.8216226196289062e+02;-4.8216619873046875e+02;-4.8216223287344519e+02;-4.8216143798828125e+02
5;151000000;-3.0628913150818352e+02;-3.0628802490234375e+02;-3.0628913150818317e+02;-3.0628915405273438e+02;-3.0628851318359375e+02;-3.0628913150818153e+02;-3.0628680419921875e+02
6;151000000;-3.0612870116863263e+01;-3.0614402770996094e+01;-3.0612870116865459e+01;-3.0612878799438477e+01;-3.0611968994140625e+01;-3.0612870116869544e+01;-3.0610900878906250e+01
7;151000000;-1.1805929384654842e+03;-1.1805933837890625e+03;-1.1805929384654871e+03;-1.1805930175781250e+03;-1.1805909423828125e+03;-1.1805929384654878e+03;-1.1805905761718750e+03
8;151000000;-3.3176009739711517e+03;-3.3175971679687500e+03;-3.3176009739711571e+03;-3.3176010742187500e+03;-3.3176035156250000e+03;-3.3176009739711517e+03;-3.3176015625000000e+03
9;151000000;-4.1130828583086068e+03;-4.1130810546875000e+03;-4.1130828583086050e+03;-4.1130830078125000e+03;-4.1130810546875000e+03;-4.1130828583086013e+03;-4.1130834960937500e+03
0;153000000;9.9892168191698360e+01;9.9891799926757812e+01;9.9892168191701899e+01;9.9892250061035156e+01;9.9893684387207031e+01;9.9892168191696328e+01;9.9893920898437500e+01
1;153000000;-1.3209995222397602e+03;-1.3210007324218750e+03;-1.3209995222397658e+03;-1.3209995117187500e+03;-1.3210056152343750e+03;-1.3209995222397665e+03;-1.3209980468750000e+03
2;153000000;-9.4536337610141697e+02;-9.4536334228515625e+02;-9.4536337610140788e+02;-9.4536334228515625e+02;-9.4536383056640625e+02;-9.4536337610141686e+02;-9.4536273193359375e+02
3;153000000;-1.9061646609518943e+03;-1.9061669921875000e+03;-1.9061646609518868e+03;-1.9061646728515625e+03;-1.9061610107421875e+03;-1.9061646609518809e+03;-1.9061627197265625e+03
4;153000000;1.0338129546842862e+02;1.0338149261474609e+02;1.0338129546842282e+02;1.0338125610351562e+02;1.0338262939453125e+02;1.0338129546843379e+02;1.0338305664062500e+02
5;153000000;-8.6381318895473703e+02;-8.6381390380859375e+02;-8.6381318895473919e+02;-8.6381317138671875e+02;-8.6381243896484375e+02;-8.6381318895474328e+02;-8.6381127929687500e+02
6;153000000;-5.6305456036577687e+02;-5.6305535888671875e+02;-5.6305456036577414e+02;-5.6305456542968750e+02;-5.6305548095703125e+02;-5.6305456036577584e+02;-5.6305297851562500e+02
7;153000000;-2.8562983683796097e+02;-2.8563250732421875e+02;-2.8562983683796068e+02;-2.8562985229492188e+02;-2.8563171386718750e+02;-2.8562983683796392e+02;-2.8562634277343750e+02
8;153000000;-2.7382050659591282e+03;-2.7382014160156250e+03;-2.7382050659591364e+03;-2.7382050781250000e+03;-2.7382041015625000e+03;-2.7382050659591350e+03;-2.7382060546875000e+03
9;153000000;-3.6132896309619864e+03;-3.6132861328125000e+03;-3.6132896309619878e+03;-3.6132895507812500e+03;-3.6132932128906250e+03;-3.6132896309619946e+03;-3.6132902832031250e+03
0;155000000;-2.6968711435970835e+02;-2.6968829345703125e+02;-2.6968711435970494e+02;-2.6968704223632812e+02;-2.6968640136718750e+02;-2.6968711435970704e+02;-2.6968542480468750e+02
1;155000000;-5.9034165809933847e+02;-5.9034368896484375e+02;-5.9034165809932870e+02;-5.9034161376953125e+02;-5.9034655761718750e+02;-5.9034165809934120e+02;-5.9034069824218750e+02
2;155000000;-1.1846804390402331e+03;-1.1846795654296875e+03;-1.1846804390402294e+03;-1.1846804199218750e+03;-1.1846823730468750e+03;-1.1846804390402349e+03;-1.1846784667968750e+03
3;155000000;-1.9860652562177825e+03;-1.9860620117187500e+03;-1.9860652562177847e+03;-1.9860653076171875e+03;-1.9860628662109375e+03;-1.9860652562177715e+03;-1.9860644531250000e+03
4;155000000;5.5722103379520597e+01;5.5723220825195312e+01;5.5722103379521982e+01;5.5722064971923828e+01;5.5725467681884766e+01;5.5722103379530949e+01;5.5723999023437500e+01
5;155000000;-9.7730087323466364e+02;-9.7730175781250000e+02;-9.7730087323466921e+02;-9.7730084228515625e+02;-9.7729998779296875e+02;-9.7730087323466330e+02;-9.7729833984375000e+02
6;155000000;-4.1036595119413136e+02;-4.1036761474609375e+02;-4.1036595119412533e+02;-4.1036593627929688e+02;-4.1036325073242188e+02;-4.1036595119413096e+02;-4.1036315917968750e+02
7;155000000;-6.8654612873494227e+02;-6.8654650878906250e+02;-6.8654612873493966e+02;-6.8654614257812500e+02;-6.8654772949218750e+02;-6.8654612873494057e+02;-6.8654223632812500e+02
8;155000000;-3.0012596298180915e+03;-3.0012568359375000e+03;-3.0012596298180988e+03;-3.0012595214843750e+03;-3.0012626953125000e+03;-3.0012596298180952e+03;-3.0012583007812500e+03
9;155000000;-3.2805856088583269e+03;-3.2805820312500000e+03;-3.2805856088583218e+03;-3.2805856933593750e+03;-3.2805874023437500e+03;-3.2805856088583264e+03;-3.2805861816406250e+03
0;157000000;-1.1179464838841861e+03;-1.1179425048828125e+03;-1.1179464838841889e+03;-1.1179464111328125e+03;-1.1179450683593750e+03;-1.1179464838841795e+03;-1.1179451904296875e+03
1;157000000;-1.3908602154281490e+02;-1.3908787536621094e+02;-1.3908602154281351e+02;-1.3908595275878906e+02;-1.3908435058593750e+02;-1.3908602154281539e+02;-1.3908502197265625e+02
2;157000000;-1.1964636345179401e+03;-1.1964641113281250e+03;-1.1964636345179392e+03;-1.1964636230468750e+03;-1.1964621582031250e+03;-1.1964636345179397e+03;-1.1964621582031250e+03
3;157000000;-1.8476792749119734e+03;-1.8476766357421875e+03;-1.8476792749119645e+03;-1.8476793212890625e+03;-1.8476790771484375e+03;-1.8476792749119691e+03;-1.8476781005859375e+03
4;157000000;-1.7033286018633198e+03;-1.7033250732421875e+03;-1.7033286018633187e+03;-1.7033286132812500e+03;-1.7033260498046875e+03;-1.7033286018633246e+03;-1.7033278808593750e+03
5;157000000;-4.7088208780264711e+02;-4.7088409423828125e+02;-4.7088208780264711e+02;-4.7088208007812500e+02;-4.7088543701171875e+02;-4.7088208780264563e+02;-4.7087878417968750e+02
6;157000000;-1.3270582636573265e+03;-1.3270573730468750e+03;-1.3270582636573233e+03;-1.3270582275390625e+03;-1.3270550537109375e+03;-1.3270582636573240e+03;-1.3270555419921875e+03
7;157000000;-1.1444760003809943e+03;-1.1444792480468750e+03;-1.1444760003809922e+03;-1.1444759521484375e+03;-1.1444772949218750e+03;-1.1444760003809961e+03;-1.1444730224609375e+03
8;157000000;-2.3456078498471957e+03;-2.3456135253906250e+03;-2.3456078498471993e+03;-2.3456079101562500e+03;-2.3456105957031250e+03;-2.3456078498472048e+03;-2.3456074218750000e+03
9;157000000;-2.9227569996411316e+03;-2.9227631835937500e+03;-2.9227569996411221e+03;-2.9227570800781250e+03;-2.9227653808593750e+03;-2.9227569996411216e+03;-2.9227565917968750e+03
0;159000000;-1.1560228022948781e+03;-1.1560229492187500e+03;-1.1560228022948811e+03;-1.1560227050781250e+03;-1.1560209960937500e+03;-1.1560228022948745e+03;-1.1560212402343750e+03
1;159000000;-7.3442982284407685e+02;-7.3442980957031250e+02;-7.3442982284407537e+02;-7.3442974853515625e+02;-7.3443041992187500e+02;-7.3442982284407503e+02;-7.3442864990234375e+02
2;159000000;-6.2217577981997158e+02;-6.2217785644531250e+02;-6.2217577981996862e+02;-6.2217572021484375e+02;-6.2217828369140625e+02;-6.2217577981997033e+02;-6.2217480468750000e+02
3;159000000;-2.3163014786641152e+03;-2.3162937011718750e+03;-2.3163014786641097e+03;-2.3163015136718750e+03;-2.3162937011718750e+03;-2.3163014786641102e+03;-2.3162998046875000e+03
4;159000000;-1.6207573685899358e+03;-1.6207559814453125e+03;-1.6207573685899299e+03;-1.6207574462890625e+03;-1.6207579345703125e+03;-1.6207573685899310e+03;-1.6207556152343750e+03
5;159000000;-8.6487923928818793e+02;-8.6488183593750000e+02;-8.6487923928819293e+02;-8.6487927246093750e+02;-8.6488146972656250e+02;-8.6487923928819146e+02;-8.6487579345703125e+02
6;159000000;-1.1486693086207324e+03;-1.1486718750000000e+03;-1.1486693086207310e+03;-1.1486693115234375e+03;-1.1486732177734375e+03;-1.1486693086207365e+03;-1.1486678466796875e+03
7;159000000;-1.4058966074718692e+03;-1.4058999023437500e+03;-1.4058966074718660e+03;-1.4058966064453125e+03;-1.4058999023437500e+03;-1.4058966074718721e+03;-1.4058931884765625e+03
8;159000000;-2.7164863507709515e+03;-2.7164882812500000e+03;-2.7164863507709501e+03;-2.7164863281250000e+03;-2.7164929199218750e+03;-2.7164863507709570e+03;-2.7164848632812500e+03
9;159000000;-2.6860458350039912e+03;-2.6860480957031250e+03;-2.6860458350039926e+03;-2.6860458984375000e+03;-2.6860517578125000e+03;-2.6860458350039967e+03;-2.6860468750000000e+03
0;161000000;-6.3396037685480451e+02;-6.3395874023437500e+02;-6.3396037685479962e+02;-6.3396026611328125e+02;-6.3396020507812500e+02;-6.3396037685480610e+02;-6.3395874023437500e+02
1;161000000;-1.1898435077826869e+03;-1.1898414306640625e+03;-1.1898435077826846e+03;-1.1898435058593750e+03;-1.1898403320312500e+03;-1.1898435077826805e+03;-1.1898430175781250e+03
2;161000000;1.3146603911358989e+02;1.3146652221679688e+02;1.3146603911358869e+02;1.3146606445312500e+02;1.3146638488769531e+02;1.3146603911358557e+02;1.3146752929687500e+02
3;161000000;-2.0799659915533521e+03;-2.0799672851562500e+03;-2.0799659915533471e+03;-2.0799660644531250e+03;-2.0799677734375000e+03;-2.0799659915533553e+03;-2.0799653320312500e+03
4;161000000;-1.4543087969940646e+03;-1.4543071289062500e+03;-1.4543087969940607e+03;-1.4543088378906250e+03;-1.4543068847656250e+03;-1.4543087969940711e+03;-1.4543072509765625e+03
5;161000000;-2.3983493996193233e+03;-2.3983540039062500e+03;-2.3983493996193274e+03;-2.3983493652343750e+03;-2.3983547363281250e+03;-2.3983493996193329e+03;-2.3983461914062500e+03
6;161000000;-8.3662975394852253e+02;-8.3663293457031250e+02;-8.3662975394851742e+02;-8.3662976074218750e+02;-8.3663177490234375e+02;-8.3662975394852174e+02;-8.3662707519531250e+02
7;161000000;-1.8505546157280510e+03;-1.8505518798828125e+03;-1.8505546157280492e+03;-1.8505545654296875e+03;-1.8505559082031250e+03;-1.8505546157280553e+03;-1.8505505371093750e+03
8;161000000;-3.1445884349568287e+03;-3.1445908203125000e+03;-3.1445884349568287e+03;-3.1445883789062500e+03;-3.1445920410156250e+03;-3.1445884349568296e+03;-3.1445874023437500e+03
9;161000000;-1.8481159588386367e+03;-1.8481131591796875e+03;-1.8481159588386286e+03;-1.8481159667968750e+03;-1.8481132812500000e+03;-1.8481159588386372e+03;-1.8481158447265625e+03
0;163000000;-4.8977343134433772e+02;-4.8977435302734375e+02;-4.8977343134433494e+02;-4.8977334594726562e+02;-4.8977676391601562e+02;-4.8977343134434307e+02;-4.8977185058593750e+02
1;163000000;-1.1882713827905609e+03;-1.1882709960937500e+03;-1.1882713827905652e+03;-1.1882713623046875e+03;-1.1882698974609375e+03;-1.1882713827905577e+03;-1.1882716064453125e+03
2;163000000;-7.1698888017355682e+02;-7.1698864746093750e+02;-7.1698888017355455e+02;-7.1698883056640625e+02;-7.1699133300781250e+02;-7.1698888017356057e+02;-7.1698742675781250e+02
3;163000000;-1.8236608484982601e+03;-1.8236641845703125e+03;-1.8236608484982592e+03;-1.8236608886718750e+03;-1.8236612548828125e+03;-1.8236608484982669e+03;-1.8236580810546875e+03
4;163000000;-2.0126581852802058e+03;-2.0126557617187500e+03;-2.0126581852802060e+03;-2.0126582031250000e+03;-2.0126511230468750e+03;-2.0126581852802142e+03;-2.0126562500000000e+03
5;163000000;-2.1791648931984337e+03;-2.1791657714843750e+03;-2.1791648931984364e+03;-2.1791647949218750e+03;-2.1791660156250000e+03;-2.1791648931984437e+03;-2.1791628417968750e+03
6;163000000;-1.3208500326051972e+03;-1.3208535156250000e+03;-1.3208500326051926e+03;-1.3208499755859375e+03;-1.3208492431640625e+03;-1.3208500326051958e+03;-1.3208466796875000e+03
7;163000000;-1.8498322538673037e+03;-1.8498356933593750e+03;-1.8498322538673074e+03;-1.8498322753906250e+03;-1.8498375244140625e+03;-1.8498322538673146e+03;-1.8498286132812500e+03
8;163000000;-3.2861919045882241e+03;-3.2861953125000000e+03;-3.2861919045882264e+03;-3.2861918945312500e+03;-3.2861918945312500e+03;-3.2861919045882228e+03;-3.2861906738281250e+03
9;163000000;-2.7825415235266069e+03;-2.7825373535156250e+03;-2.7825415235266087e+03;-2.7825415039062500e+03;-2.7825380859375000e+03;-2.7825415235266109e+03;-2.7825405273437500e+03
0;165000000;1.2217777972845624e+01;1.2217760086059570e+01;1.2217777972843201e+01;1.2217876434326172e+01;1.2216825485229492e+01;1.2217777972841304e+01;1.2219604492187500e+01
1;165000000;-7.9555771480229134e+02;-7.9556274414062500e+02;-7.9555771480228748e+02;-7.9555761718750000e+02;-7.9556097412109375e+02;-7.9555771480229350e+02;-7.9555725097656250e+02
2;165000000;-1.2413306234497045e+03;-1.2413312988281250e+03;-1.2413306234497095e+03;-1.2413305664062500e+03;-1.2413336181640625e+03;-1.2413306234497104e+03;-1.2413300781250000e+03
3;165000000;-1.2753504358729867e+03;-1.2753533935546875e+03;-1.2753504358729817e+03;-1.2753504638671875e+03;-1.2753510742187500e+03;-1.2753504358729904e+03;-1.2753488769531250e+03
4;165000000;-1.5895974286163737e+03;-1.5895985107421875e+03;-1.5895974286163732e+03;-1.5895974121093750e+03;-1.5895963134765625e+03;-1.5895974286163737e+03;-1.5895955810546875e+03
5;165000000;-1.8050838305455352e+03;-1.8050788574218750e+03;-1.8050838305455366e+03;-1.8050838623046875e+03;-1.8050797119140625e+03;-1.8050838305455395e+03;-1.8050809326171875e+03
6;165000000;-2.7743517690931212e+03;-2.7743496093750000e+03;-2.7743517690931235e+03;-2.7743518066406250e+03;-2.7743562011718750e+03;-2.7743517690931344e+03;-2.7743496093750000e+03
7;165000000;-1.1950496559524008e+03;-1.1950458984375000e+03;-1.1950496559523999e+03;-1.1950496826171875e+03;-1.1950484619140625e+03;-1.1950496559524045e+03;-1.1950452880859375e+03
8;165000000;-3.7013650801306530e+03;-3.7013625488281250e+03;-3.7013650801306553e+03;-3.7013649902343750e+03;-3.7013605957031250e+03;-3.7013650801306662e+03;-3.7013623046875000e+03
9;165000000;-3.0973950323391518e+03;-3.0973984375000000e+03;-3.0973950323391400e+03;-3.0973950195312500e+03;-3.0973937988281250e+03;-3.0973950323391455e+03;-3.0973935546875000e+03
0;167000000;8.2344903068389215e+02;8.2344940185546875e+02;8.2344903068388794e+02;8.2344915771484375e+02;8.2344720458984375e+02;8.2344903068388248e+02;8.2344934082031250e+02
1;167000000;-7.6295858718624868e+02;-7.6296112060546875e+02;-7.6295858718624663e+02;-7.6295849609375000e+02;-7.6296313476562500e+02;-7.6295858718625323e+02;-7.6295788574218750e+02
2;167000000;-1.0594842374313050e+03;-1.0594837646484375e+03;-1.0594842374313062e+03;-1.0594842529296875e+03;-1.0594840087890625e+03;-1.0594842374313037e+03;-1.0594830322265625e+03
3;167000000;-1.9941938708320572e+03;-1.9941954345703125e+03;-1.9941938708320608e+03;-1.9941939697265625e+03;-1.9941923828125000e+03;-1.9941938708320640e+03;-1.9941923828125000e+03
4;167000000;-1.1704322040716445e+03;-1.1704321289062500e+03;-1.1704322040716459e+03;-1.1704322509765625e+03;-1.1704349365234375e+03;-1.1704322040716402e+03;-1.1704307861328125e+03
5;167000000;-2.5964038237196769e+03;-2.5963986816406250e+03;-2.5964038237196824e+03;-2.5964038085937500e+03;-2.5964008789062500e+03;-2.5964038237196819e+03;-2.5964003906250000e+03
6;167000000;-2.4949248844274362e+03;-2.4949262695312500e+03;-2.4949248844274416e+03;-2.4949248046875000e+03;-2.4949282226562500e+03;-2.4949248844274562e+03;-2.4949223632812500e+03
7;167000000;-2.2860957130475344e+03;-2.2860957031250000e+03;-2.2860957130475417e+03;-2.2860957031250000e+03;-2.2860932617187500e+03;-2.2860957130475390e+03;-2.2860913085937500e+03
8;167000000;-3.7188715563361875e+03;-3.7188666992187500e+03;-3.7188715563361870e+03;-3.7188715820312500e+03;-3.7188647460937500e+03;-3.7188715563361943e+03;-3.7188706054687500e+03
9;167000000;-3.3277447702638392e+03;-3.3277441406250000e+03;-3.3277447702638324e+03;-3.3277446289062500e+03;-3.3277460937500000e+03;-3.3277447702638324e+03;-3.3277441406250000e+03
0;169000000;1.2767102829637454e+03;1.2767095947265625e+03;1.2767102829637433e+03;1.2767104492187500e+03;1.2767060546875000e+03;1.2767102829637374e+03;1.2767111816406250e+03
1;169000000;4.1845493447288121e+01;4.1844169616699219e+01;4.1845493447284397e+01;4.1845577239990234e+01;4.1842552185058594e+01;4.1845493447280205e+01;4.1845825195312500e+01
2;169000000;-6.1612418344201808e+02;-6.1612243652343750e+02;-6.1612418344202410e+02;-6.1612414550781250e+02;-6.1612280273437500e+02;-6.1612418344202706e+02;-6.1612280273437500e+02
3;169000000;-2.5492017475404241e+03;-2.5491987304687500e+03;-2.5492017475404332e+03;-2.5492019042968750e+03;-2.5492038574218750e+03;-2.5492017475404291e+03;-2.5492009277343750e+03
4;169000000;-1.1236433117114493e+03;-1.1236422119140625e+03;-1.1236433117114457e+03;-1.1236433105468750e+03;-1.1236406250000000e+03;-1.1236433117114489e+03;-1.1236417236328125e+03
5;169000000;-2.0472096788037863e+03;-2.0472082519531250e+03;-2.0472096788037818e+03;-2.0472097167968750e+03;-2.0472047119140625e+03;-2.0472096788037900e+03;-2.0472081298828125e+03
6;169000000;-2.1730392270799457e+03;-2.1730373535156250e+03;-2.1730392270799325e+03;-2.1730393066406250e+03;-2.1730437011718750e+03;-2.1730392270799521e+03;-2.1730366210937500e+03
7;169000000;-3.1445507277665397e+03;-3.1445502929687500e+03;-3.1445507277665333e+03;-3.1445507812500000e+03;-3.1445507812500000e+03;-3.1445507277665338e+03;-3.1445473632812500e+03
8;169000000;-3.0446314397317196e+03;-3.0446323242187500e+03;-3.0446314397317183e+03;-3.0446313476562500e+03;-3.0446245117187500e+03;-3.0446314397317142e+03;-3.0446293945312500e+03
9;169000000;-3.7290991494908640e+03;-3.7290922851562500e+03;-3.7290991494908603e+03;-3.7290991210937500e+03;-3.7290954589843750e+03;-3.7290991494908794e+03;-3.7290986328125000e+03
0;171000000;1.3104590174638654e+03;1.3104547119140625e+03;1.3104590174638586e+03;1.3104591064453125e+03;1.3104588623046875e+03;1.3104590174638629e+03;1.3104608154296875e+03
1;171000000;6.9378595254620552e+02;6.9378503417968750e+02;6.9378595254619540e+02;6.9378607177734375e+02;6.9378753662109375e+02;6.9378595254619540e+02;6.9378698730468750e+02
2;171000000;-5.2675208111744485e+02;-5.2675378417968750e+02;-5.2675208111744939e+02;-5.2675201416015625e+02;-5.2675134277343750e+02;-5.2675208111745383e+02;-5.2675134277343750e+02
3;171000000;-2.1887042155970430e+03;-2.1887043457031250e+03;-2.1887042155970530e+03;-2.1887043457031250e+03;-2.1887026367187500e+03;-2.1887042155970526e+03;-2.1887031250000000e+03
4;171000000;-1.4602181611669894e+03;-1.4602207031250000e+03;-1.4602181611670042e+03;-1.4602182617187500e+03;-1.4602187500000000e+03;-1.4602181611670080e+03;-1.4602175292968750e+03
5;171000000;-1.4503803246828541e+03;-1.4503768310546875e+03;-1.4503803246828547e+03;-1.4503802490234375e+03;-1.4503762207031250e+03;-1.4503803246828618e+03;-1.4503773193359375e+03
6;171000000;-2.8765229597432526e+03;-2.8765319824218750e+03;-2.8765229597432499e+03;-2.8765229492187500e+03;-2.8765249023437500e+03;-2.8765229597432499e+03;-2.8765205078125000e+03
7;171000000;-3.0666400162256168e+03;-3.0666403808593750e+03;-3.0666400162256141e+03;-3.0666398925781250e+03;-3.0666389160156250e+03;-3.0666400162256145e+03;-3.0666374511718750e+03
8;171000000;-4.2509108724533808e+03;-4.2509077148437500e+03;-4.2509108724533844e+03;-4.2509106445312500e+03;-4.2509086914062500e+03;-4.2509108724533926e+03;-4.2509082031250000e+03
9;171000000;-3.4579087677365942e+03;-3.4579062500000000e+03;-3.4579087677365987e+03;-3.4579086914062500e+03;-3.4579106445312500e+03;-3.4579087677366165e+03;-3.4579082031250000e+03
0;173000000;1.3738189110984997e+03;1.3738177490234375e+03;1.3738189110984979e+03;1.3738189697265625e+03;1.3738189697265625e+03;1.3738189110984986e+03;1.3738198242187500e+03
1;173000000;1.1876130659035989e+03;1.1876135253906250e+03;1.1876130659035969e+03;1.1876131591796875e+03;1.1876163330078125e+03;1.1876130659035962e+03;1.1876142578125000e+03
2;173000000;1.7569461326253247e+02;1.7569604492187500e+02;1.7569461326253631e+02;1.7569467163085938e+02;1.7569396972656250e+02;1.7569461326253895e+02;1.7569592285156250e+02
3;173000000;-1.6103709866893957e+03;-1.6103771972656250e+03;-1.6103709866893969e+03;-1.6103709716796875e+03;-1.6103739013671875e+03;-1.6103709866894001e+03;-1.6103706054687500e+03
4;173000000;-2.0164163234494661e+03;-2.0164195556640625e+03;-2.0164163234494720e+03;-2.0164163818359375e+03;-2.0164222412109375e+03;-2.0164163234494652e+03;-2.0164143066406250e+03
5;173000000;-1.5049206533161503e+03;-1.5049201660156250e+03;-1.5049206533161466e+03;-1.5049206542968750e+03;-1.5049233398437500e+03;-1.5049206533161559e+03;-1.5049180908203125e+03
6;173000000;-2.4422923410110930e+03;-2.4422958984375000e+03;-2.4422923410110893e+03;-2.4422922363281250e+03;-2.4422951660156250e+03;-2.4422923410110998e+03;-2.4422910156250000e+03
7;173000000;-2.9693280450010411e+03;-2.9693234863281250e+03;-2.9693280450010507e+03;-2.9693281250000000e+03;-2.9693254394531250e+03;-2.9693280450010570e+03;-2.9693247070312500e+03
8;173000000;-4.9700446442875136e+03;-4.9700434570312500e+03;-4.9700446442875118e+03;-4.9700444335937500e+03;-4.9700444335937500e+03;-4.9700446442875036e+03;-4.9700429687500000e+03
9;173000000;-3.0416107585027585e+03;-3.0416088867187500e+03;-3.0416107585027576e+03;-3.0416108398437500e+03;-3.0416025390625000e+03;-3.0416107585027630e+03;-3.0416083984375000e+03
0;175000000;1.3271674108953562e+03;1.3271654052734375e+03;1.3271674108953521e+03;1.3271674804687500e+03;1.3271682128906250e+03;1.3271674108953589e+03;1.3271683349609375e+03
1;175000000;1.4331396511236385e+03;1.4331380615234375e+03;1.4331396511236408e+03;1.4331397705078125e+03;1.4331356201171875e+03;1.4331396511236380e+03;1.4331396484375000e+03
2;175000000;8.0364597751306849e+02;8.0364605712890625e+02;8.0364597751306655e+02;8.0364605712890625e+02;8.0364288330078125e+02;8.0364597751306519e+02;8.0364770507812500e+02
3;175000000;-1.5205312211488354e+03;-1.5205301513671875e+03;-1.5205312211488344e+03;-1.5205312500000000e+03;-1.5205303955078125e+03;-1.5205312211488406e+03;-1.5205302734375000e+03
4;175000000;-1.6880446681272733e+03;-1.6880515136718750e+03;-1.6880446681272674e+03;-1.6880446777343750e+03;-1.6880443115234375e+03;-1.6880446681272690e+03;-1.6880443115234375e+03
5;175000000;-2.2505362781599897e+03;-2.2505434570312500e+03;-2.2505362781599933e+03;-2.2505363769531250e+03;-2.2505358886718750e+03;-2.2505362781600011e+03;-2.2505341796875000e+03
6;175000000;-1.9428460961281726e+03;-1.9428476562500000e+03;-1.9428460961281758e+03;-1.9428460693359375e+03;-1.9428474121093750e+03;-1.9428460961281889e+03;-1.9428437500000000e+03
7;175000000;-3.2512507384673013e+03;-3.2512448730468750e+03;-3.2512507384673027e+03;-3.2512507324218750e+03;-3.2512438964843750e+03;-3.2512507384672990e+03;-3.2512470703125000e+03
8;175000000;-4.6303875502867368e+03;-4.6303891601562500e+03;-4.6303875502867349e+03;-4.6303876953125000e+03;-4.6303896484375000e+03;-4.6303875502867304e+03;-4.6303862304687500e+03
9;175000000;-4.2092902053675898e+03;-4.2092890625000000e+03;-4.2092902053675862e+03;-4.2092900390625000e+03;-4.2092880859375000e+03;-4.2092902053675962e+03;-4.2092895507812500e+03
0;177000000;1.5748693757525418e+03;1.5748695068359375e+03;1.5748693757525386e+03;1.5748695068359375e+03;1.5748687744140625e+03;1.5748693757525425e+03;1.5748702392578125e+03
1;177000000;1.4542653951345305e+03;1.4542625732421875e+03;1.4542653951345339e+03;1.4542655029296875e+03;1.4542642822265625e+03;1.4542653951345321e+03;1.4542653808593750e+03
2;177000000;1.1342904492929752e+03;1.1342878417968750e+03;1.1342904492929761e+03;1.1342905273437500e+03;1.1342857666015625e+03;1.1342904492929715e+03;1.1342910156250000e+03
3;177000000;-9.2979365983523780e+02;-9.2979602050781250e+02;-9.2979365983523621e+02;-9.2979364013671875e+02;-9.2979772949218750e+02;-9.2979365983523314e+02;-9.2979125976562500e+02
4;177000000;-1.3053760531977027e+03;-1.3053784179687500e+03;-1.3053760531976991e+03;-1.3053760986328125e+03;-1.3053807373046875e+03;-1.3053760531977009e+03;-1.3053747558593750e+03
5;177000000;-2.6301384384181765e+03;-2.6301416015625000e+03;-2.6301384384181792e+03;-2.6301384277343750e+03;-2.6301403808593750e+03;-2.6301384384181865e+03;-2.6301362304687500e+03
6;177000000;-1.7759832648832942e+03;-1.7759844970703125e+03;-1.7759832648832926e+03;-1.7759832763671875e+03;-1.7759857177734375e+03;-1.7759832648833080e+03;-1.7759820556640625e+03
7;177000000;-2.6771490761093655e+03;-2.6771499023437500e+03;-2.6771490761093664e+03;-2.6771491699218750e+03;-2.6771469726562500e+03;-2.6771490761093746e+03;-2.6771462402343750e+03
8;177000000;-4.8573839542835767e+03;-4.8573881835937500e+03;-4.8573839542835767e+03;-4.8573837890625000e+03;-4.8573872070312500e+03;-4.8573839542835685e+03;-4.8573818359375000e+03
9;177000000;-5.0364963707714269e+03;-5.0364931640625000e+03;-5.0364963707714160e+03;-5.0364965820312500e+03;-5.0364960937500000e+03;-5.0364963707714278e+03;-5.0364946289062500e+03
0;179000000;1.1136113850921010e+03;1.1136129150390625e+03;1.1136113850921006e+03;1.1136114501953125e+03;1.1136146240234375e+03;1.1136113850920979e+03;1.1136141357421875e+03
1;179000000;1.1021904784639371e+03;1.1021892089843750e+03;1.1021904784639382e+03;1.1021905517578125e+03;1.1021872558593750e+03;1.1021904784639391e+03;1.1021914062500000e+03
2;179000000;1.4230877313768804e+03;1.4230871582031250e+03;1.4230877313768767e+03;1.4230877685546875e+03;1.4230876464843750e+03;1.4230877313768772e+03;1.4230891113281250e+03
3;179000000;-9.1452335625815422e+01;-9.1451408386230469e+01;-9.1452335625816900e+01;-9.1452323913574219e+01;-9.1449302673339844e+01;-9.1452335625822002e+01;-9.1450683593750000e+01
4;179000000;-1.2415630561554167e+03;-1.2415601806640625e+03;-1.2415630561554153e+03;-1.2415631103515625e+03;-1.2415605468750000e+03;-1.2415630561554149e+03;-1.2415622558593750e+03
5;179000000;-2.2717901646729651e+03;-2.2717951660156250e+03;-2.2717901646729620e+03;-2.2717900390625000e+03;-2.2717922363281250e+03;-2.2717901646729715e+03;-2.2717885742187500e+03
6;179000000;-2.5560920138329834e+03;-2.5560979003906250e+03;-2.5560920138329839e+03;-2.5560920410156250e+03;-2.5560971679687500e+03;-2.5560920138329825e+03;-2.5560908203125000e+03
7;179000000;-2.2423152761076308e+03;-2.2423151855468750e+03;-2.2423152761076235e+03;-2.2423151855468750e+03;-2.2423144531250000e+03;-2.2423152761076403e+03;-2.2423115234375000e+03
8;179000000;-5.3645904841468546e+03;-5.3645844726562500e+03;-5.3645904841468509e+03;-5.3645903320312500e+03;-5.3645864257812500e+03;-5.3645904841468628e+03;-5.3645888671875000e+03
9;179000000;-4.4040964152535707e+03;-4.4040976562500000e+03;-4.4040964152535744e+03;-4.4040961914062500e+03;-4.4040976562500000e+03;-4.4040964152535807e+03;-4.4040947265625000e+03
0;181000000;1.2911253215707675e+03;1.2911232910156250e+03;1.2911253215707670e+03;1.2911253662109375e+03;1.2911215820312500e+03;1.2911253215707625e+03;1.2911275634765625e+03
1;181000000;1.3532642865049718e+03;1.3532647705078125e+03;1.3532642865049745e+03;1.3532644042968750e+03;1.3532642822265625e+03;1.3532642865049720e+03;1.3532651367187500e+03
2;181000000;1.5233137066315603e+03;1.5233159179687500e+03;1.5233137066315633e+03;1.5233137207031250e+03;1.5233161621093750e+03;1.5233137066315558e+03;1.5233153076171875e+03
3;181000000;2.1030339287924087e+02;2.1030052185058594e+02;2.1030339287924630e+02;2.1030339050292969e+02;2.1030239868164062e+02;2.1030339287924198e+02;2.1030517578125000e+02
4;181000000;-4.0879788251948315e+02;-4.0879464721679688e+02;-4.0879788251948105e+02;-4.0879788208007812e+02;-4.0879785156250000e+02;-4.0879788251948185e+02;-4.0879718017578125e+02
5;181000000;-1.7454893964460646e+03;-1.7454951171875000e+03;-1.7454893964460691e+03;-1.7454893798828125e+03;-1.7454902343750000e+03;-1.7454893964460780e+03;-1.7454879150390625e+03
6;181000000;-2.8324015785067236e+03;-2.8324035644531250e+03;-2.8324015785067218e+03;-2.8324016113281250e+03;-2.8324018554687500e+03;-2.8324015785067254e+03;-2.8324006347656250e+03
7;181000000;-2.3274795221447366e+03;-2.3274794921875000e+03;-2.3274795221447444e+03;-2.3274794921875000e+03;-2.3274829101562500e+03;-2.3274795221447507e+03;-2.3274772949218750e+03
8;181000000;-4.4717585860177660e+03;-4.4717612304687500e+03;-4.4717585860177551e+03;-4.4717583007812500e+03;-4.4717622070312500e+03;-4.4717585860177669e+03;-4.4717573242187500e+03
9;181000000;-4.9304146529396567e+03;-4.9304101562500000e+03;-4.9304146529396476e+03;-4.9304145507812500e+03;-4.9304184570312500e+03;-4.9304146529396630e+03;-4.9304140625000000e+03
0;183000000;5.4016738728922803e+02;5.4016625976562500e+02;5.4016738728922712e+02;5.4016748046875000e+02;5.4016668701171875e+02;5.4016738728922314e+02;5.4016918945312500e+02
1;183000000;1.1629580967276654e+03;1.1629597167968750e+03;1.1629580967276672e+03;1.1629581298828125e+03;1.1629591064453125e+03;1.1629580967276659e+03;1.1629582519531250e+03
2;183000000;1.3889100196010193e+03;1.3889133300781250e+03;1.3889100196010238e+03;1.3889100341796875e+03;1.3889117431640625e+03;1.3889100196010188e+03;1.3889104003906250e+03
3;183000000;2.6784832916486346e+02;2.6784414672851562e+02;2.6784832916485777e+02;2.6784832763671875e+02;2.6784558105468750e+02;2.6784832916486596e+02;2.6784991455078125e+02
4;183000000;3.1829783705147031e+02;3.1829418945312500e+02;3.1829783705146832e+02;3.1829785156250000e+02;3.1829693603515625e+02;3.1829783705146838e+02;3.1829931640625000e+02
5;183000000;-1.2714952426875393e+03;-1.2714947509765625e+03;-1.2714952426875373e+03;-1.2714952392578125e+03;-1.2714951171875000e+03;-1.2714952426875548e+03;-1.2714929199218750e+03
6;183000000;-2.4448085563632526e+03;-2.4448115234375000e+03;-2.4448085563632417e+03;-2.4448085937500000e+03;-2.4448088378906250e+03;-2.4448085563632521e+03;-2.4448066406250000e+03
7;183000000;-3.3963334485658579e+03;-3.3963251953125000e+03;-3.3963334485658597e+03;-3.3963334960937500e+03;-3.3963229980468750e+03;-3.3963334485658615e+03;-3.3963303222656250e+03
8;183000000;-4.0707265271221836e+03;-4.0707241210937500e+03;-4.0707265271221831e+03;-4.0707265625000000e+03;-4.0707246093750000e+03;-4.0707265271221740e+03;-4.0707268066406250e+03
9;183000000;-5.1082135122791151e+03;-5.1082187500000000e+03;-5.1082135122791115e+03;-5.1082133789062500e+03;-5.1082192382812500e+03;-5.1082135122791196e+03;-5.1082119140625000e+03
0;185000000;3.7506961384590289e+02;3.7506842041015625e+02;3.7506961384589920e+02;3.7506970214843750e+02;3.7506863403320312e+02;3.7506961384589454e+02;3.7507104492187500e+02
1;185000000;1.1135457326581877e+03;1.1135434570312500e+03;1.1135457326581914e+03;1.1135457763671875e+03;1.1135449218750000e+03;1.1135457326581893e+03;1.1135463867187500e+03
2;185000000;1.0114778154569519e+03;1.0114797973632812e+03;1.0114778154569486e+03;1.0114778442382812e+03;1.0114757690429688e+03;1.0114778154569525e+03;1.0114796142578125e+03
3;185000000;3.9474124907114060e+02;3.9473803710937500e+02;3.9474124907114367e+02;3.9474124145507812e+02;3.9474163818359375e+02;3.9474124907114458e+02;3.9474407958984375e+02
4;185000000;7.4656879896816224e+02;7.4656628417968750e+02;7.4656879896816190e+02;7.4656878662109375e+02;7.4656567382812500e+02;7.4656879896816145e+02;7.4656958007812500e+02
5;185000000;-9.1155241516166973e+02;-9.1154980468750000e+02;-9.1155241516166609e+02;-9.1155236816406250e+02;-9.1155444335937500e+02;-9.1155241516167985e+02;-9.1155114746093750e+02
6;185000000;-2.1527108471124639e+03;-2.1527119140625000e+03;-2.1527108471124702e+03;-2.1527109375000000e+03;-2.1527175292968750e+03;-2.1527108471124743e+03;-2.1527089843750000e+03
7;185000000;-3.5710300698967803e+03;-3.5710273437500000e+03;-3.5710300698967731e+03;-3.5710300292968750e+03;-3.5710273437500000e+03;-3.5710300698967817e+03;-3.5710278320312500e+03
8;185000000;-4.4760562674940829e+03;-4.4760498046875000e+03;-4.4760562674940893e+03;-4.4760561523437500e+03;-4.4760541992187500e+03;-4.4760562674940884e+03;-4.4760541992187500e+03
9;185000000;-4.3696423285208130e+03;-4.3696435546875000e+03;-4.3696423285208111e+03;-4.3696420898437500e+03;-4.3696499023437500e+03;-4.3696423285208257e+03;-4.3696416015625000e+03
0;187000000;9.1199997993408454e+02;9.1200158691406250e+02;9.1199997993408192e+02;9.1200006103515625e+02;9.1200024414062500e+02;9.1199997993408874e+02;9.1200207519531250e+02
1;187000000;4.3723419066837926e+02;4.3723529052734375e+02;4.3723419066837948e+02;4.3723425292968750e+02;4.3723727416992188e+02;4.3723419066838937e+02;4.3723663330078125e+02
2;187000000;1.4543977387331895e+03;1.4543953857421875e+03;1.4543977387331888e+03;1.4543978271484375e+03;1.4543950195312500e+03;1.4543977387331886e+03;1.4543981933593750e+03
3;187000000;3.1395101732805580e+02;3.1394949340820312e+02;3.1395101732805483e+02;3.1395101928710938e+02;3.1395114135742188e+02;3.1395101732805779e+02;3.1395288085937500e+02
4;187000000;5.5724620790080314e+02;5.5724426269531250e+02;5.5724620790080712e+02;5.5724621582031250e+02;5.5724322509765625e+02;5.5724620790080598e+02;5.5724694824218750e+02
5;187000000;2.4993968682237277e+01;2.4994377136230469e+01;2.4993968682241608e+01;2.4994012832641602e+01;2.4990196228027344e+01;2.4993968682231298e+01;2.4995971679687500e+01
6;187000000;-1.4675454482575080e+03;-1.4675460205078125e+03;-1.4675454482575049e+03;-1.4675454101562500e+03;-1.4675494384765625e+03;-1.4675454482575133e+03;-1.4675444335937500e+03
7;187000000;-2.9298014769231618e+03;-2.9298000488281250e+03;-2.9298014769231650e+03;-2.9298015136718750e+03;-2.9298000488281250e+03;-2.9298014769231713e+03;-2.9297993164062500e+03
8;187000000;-5.1900700315460399e+03;-5.1900678710937500e+03;-5.1900700315460472e+03;-5.1900698242187500e+03;-5.1900639648437500e+03;-5.1900700315460508e+03;-5.1900683593750000e+03
9;187000000;-3.9040117152931575e+03;-3.9040112304687500e+03;-3.9040117152931612e+03;-3.9040117187500000e+03;-3.9040187988281250e+03;-3.9040117152931543e+03;-3.9040109863281250e+03
0;189000000;3.6927889433393091e-02;3.7736892700195312e-02;3.6927889436157102e-02;3.7040922790765762e-02;3.0288696289062500e-02;3.6927889442267769e-02;3.8818359375000000e-02
1;189000000;2.5794034250778776e+02;2.5794482421875000e+02;2.5794034250778799e+02;2.5794039916992188e+02;2.5794097900390625e+02;2.5794034250779487e+02;2.5794113159179688e+02
2;189000000;1.1642940917744809e+03;1.1642947998046875e+03;1.1642940917744872e+03;1.1642941894531250e+03;1.1642941894531250e+03;1.1642940917744847e+03;1.1642944335937500e+03
3;189000000;-1.9024420868326376e+02;-1.9024877929687500e+02;-1.9024420868326968e+02;-1.9024421691894531e+02;-1.9024636840820312e+02;-1.9024420868326706e+02;-1.9024072265625000e+02
4;189000000;6.6501880270702986e+02;6.6501873779296875e+02;6.6501880270703248e+02;6.6501879882812500e+02;6.6501751708984375e+02;6.6501880270703145e+02;6.6502014160156250e+02
5;189000000;3.6366402229174702e+02;3.6366183471679688e+02;3.6366402229174543e+02;3.6366406250000000e+02;3.6365930175781250e+02;3.6366402229174605e+02;3.6366735839843750e+02
6;189000000;-1.1244737829541912e+03;-1.1244765625000000e+03;-1.1244737829541991e+03;-1.1244737548828125e+03;-1.1244749755859375e+03;-1.1244737829541971e+03;-1.1244726562500000e+03
7;189000000;-2.7121556623029369e+03;-2.7121574707031250e+03;-2.7121556623029373e+03;-2.7121555175781250e+03;-2.7121564941406250e+03;-2.7121556623029419e+03;-2.7121520996093750e+03
8;189000000;-5.2856569736977644e+03;-5.2856508789062500e+03;-5.2856569736977617e+03;-5.2856567382812500e+03;-5.2856542968750000e+03;-5.2856569736977708e+03;-5.2856562500000000e+03
9;189000000;-4.6664145499203860e+03;-4.6664111328125000e+03;-4.6664145499203851e+03;-4.6664145507812500e+03;-4.6664111328125000e+03;-4.6664145499203905e+03;-4.6664135742187500e+03
0;191000000;2.2952290687677066e+02;2.2952017211914062e+02;2.2952290687677930e+02;2.2952299499511719e+02;2.2951724243164062e+02;2.2952290687677441e+02;2.2952404785156250e+02
1;191000000;7.2782277168997280e+02;7.2782269287109375e+02;7.2782277168997064e+02;7.2782287597656250e+02;7.2781951904296875e+02;7.2782277168997302e+02;7.2782470703125000e+02
2;191000000;6.9060572794547136e+02;6.9060662841796875e+02;6.9060572794546988e+02;6.9060577392578125e+02;6.9060528564453125e+02;6.9060572794546931e+02;6.9060693359375000e+02
3;191000000;1.7077433370699168e+02;1.7077198791503906e+02;1.7077433370699117e+02;1.7077432250976562e+02;1.7077127075195312e+02;1.7077433370699316e+02;1.7077673339843750e+02
4;191000000;9.0431969934319159e+02;9.0431695556640625e+02;9.0431969934319238e+02;9.0431970214843750e+02;9.0431591796875000e+02;9.0431969934319318e+02;9.0432128906250000e+02
5;191000000;-1.0858860315581003e+02;-1.0858695220947266e+02;-1.0858860315580661e+02;-1.0858858489990234e+02;-1.0859184265136719e+02;-1.0858860315581364e+02;-1.0858703613281250e+02
6;191000000;-3.8764418863820379e+02;-3.8764514160156250e+02;-3.8764418863819509e+02;-3.8764413452148438e+02;-3.8764660644531250e+02;-3.8764418863820038e+02;-3.8764208984375000e+02
7;191000000;-2.0495123538182524e+03;-2.0495144042968750e+03;-2.0495123538182515e+03;-2.0495122070312500e+03;-2.0495170898437500e+03;-2.0495123538182570e+03;-2.0495100097656250e+03
8;191000000;-4.5905239325787643e+03;-4.5905249023437500e+03;-4.5905239325787688e+03;-4.5905239257812500e+03;-4.5905253906250000e+03;-4.5905239325787725e+03;-4.5905214843750000e+03
9;191000000;-5.0786770273262910e+03;-5.0786752929687500e+03;-5.0786770273262928e+03;-5.0786772460937500e+03;-5.0786728515625000e+03;-5.0786770273263037e+03;-5.0786767578125000e+03
0;193000000;8.1865484427789113e+01;8.1863845825195312e+01;8.1865484427795536e+01;8.1865600585937500e+01;8.1862487792968750e+01;8.1865484427788715e+01;8.1867065429687500e+01
1;193000000;2.7765455315581033e+01;2.7762428283691406e+01;2.7765455315584191e+01;2.7765556335449219e+01;2.7763240814208984e+01;2.7765455315582813e+01;2.7766052246093750e+01
2;193000000;1.2081572323683585e+02;1.2081583404541016e+02;1.2081572323683697e+02;1.2081576538085938e+02;1.2081564331054688e+02;1.2081572323683872e+02;1.2081640625000000e+02
3;193000000;-9.1431254289536440e+01;-9.1431854248046875e+01;-9.1431254289542920e+01;-9.1431266784667969e+01;-9.1432373046875000e+01;-9.1431254289537037e+01;-9.1428955078125000e+01
4;193000000;2.5766013516589817e+02;2.5765643310546875e+02;2.5766013516589743e+02;2.5766012573242188e+02;2.5765832519531250e+02;2.5766013516589942e+02;2.5766101074218750e+02
5;193000000;1.6011828253798748e+02;1.6011947631835938e+02;1.6011828253798095e+02;1.6011828613281250e+02;1.6011904907226562e+02;1.6011828253798490e+02;1.6011975097656250e+02
6;193000000;-1.5431787589399795e+02;-1.5432095336914062e+02;-1.5431787589400113e+02;-1.5431785583496094e+02;-1.5432055664062500e+02;-1.5431787589400835e+02;-1.5431579589843750e+02
7;193000000;-1.3197438962312119e+03;-1.3197416992187500e+03;-1.3197438962312190e+03;-1.3197438964843750e+03;-1.3197420654296875e+03;-1.3197438962312162e+03;-1.3197395019531250e+03
8;193000000;-4.5477157103306854e+03;-4.5477153320312500e+03;-4.5477157103306881e+03;-4.5477158203125000e+03;-4.5477167968750000e+03;-4.5477157103306881e+03;-4.5477138671875000e+03
9;193000000;-4.9656252836880903e+03;-4.9656250000000000e+03;-4.9656252836880885e+03;-4.9656254882812500e+03;-4.9656210937500000e+03;-4.9656252836881076e+03;-4.9656254882812500e+03
0;195000000;4.2676613438995497e+02;4.2676733398437500e+02;4.2676613438997032e+02;4.2676626586914062e+02;4.2676828002929688e+02;4.2676613438997128e+02;4.2676782226562500e+02
1;195000000;-6.9478353192567980e+01;-6.9482582092285156e+01;-6.9478353192577757e+01;-6.9478271484375000e+01;-6.9478736877441406e+01;-6.9478353192567511e+01;-6.9475585937500000e+01
2;195000000;6.4640233444436285e+02;6.4640393066406250e+02;6.4640233444436205e+02;6.4640240478515625e+02;6.4640106201171875e+02;6.4640233444436365e+02;6.4640332031250000e+02
3;195000000;-5.6307411116399726e+02;-5.6307336425781250e+02;-5.6307411116400488e+02;-5.6307415771484375e+02;-5.6307336425781250e+02;-5.6307411116399794e+02;-5.6307312011718750e+02
4;195000000;6.7840547740064687e+02;6.7840313720703125e+02;6.7840547740064142e+02;6.7840545654296875e+02;6.7840478515625000e+02;6.7840547740065176e+02;6.7840759277343750e+02
5;195000000;3.6653327889263176e+02;3.6653610229492188e+02;3.6653327889262687e+02;3.6653332519531250e+02;3.6653442382812500e+02;3.6653327889262960e+02;3.6653564453125000e+02
6;195000000;-3.5497124800115682e+02;-3.5497616577148438e+02;-3.5497124800115205e+02;-3.5497122192382812e+02;-3.5497369384765625e+02;-3.5497124800116103e+02;-3.5496960449218750e+02
7;195000000;-1.0442416060147902e+03;-1.0442440185546875e+03;-1.0442416060147923e+03;-1.0442415771484375e+03;-1.0442456054687500e+03;-1.0442416060147937e+03;-1.0442387695312500e+03
8;195000000;-3.9272917786121020e+03;-3.9272976074218750e+03;-3.9272917786121129e+03;-3.9272917480468750e+03;-3.9272954101562500e+03;-3.9272917786121197e+03;-3.9272905273437500e+03
9;195000000;-4.6501787465785046e+03;-4.6501889648437500e+03;-4.6501787465784955e+03;-4.6501787109375000e+03;-4.6501865234375000e+03;-4.6501787465785101e+03;-4.6501782226562500e+03
0;197000000;-1.0492113138913031e+02;-1.0492122650146484e+02;-1.0492113138911257e+02;-1.0492101287841797e+02;-1.0491979980468750e+02;-1.0492113138912123e+02;-1.0491943359375000e+02
1;197000000;1.1549619571480437e+02;1.1549480438232422e+02;1.1549619571480278e+02;1.1549629974365234e+02;1.1549477386474609e+02;1.1549619571480321e+02;1.1549780273437500e+02
2;197000000;4.6037719998931138e+01;4.6036540985107422e+01;4.6037719998933284e+01;4.6037788391113281e+01;4.6037963867187500e+01;4.6037719998931379e+01;4.6037963867187500e+01
3;197000000;-8.1160992403071771e+02;-8.1160961914062500e+02;-8.1160992403072066e+02;-8.1160992431640625e+02;-8.1160772705078125e+02;-8.1160992403071418e+02;-8.1160656738281250e+02
4;197000000;8.7862551254827594e+01;8.7864334106445312e+01;8.7862551254828162e+01;8.7862541198730469e+01;8.7862258911132812e+01;8.7862551254836944e+01;8.7863037109375000e+01
5;197000000;-5.5639090677630023e+01;-5.5635566711425781e+01;-5.5639090677637114e+01;-5.5639057159423828e+01;-5.5638549804687500e+01;-5.5639090677633249e+01;-5.5635742187500000e+01
6;197000000;-1.4002018374312610e+02;-1.4002600097656250e+02;-1.4002018374312613e+02;-1.4002017211914062e+02;-1.4002137756347656e+02;-1.4002018374312934e+02;-1.4001733398437500e+02
7;197000000;-8.8584129504615839e+02;-8.8584497070312500e+02;-8.8584129504616624e+02;-8.8584124755859375e+02;-8.8584307861328125e+02;-8.8584129504616430e+02;-8.8583813476562500e+02
8;197000000;-3.2272426514230228e+03;-3.2272416992187500e+03;-3.2272426514230251e+03;-3.2272426757812500e+03;-3.2272409667968750e+03;-3.2272426514230256e+03;-3.2272397460937500e+03
9;197000000;-4.4708001858258367e+03;-4.4708071289062500e+03;-4.4708001858258403e+03;-4.4708002929687500e+03;-4.4708076171875000e+03;-4.4708001858258531e+03;-4.4707988281250000e+03
0;199000000;-2.4464292105111062e+02;-2.4464459228515625e+02;-2.4464292105110863e+02;-2.4464280700683594e+02;-2.4464694213867188e+02;-2.4464292105111008e+02;-2.4464160156250000e+02
1;199000000;3.5750376281555373e+02;3.5750384521484375e+02;3.5750376281554566e+02;3.5750387573242188e+02;3.5750167846679688e+02;3.5750376281555259e+02;3.5750506591796875e+02
2;199000000;8.5553105331641888e+01;8.5547508239746094e+01;8.5553105331641305e+01;8.5553161621093750e+01;8.5550117492675781e+01;8.5553105331636971e+01;8.5553955078125000e+01
3;199000000;-7.6124613814645306e+02;-7.6124609375000000e+02;-7.6124613814644817e+02;-7.6124615478515625e+02;-7.6124853515625000e+02;-7.6124613814644226e+02;-7.6124340820312500e+02
4;199000000;-1.9870399929913563e+02;-1.9870437622070312e+02;-1.9870399929913697e+02;-1.9870404052734375e+02;-1.9870442199707031e+02;-1.9870399929913174e+02;-1.9870214843750000e+02
5;199000000;-3.0572498722708201e+02;-3.0572329711914062e+02;-3.0572498722707968e+02;-3.0572497558593750e+02;-3.0572885131835938e+02;-3.0572498722708610e+02;-3.0572375488281250e+02
6;199000000;-9.5133208720256704e+01;-9.5134437561035156e+01;-9.5133208720245364e+01;-9.5133178710937500e+01;-9.5132347106933594e+01;-9.5133208720253378e+01;-9.5132202148437500e+01
7;199000000;-8.2030709586020021e+02;-8.2031030273437500e+02;-8.2030709586019952e+02;-8.2030706787109375e+02;-8.2031048583984375e+02;-8.2030709586020942e+02;-8.2030456542968750e+02
8;199000000;-2.9424380545094991e+03;-2.9424375000000000e+03;-2.9424380545094955e+03;-2.9424379882812500e+03;-2.9424360351562500e+03;-2.9424380545095009e+03;-2.9424360351562500e+03
9;199000000;-3.6922721142638029e+03;-3.6922739257812500e+03;-3.6922721142638020e+03;-3.6922719726562500e+03;-3.6922712402343750e+03;-3.6922721142638061e+03;-3.6922714843750000e+03
0;201000000;-6.5470847494361053e+01;-6.5472496032714844e+01;-6.5470847494353990e+01;-6.5470710754394531e+01;-6.5473709106445312e+01;-6.5470847494360441e+01;-6.5469726562500000e+01
1;201000000;3.5410820038967614e+01;3.5411766052246094e+01;3.5410820038966726e+01;3.5410923004150391e+01;3.5409362792968750e+01;3.5410820038972361e+01;3.5411163330078125e+01
2;201000000;5.4311028441297594e+02;5.4311083984375000e+02;5.4311028441297844e+02;5.4311035156250000e+02;5.4311022949218750e+02;5.4311028441297913e+02;5.4311083984375000e+02
3;201000000;-1.0976409046396975e+03;-1.0976456298828125e+03;-1.0976409046396968e+03;-1.0976408691406250e+03;-1.0976439208984375e+03;-1.0976409046396880e+03;-1.0976386718750000e+03
4;201000000;-3.0619085841141793e+02;-3.0619284057617188e+02;-3.0619085841141350e+02;-3.0619088745117188e+02;-3.0619430541992188e+02;-3.0619085841141532e+02;-3.0618774414062500e+02
5;201000000;-4.9745464765003476e+02;-4.9745599365234375e+02;-4.9745464765003976e+02;-4.9745462036132812e+02;-4.9745944213867188e+02;-4.9745464765003999e+02;-4.9745288085937500e+02
6;201000000;-4.3901087963389011e+02;-4.3900875854492188e+02;-4.3901087963388187e+02;-4.3901086425781250e+02;-4.3901321411132812e+02;-4.3901087963389000e+02;-4.3900866699218750e+02
7;201000000;-7.4099928693199195e+02;-7.4099890136718750e+02;-7.4099928693198785e+02;-7.4099926757812500e+02;-7.4100042724609375e+02;-7.4099928693199377e+02;-7.4099719238281250e+02
8;201000000;-2.8275337820646255e+03;-2.8275358886718750e+03;-2.8275337820646191e+03;-2.8275336914062500e+03;-2.8275319824218750e+03;-2.8275337820646218e+03;-2.8275317382812500e+03
9;201000000;-3.1430817107902312e+03;-3.1430798339843750e+03;-3.1430817107902330e+03;-3.1430815429687500e+03;-3.1430825195312500e+03;-3.1430817107902476e+03;-3.1430808105468750e+03
0;203000000;9.5749895505314271e+02;9.5750036621093750e+02;9.5749895505314123e+02;9.5749908447265625e+02;9.5749835205078125e+02;9.5749895505313816e+02;9.5750024414062500e+02
1;203000000;-5.2257475774876514e+02;-5.2257604980468750e+02;-5.2257475774876207e+02;-5.2257464599609375e+02;-5.2257867431640625e+02;-5.2257475774875820e+02;-5.2257476806640625e+02
2;203000000;4.0826546596850170e+02;4.0826571655273438e+02;4.0826546596849397e+02;4.0826553344726562e+02;4.0826580810546875e+02;4.0826546596849414e+02;4.0826562500000000e+02
3;203000000;-1.1689657491342989e+03;-1.1689713134765625e+03;-1.1689657491342896e+03;-1.1689656982421875e+03;-1.1689650878906250e+03;-1.1689657491342855e+03;-1.1689636230468750e+03
4;203000000;-4.9911671904983166e+02;-4.9911779785156250e+02;-4.9911671904983234e+02;-4.9911672973632812e+02;-4.9911123657226562e+02;-4.9911671904983086e+02;-4.9911474609375000e+02
5;203000000;-1.0028452381568584e+03;-1.0028453979492188e+03;-1.0028452381568713e+03;-1.0028452148437500e+03;-1.0028465576171875e+03;-1.0028452381568643e+03;-1.0028431396484375e+03
6;203000000;-2.0987528909304547e+02;-2.0987779235839844e+02;-2.0987528909304424e+02;-2.0987528991699219e+02;-2.0987362670898438e+02;-2.0987528909304774e+02;-2.0987377929687500e+02
7;203000000;-5.6006450117286875e+02;-5.6006555175781250e+02;-5.6006450117286943e+02;-5.6006445312500000e+02;-5.6006604003906250e+02;-5.6006450117286727e+02;-5.6006127929687500e+02
8;203000000;-2.7693234028737879e+03;-2.7693220214843750e+03;-2.7693234028737947e+03;-2.7693232421875000e+03;-2.7693251953125000e+03;-2.7693234028737943e+03;-2.7693222656250000e+03
9;203000000;-2.6402109658519803e+03;-2.6402185058593750e+03;-2.6402109658519748e+03;-2.6402109375000000e+03;-2.6402133789062500e+03;-2.6402109658519835e+03;-2.6402106933593750e+03
0;205000000;2.4930971688134427e+03;2.4930993652343750e+03;2.4930971688134396e+03;2.4930971679687500e+03;2.4930988769531250e+03;2.4930971688134414e+03;2.4930986328125000e+03
1;205000000;5.7906042834960189e+01;5.7909538269042969e+01;5.7906042834947556e+01;5.7906166076660156e+01;5.7908248901367188e+01;5.7906042834959180e+01;5.7906860351562500e+01
2;205000000;-1.5525620710289431e+01;-1.5522094726562500e+01;-1.5525620710289729e+01;-1.5525555610656738e+01;-1.5524314880371094e+01;-1.5525620710288990e+01;-1.5524169921875000e+01
3;205000000;-4.1319721588140283e+02;-4.1319812011718750e+02;-4.1319721588142073e+02;-4.1319720458984375e+02;-4.1319393920898438e+02;-4.1319721588141044e+02;-4.1319506835937500e+02
4;205000000;-6.0663474043261635e+02;-6.0662957763671875e+02;-6.0663474043261988e+02;-6.0663476562500000e+02;-6.0663421630859375e+02;-6.0663474043261658e+02;-6.0663330078125000e+02
5;205000000;-6.9244545707011787e+02;-6.9244891357421875e+02;-6.9244545707012605e+02;-6.9244543457031250e+02;-6.9244714355468750e+02;-6.9244545707012503e+02;-6.9244262695312500e+02
6;205000000;-1.0991725661799760e+03;-1.0991746826171875e+03;-1.0991725661799787e+03;-1.0991724853515625e+03;-1.0991694335937500e+03;-1.0991725661799817e+03;-1.0991713867187500e+03
7;205000000;-8.1793193183412302e+02;-8.1793109130859375e+02;-8.1793193183412382e+02;-8.1793188476562500e+02;-8.1793115234375000e+02;-8.1793193183412552e+02;-8.1792810058593750e+02
8;205000000;-2.7785691475381223e+03;-2.7785710449218750e+03;-2.7785691475381159e+03;-2.7785690917968750e+03;-2.7785690917968750e+03;-2.7785691475381277e+03;-2.7785668945312500e+03
9;205000000;-2.4638287431818644e+03;-2.4638339843750000e+03;-2.4638287431818699e+03;-2.4638286132812500e+03;-2.4638308105468750e+03;-2.4638287431818680e+03;-2.4638276367187500e+03
0;207000000;2.9111696002687800e+03;2.9111672363281250e+03;2.9111696002687804e+03;2.9111696777343750e+03;2.9111708984375000e+03;2.9111696002687772e+03;2.9111708984375000e+03
1;207000000;6.7051966143387642e+02;6.7051873779296875e+02;6.7051966143387665e+02;6.7051977539062500e+02;6.7051654052734375e+02;6.7051966143387290e+02;6.7051885986328125e+02
2;207000000;-4.9671914603840310e+02;-4.9672076416015625e+02;-4.9671914603840452e+02;-4.9671905517578125e+02;-4.9672534179687500e+02;-4.9671914603840196e+02;-4.9671801757812500e+02
3;207000000;-6.4626343564348713e+02;-6.4626934814453125e+02;-6.4626343564347826e+02;-6.4626342773437500e+02;-6.4626550292968750e+02;-6.4626343564348417e+02;-6.4626245117187500e+02
4;207000000;-4.4016282161295550e+02;-4.4016192626953125e+02;-4.4016282161295408e+02;-4.4016281127929688e+02;-4.4015789794921875e+02;-4.4016282161295567e+02;-4.4016210937500000e+02
5;207000000;-8.3953026555679980e+02;-8.3953430175781250e+02;-8.3953026555679151e+02;-8.3953021240234375e+02;-8.3953594970703125e+02;-8.3953026555678935e+02;-8.3952807617187500e+02
6;207000000;-1.3687692376238576e+03;-1.3687696533203125e+03;-1.3687692376238601e+03;-1.3687692871093750e+03;-1.3687700195312500e+03;-1.3687692376238629e+03;-1.3687664794921875e+03
7;207000000;-9.6872445943124512e+02;-9.6872595214843750e+02;-9.6872445943124967e+02;-9.6872442626953125e+02;-9.6872558593750000e+02;-9.6872445943124512e+02;-9.6872155761718750e+02
8;207000000;-2.5185023665919857e+03;-2.5185043945312500e+03;-2.5185023665919921e+03;-2.5185021972656250e+03;-2.5185039062500000e+03;-2.5185023665919989e+03;-2.5185009765625000e+03
9;207000000;-2.2803842172910563e+03;-2.2803835449218750e+03;-2.2803842172910631e+03;-2.2803842773437500e+03;-2.2803820800781250e+03;-2.2803842172910613e+03;-2.2803833007812500e+03
0;209000000;3.6053790683748048e+03;3.6053784179687500e+03;3.6053790683748070e+03;3.6053791503906250e+03;3.6053764648437500e+03;3.6053790683748039e+03;3.6053793945312500e+03
1;209000000;2.5987003291913657e+03;2.5987004394531250e+03;2.5987003291913597e+03;2.5987004394531250e+03;2.5986979980468750e+03;2.5987003291913652e+03;2.5986992187500000e+03
2;209000000;6.2954973914826937e+01;6.2952606201171875e+01;6.2954973914839883e+01;6.2955062866210938e+01;6.2953483581542969e+01;6.2954973914831953e+01;6.2956298828125000e+01
3;209000000;-1.0504715589190353e+03;-1.0504749755859375e+03;-1.0504715589190350e+03;-1.0504715576171875e+03;-1.0504760742187500e+03;-1.0504715589190521e+03;-1.0504692382812500e+03
4;209000000;5.9351706977729918e+01;5.9348983764648438e+01;5.9351706977720440e+01;5.9351711273193359e+01;5.9351654052734375e+01;5.9351706977728099e+01;5.9354125976562500e+01
5;209000000;-1.1184537978694352e+03;-1.1184542236328125e+03;-1.1184537978694364e+03;-1.1184537353515625e+03;-1.1184536132812500e+03;-1.1184537978694350e+03;-1.1184509277343750e+03
6;209000000;-9.2958526258991742e+02;-9.2958789062500000e+02;-9.2958526258991355e+02;-9.2958526611328125e+02;-9.2958526611328125e+02;-9.2958526258991606e+02;-9.2958251953125000e+02
7;209000000;-1.7155180870369768e+03;-1.7155201416015625e+03;-1.7155180870369704e+03;-1.7155180664062500e+03;-1.7155203857421875e+03;-1.7155180870369722e+03;-1.7155157470703125e+03
8;209000000;-2.8478183031008216e+03;-2.8478261718750000e+03;-2.8478183031008148e+03;-2.8478183593750000e+03;-2.8478283691406250e+03;-2.8478183031008207e+03;-2.8478166503906250e+03
9;209000000;-2.6164833239557302e+03;-2.6164877929687500e+03;-2.6164833239557297e+03;-2.6164833984375000e+03;-2.6164846191406250e+03;-2.6164833239557265e+03;-2.6164814453125000e+03
0;211000000;3.3412817424405212e+03;3.3412768554687500e+03;3.3412817424405216e+03;3.3412817382812500e+03;3.3412792968750000e+03;3.3412817424405248e+03;3.3412812500000000e+03
1;211000000;2.8091830034443583e+03;2.8091826171875000e+03;2.8091830034443474e+03;2.8091831054687500e+03;2.8091875000000000e+03;2.8091830034443483e+03;2.8091811523437500e+03
2;211000000;7.7940024162531222e+02;7.7940087890625000e+02;7.7940024162531790e+02;7.7940032958984375e+02;7.7939807128906250e+02;7.7940024162530949e+02;7.7940087890625000e+02
3;211000000;-1.6788138714842516e+03;-1.6788133544921875e+03;-1.6788138714842535e+03;-1.6788138427734375e+03;-1.6788150634765625e+03;-1.6788138714842610e+03;-1.6788120117187500e+03
4;211000000;-2.4535030055446907e+02;-2.4535238647460938e+02;-2.4535030055446560e+02;-2.4535028076171875e+02;-2.4535314941406250e+02;-2.4535030055445691e+02;-2.4534838867187500e+02
5;211000000;-1.0406844297184186e+03;-1.0406878662109375e+03;-1.0406844297184218e+03;-1.0406844482421875e+03;-1.0406868896484375e+03;-1.0406844297184221e+03;-1.0406823730468750e+03
6;211000000;-1.3421516527938620e+03;-1.3421541748046875e+03;-1.3421516527938536e+03;-1.3421516113281250e+03;-1.3421466064453125e+03;-1.3421516527938652e+03;-1.3421492919921875e+03
7;211000000;-1.7742359354227842e+03;-1.7742354736328125e+03;-1.7742359354227774e+03;-1.7742359619140625e+03;-1.7742374267578125e+03;-1.7742359354227767e+03;-1.7742320556640625e+03
8;211000000;-2.8368384653754028e+03;-2.8368461914062500e+03;-2.8368384653754074e+03;-2.8368383789062500e+03;-2.8368444824218750e+03;-2.8368384653753965e+03;-2.8368376464843750e+03
9;211000000;-2.4354598469037974e+03;-2.4354606933593750e+03;-2.4354598469037905e+03;-2.4354597167968750e+03;-2.4354633789062500e+03;-2.4354598469037919e+03;-2.4354592285156250e+03
0;213000000;4.1717625955489293e+03;4.1717587890625000e+03;4.1717625955489320e+03;4.1717626953125000e+03;4.1717578125000000e+03;4.1717625955489311e+03;4.1717631835937500e+03
1;213000000;3.5561315304454220e+03;3.5561313476562500e+03;3.5561315304454215e+03;3.5561315917968750e+03;3.5561330566406250e+03;3.5561315304454201e+03;3.5561308593750000e+03
2;213000000;2.9372681720311703e+03;2.9372653808593750e+03;2.9372681720311648e+03;2.9372683105468750e+03;2.9372683105468750e+03;2.9372681720311621e+03;2.9372668457031250e+03
3;213000000;-8.7500384860397912e+02;-8.7501141357421875e+02;-8.7500384860398208e+02;-8.7500384521484375e+02;-8.7500726318359375e+02;-8.7500384860396821e+02;-8.7500207519531250e+02
4;213000000;-6.5478947870230695e+02;-6.5478466796875000e+02;-6.5478947870230536e+02;-6.5478948974609375e+02;-6.5478479003906250e+02;-6.5478947870229740e+02;-6.5478808593750000e+02
5;213000000;-6.9291085773047769e+02;-6.9291497802734375e+02;-6.9291085773047894e+02;-6.9291082763671875e+02;-6.9291113281250000e+02;-6.9291085773049122e+02;-6.9290771484375000e+02
6;213000000;-1.5771674733058842e+03;-1.5771662597656250e+03;-1.5771674733058899e+03;-1.5771674804687500e+03;-1.5771658935546875e+03;-1.5771674733058896e+03;-1.5771649169921875e+03
7;213000000;-1.3731240655136608e+03;-1.3731263427734375e+03;-1.3731240655136603e+03;-1.3731240234375000e+03;-1.3731271972656250e+03;-1.3731240655136614e+03;-1.3731214599609375e+03
8;213000000;-3.5047990628909415e+03;-3.5048005371093750e+03;-3.5047990628909365e+03;-3.5047990722656250e+03;-3.5047978515625000e+03;-3.5047990628909415e+03;-3.5047966308593750e+03
9;213000000;-2.6483694839494992e+03;-2.6483732910156250e+03;-2.6483694839494983e+03;-2.6483693847656250e+03;-2.6483676757812500e+03;-2.6483694839494992e+03;-2.6483703613281250e+03
0;215000000;3.8920727703637790e+03;3.8920700683593750e+03;3.8920727703637785e+03;3.8920727539062500e+03;3.8920710449218750e+03;3.8920727703637708e+03;3.8920732421875000e+03
1;215000000;3.3738546259369955e+03;3.3738486328125000e+03;3.3738546259369964e+03;3.3738547363281250e+03;3.3738500976562500e+03;3.3738546259369868e+03;3.3738557128906250e+03
2;215000000;2.8885413503764285e+03;2.8885405273437500e+03;2.8885413503764271e+03;2.8885415039062500e+03;2.8885424804687500e+03;2.8885413503764189e+03;2.8885407714843750e+03
3;215000000;1.6188164631072686e+02;1.6187933349609375e+02;1.6188164631072536e+02;1.6188165283203125e+02;1.6187825012207031e+02;1.6188164631071481e+02;1.6188281250000000e+02
4;215000000;-9.2126573766364061e+02;-9.2126208496093750e+02;-9.2126573766363663e+02;-9.2126568603515625e+02;-9.2125891113281250e+02;-9.2126573766363572e+02;-9.2126489257812500e+02
5;215000000;-1.1018067735841278e+03;-1.1018078613281250e+03;-1.1018067735841273e+03;-1.1018067626953125e+03;-1.1018070068359375e+03;-1.1018067735841298e+03;-1.1018051757812500e+03
6;215000000;-1.4680381754771875e+03;-1.4680346679687500e+03;-1.4680381754771943e+03;-1.4680380859375000e+03;-1.4680327148437500e+03;-1.4680381754771922e+03;-1.4680351562500000e+03
7;215000000;-1.8143845493680558e+03;-1.8143850097656250e+03;-1.8143845493680506e+03;-1.8143845214843750e+03;-1.8143861083984375e+03;-1.8143845493680503e+03;-1.8143811035156250e+03
8;215000000;-3.8455261056712120e+03;-3.8455214843750000e+03;-3.8455261056712143e+03;-3.8455261230468750e+03;-3.8455280761718750e+03;-3.8455261056712225e+03;-3.8455241699218750e+03
9;215000000;-2.5666474818538513e+03;-2.5666520996093750e+03;-2.5666474818538518e+03;-2.5666474609375000e+03;-2.5666474609375000e+03;-2.5666474818538463e+03;-2.5666477050781250e+03
0;217000000;4.1076442613591544e+03;4.1076411132812500e+03;4.1076442613591489e+03;4.1076445312500000e+03;4.1076367187500000e+03;4.1076442613591435e+03;4.1076464843750000e+03
1;217000000;3.9383047802367364e+03;3.9383041992187500e+03;3.9383047802367419e+03;3.9383049316406250e+03;3.9383046875000000e+03;3.9383047802367273e+03;3.9383063964843750e+03
2;217000000;3.4528552139921126e+03;3.4528630371093750e+03;3.4528552139921094e+03;3.4528552246093750e+03;3.4528613281250000e+03;3.4528552139921048e+03;3.4528554687500000e+03
3;217000000;1.9605240661173059e+03;1.9605231933593750e+03;1.9605240661173063e+03;1.9605240478515625e+03;1.9605227050781250e+03;1.9605240661172963e+03;1.9605253906250000e+03
4;217000000;-4.7867062243419713e+02;-4.7866934204101562e+02;-4.7867062243419070e+02;-4.7867059326171875e+02;-4.7867034912109375e+02;-4.7867062243419082e+02;-4.7866845703125000e+02
5;217000000;-1.6456792079652942e+03;-1.6456761474609375e+03;-1.6456792079653012e+03;-1.6456791992187500e+03;-1.6456820068359375e+03;-1.6456792079652910e+03;-1.6456770019531250e+03
6;217000000;-9.7758884892780975e+02;-9.7758789062500000e+02;-9.7758884892780713e+02;-9.7758880615234375e+02;-9.7759124755859375e+02;-9.7758884892780725e+02;-9.7758642578125000e+02
7;217000000;-2.3145973891971512e+03;-2.3145932617187500e+03;-2.3145973891971435e+03;-2.3145974121093750e+03;-2.3145976562500000e+03;-2.3145973891971425e+03;-2.3145937500000000e+03
8;217000000;-3.1598335569885803e+03;-3.1598317871093750e+03;-3.1598335569885799e+03;-3.1598334960937500e+03;-3.1598327636718750e+03;-3.1598335569885689e+03;-3.1598315429687500e+03
9;217000000;-3.5401031813847439e+03;-3.5401123046875000e+03;-3.5401031813847458e+03;-3.5401030273437500e+03;-3.5401086425781250e+03;-3.5401031813847562e+03;-3.5401020507812500e+03
0;219000000;3.5330468218368210e+03;3.5330422363281250e+03;3.5330468218368246e+03;3.5330468750000000e+03;3.5330451660156250e+03;3.5330468218368178e+03;3.5330478515625000e+03
1;219000000;3.7633883497104575e+03;3.7633889160156250e+03;3.7633883497104575e+03;3.7633884277343750e+03;3.7633862304687500e+03;3.7633883497104507e+03;3.7633894042968750e+03
2;219000000;3.6062547047865087e+03;3.6062556152343750e+03;3.6062547047865123e+03;3.6062546386718750e+03;3.6062592773437500e+03;3.6062547047865019e+03;3.6062541503906250e+03
3;219000000;1.9922739485555028e+03;1.9922742919921875e+03;1.9922739485554948e+03;1.9922739257812500e+03;1.9922727050781250e+03;1.9922739485554937e+03;1.9922746582031250e+03
4;219000000;5.4227418959177658e+02;5.4227612304687500e+02;5.4227418959177476e+02;5.4227416992187500e+02;5.4227355957031250e+02;5.4227418959177817e+02;5.4227709960937500e+02
5;219000000;-1.5039708280528482e+03;-1.5039683837890625e+03;-1.5039708280528555e+03;-1.5039707031250000e+03;-1.5039711914062500e+03;-1.5039708280528484e+03;-1.5039692382812500e+03
6;219000000;-1.5472556511791561e+03;-1.5472564697265625e+03;-1.5472556511791597e+03;-1.5472556152343750e+03;-1.5472540283203125e+03;-1.5472556511791572e+03;-1.5472537841796875e+03
7;219000000;-1.9921074654754991e+03;-1.9921080322265625e+03;-1.9921074654755062e+03;-1.9921074218750000e+03;-1.9921033935546875e+03;-1.9921074654755018e+03;-1.9921049804687500e+03
8;219000000;-3.9798912817424398e+03;-3.9798847656250000e+03;-3.9798912817424352e+03;-3.9798911132812500e+03;-3.9798815917968750e+03;-3.9798912817424316e+03;-3.9798891601562500e+03
9;219000000;-3.6442451421083729e+03;-3.6442456054687500e+03;-3.6442451421083792e+03;-3.6442451171875000e+03;-3.6442458496093750e+03;-3.6442451421083883e+03;-3.6442436523437500e+03
0;221000000;3.6219538383877571e+03;3.6219519042968750e+03;3.6219538383877612e+03;3.6219538574218750e+03;3.6219492187500000e+03;3.6219538383877548e+03;3.6219562988281250e+03
1;221000000;3.8168174302603702e+03;3.8168095703125000e+03;3.8168174302603738e+03;3.8168176269531250e+03;3.8168142089843750e+03;3.8168174302603757e+03;3.8168178710937500e+03
2;221000000;4.3149387306553626e+03;4.3149370117187500e+03;4.3149387306553554e+03;4.3149389648437500e+03;4.3149399414062500e+03;4.3149387306553499e+03;4.3149404296875000e+03
3;221000000;2.2138158196740446e+03;2.2138142089843750e+03;2.2138158196740455e+03;2.2138156738281250e+03;2.2138107910156250e+03;2.2138158196740369e+03;2.2138171386718750e+03
4;221000000;2.4489758023679074e+03;2.4489807128906250e+03;2.4489758023679065e+03;2.4489758300781250e+03;2.4489782714843750e+03;2.4489758023679119e+03;2.4489758300781250e+03
5;221000000;-9.5988890327527281e+02;-9.5988543701171875e+02;-9.5988890327527702e+02;-9.5988885498046875e+02;-9.5988330078125000e+02;-9.5988890327527179e+02;-9.5988720703125000e+02
6;221000000;-1.8265231991346282e+03;-1.8265279541015625e+03;-1.8265231991346227e+03;-1.8265231933593750e+03;-1.8265258789062500e+03;-1.8265231991346411e+03;-1.8265200195312500e+03
7;221000000;-1.7873841854066891e+03;-1.7873874511718750e+03;-1.7873841854066818e+03;-1.7873841552734375e+03;-1.7873812255859375e+03;-1.7873841854066920e+03;-1.7873811035156250e+03
8;221000000;-4.0266834537547984e+03;-4.0266816406250000e+03;-4.0266834537548016e+03;-4.0266833496093750e+03;-4.0266826171875000e+03;-4.0266834537548148e+03;-4.0266811523437500e+03
9;221000000;-3.2285824190566632e+03;-3.2285839843750000e+03;-3.2285824190566605e+03;-3.2285822753906250e+03;-3.2285769042968750e+03;-3.2285824190566645e+03;-3.2285817871093750e+03
0;223000000;4.0736072532323669e+03;4.0736096191406250e+03;4.0736072532323724e+03;4.0736074218750000e+03;4.0736091308593750e+03;4.0736072532323665e+03;4.0736093750000000e+03
1;223000000;3.4214829739957181e+03;3.4214809570312500e+03;3.4214829739957117e+03;3.4214831542968750e+03;3.4214826660156250e+03;3.4214829739957140e+03;3.4214848632812500e+03
2;223000000;3.5597373503128028e+03;3.5597346191406250e+03;3.5597373503127974e+03;3.5597373046875000e+03;3.5597358398437500e+03;3.5597373503127860e+03;3.5597377929687500e+03
3;223000000;2.6520737574440677e+03;2.6520715332031250e+03;2.6520737574440686e+03;2.6520737304687500e+03;2.6520690917968750e+03;2.6520737574440614e+03;2.6520766601562500e+03
4;223000000;2.5120106173633849e+03;2.5120136718750000e+03;2.5120106173633872e+03;2.5120104980468750e+03;2.5120144042968750e+03;2.5120106173633890e+03;2.5120117187500000e+03
5;223000000;2.1799307364443024e+01;2.1801166534423828e+01;2.1799307364438931e+01;2.1799343109130859e+01;2.1802341461181641e+01;2.1799307364433616e+01;2.1800781250000000e+01
6;223000000;-1.4904092130317219e+03;-1.4904123535156250e+03;-1.4904092130317279e+03;-1.4904091796875000e+03;-1.4904108886718750e+03;-1.4904092130317338e+03;-1.4904073486328125e+03
7;223000000;-2.1174621227606017e+03;-2.1174580078125000e+03;-2.1174621227606021e+03;-2.1174621582031250e+03;-2.1174599609375000e+03;-2.1174621227606008e+03;-2.1174589843750000e+03
8;223000000;-4.0050259837681338e+03;-4.0050256347656250e+03;-4.0050259837681333e+03;-4.0050258789062500e+03;-4.0050251464843750e+03;-4.0050259837681442e+03;-4.0050239257812500e+03
9;223000000;-3.7347908019088518e+03;-3.7347932128906250e+03;-3.7347908019088577e+03;-3.7347907714843750e+03;-3.7347863769531250e+03;-3.7347908019088673e+03;-3.7347888183593750e+03
0;225000000;4.5566401465408353e+03;4.5566406250000000e+03;4.5566401465408389e+03;4.5566401367187500e+03;4.5566381835937500e+03;4.5566401465408317e+03;4.5566416015625000e+03
1;225000000;3.4412565869244659e+03;3.4412541503906250e+03;3.4412565869244686e+03;3.4412565917968750e+03;3.4412563476562500e+03;3.4412565869244600e+03;3.4412583007812500e+03
2;225000000;3.7938857294096570e+03;3.7938859863281250e+03;3.7938857294096588e+03;3.7938857421875000e+03;3.7938813476562500e+03;3.7938857294096442e+03;3.7938859863281250e+03
3;225000000;3.2956713848742588e+03;3.2956723632812500e+03;3.2956713848742625e+03;3.2956713867187500e+03;3.2956674804687500e+03;3.2956713848742575e+03;3.2956740722656250e+03
4;225000000;2.3041926793582061e+03;2.3041970214843750e+03;2.3041926793582043e+03;2.3041926269531250e+03;2.3041960449218750e+03;2.3041926793582033e+03;2.3041945800781250e+03
5;225000000;1.6688945407786882e+03;1.6688930664062500e+03;1.6688945407786925e+03;1.6688945312500000e+03;1.6688941650390625e+03;1.6688945407786898e+03;1.6688962402343750e+03
6;225000000;-1.2283544959319095e+03;-1.2283566894531250e+03;-1.2283544959319131e+03;-1.2283544921875000e+03;-1.2283542480468750e+03;-1.2283544959319036e+03;-1.2283527832031250e+03
7;225000000;-2.5199761123754802e+03;-2.5199707031250000e+03;-2.5199761123754834e+03;-2.5199760742187500e+03;-2.5199707031250000e+03;-2.5199761123754761e+03;-2.5199721679687500e+03
8;225000000;-3.6138095170696452e+03;-3.6138085937500000e+03;-3.6138095170696397e+03;-3.6138093261718750e+03;-3.6138066406250000e+03;-3.6138095170696506e+03;-3.6138073730468750e+03
9;225000000;-3.8077376857551781e+03;-3.8077346191406250e+03;-3.8077376857551772e+03;-3.8077375488281250e+03;-3.8077348632812500e+03;-3.8077376857551781e+03;-3.8077368164062500e+03
0;227000000;4.5221243732351622e+03;4.5221225585937500e+03;4.5221243732351604e+03;4.5221245117187500e+03;4.5221206054687500e+03;4.5221243732351559e+03;4.5221264648437500e+03
1;227000000;4.1528209134372828e+03;4.1528129882812500e+03;4.1528209134372819e+03;4.1528208007812500e+03;4.1528134765625000e+03;4.1528209134372710e+03;4.1528212890625000e+03
2;227000000;3.4461262896009885e+03;3.4461225585937500e+03;3.4461262896009962e+03;3.4461262207031250e+03;3.4461235351562500e+03;3.4461262896009780e+03;3.4461279296875000e+03
3;227000000;2.6404609977846590e+03;2.6404575195312500e+03;2.6404609977846644e+03;2.6404609375000000e+03;2.6404592285156250e+03;2.6404609977846580e+03;2.6404638671875000e+03
4;227000000;2.8911338306440566e+03;2.8911340332031250e+03;2.8911338306440539e+03;2.8911337890625000e+03;2.8911333007812500e+03;2.8911338306440521e+03;2.8911354980468750e+03
5;227000000;2.0913131646943962e+03;2.0913071289062500e+03;2.0913131646944007e+03;2.0913132324218750e+03;2.0913093261718750e+03;2.0913131646943975e+03;2.0913149414062500e+03
6;227000000;1.8996353725219205e+02;1.8996174621582031e+02;1.8996353725219410e+02;1.8996356201171875e+02;1.8996365356445312e+02;1.8996353725218614e+02;1.8996484375000000e+02
7;227000000;-2.0318465843357667e+03;-2.0318415527343750e+03;-2.0318465843357669e+03;-2.0318465576171875e+03;-2.0318443603515625e+03;-2.0318465843357671e+03;-2.0318441162109375e+03
8;227000000;-4.0657245242981580e+03;-4.0657260742187500e+03;-4.0657245242981498e+03;-4.0657243652343750e+03;-4.0657292480468750e+03;-4.0657245242981562e+03;-4.0657233886718750e+03
9;227000000;-3.6267684369531248e+03;-3.6267673339843750e+03;-3.6267684369531353e+03;-3.6267683105468750e+03;-3.6267685546875000e+03;-3.6267684369531262e+03;-3.6267656250000000e+03
0;229000000;5.3739337250236686e+03;5.3739345703125000e+03;5.3739337250236749e+03;5.3739335937500000e+03;5.3739287109375000e+03;5.3739337250236658e+03;5.3739370117187500e+03
1;229000000;4.4415118630735924e+03;4.4415097656250000e+03;4.4415118630735897e+03;4.4415117187500000e+03;4.4415126953125000e+03;4.4415118630735842e+03;4.4415117187500000e+03
2;229000000;3.7311124483366029e+03;3.7311110839843750e+03;3.7311124483366043e+03;3.7311125488281250e+03;3.7311145019531250e+03;3.7311124483365957e+03;3.7311140136718750e+03
3;229000000;2.6691296490238515e+03;2.6691276855468750e+03;2.6691296490238446e+03;2.6691296386718750e+03;2.6691308593750000e+03;2.6691296490238424e+03;2.6691333007812500e+03
4;229000000;3.6988867079660245e+03;3.6988889160156250e+03;3.6988867079660240e+03;3.6988867187500000e+03;3.6988867187500000e+03;3.6988867079660231e+03;3.6988884277343750e+03
5;229000000;1.7823274383525707e+03;1.7823236083984375e+03;1.7823274383525729e+03;1.7823273925781250e+03;1.7823233642578125e+03;1.7823274383525654e+03;1.7823303222656250e+03
6;229000000;1.3115055926236505e+03;1.3115051269531250e+03;1.3115055926236496e+03;1.3115056152343750e+03;1.3115041503906250e+03;1.3115055926236437e+03;1.3115065917968750e+03
7;229000000;-1.4811942150713430e+03;-1.4811914062500000e+03;-1.4811942150713296e+03;-1.4811940917968750e+03;-1.4811948242187500e+03;-1.4811942150713387e+03;-1.4811920166015625e+03
8;229000000;-4.3678719024457905e+03;-4.3678745117187500e+03;-4.3678719024458051e+03;-4.3678715820312500e+03;-4.3678735351562500e+03;-4.3678719024457941e+03;-4.3678706054687500e+03
9;229000000;-3.3360998772736034e+03;-3.3360959472656250e+03;-3.3360998772736002e+03;-3.3360998535156250e+03;-3.3360932617187500e+03;-3.3360998772736111e+03;-3.3361000976562500e+03
0;231000000;5.3467541087307618e+03;5.3467509765625000e+03;5.3467541087307718e+03;5.3467539062500000e+03;5.3467548828125000e+03;5.3467541087307618e+03;5.3467558593750000e+03
1;231000000;4.6435496248563431e+03;4.6435463867187500e+03;4.6435496248563386e+03;4.6435498046875000e+03;4.6435478515625000e+03;4.6435496248563386e+03;4.6435502929687500e+03
2;231000000;4.1394475410790828e+03;4.1394433593750000e+03;4.1394475410790874e+03;4.1394477539062500e+03;4.1394433593750000e+03;4.1394475410790810e+03;4.1394487304687500e+03
3;231000000;2.5981240252524626e+03;2.5981240234375000e+03;2.5981240252524631e+03;2.5981240234375000e+03;2.5981264648437500e+03;2.5981240252524581e+03;2.5981264648437500e+03
4;231000000;3.1970719418148474e+03;3.1970737304687500e+03;3.1970719418148528e+03;3.1970720214843750e+03;3.1970744628906250e+03;3.1970719418148474e+03;3.1970739746093750e+03
5;231000000;2.6461371188752023e+03;2.6461372070312500e+03;2.6461371188751991e+03;2.6461372070312500e+03;2.6461354980468750e+03;2.6461371188751928e+03;2.6461386718750000e+03
6;231000000;1.6446209230675147e+03;1.6446169433593750e+03;1.6446209230675197e+03;1.6446209716796875e+03;1.6446190185546875e+03;1.6446209230675108e+03;1.6446229248046875e+03
7;231000000;-1.7893845870386025e+02;-1.7894123840332031e+02;-1.7893845870386389e+02;-1.7893841552734375e+02;-1.7893736267089844e+02;-1.7893845870386758e+02;-1.7893713378906250e+02
8;231000000;-4.0177240136583300e+03;-4.0177233886718750e+03;-4.0177240136583328e+03;-4.0177238769531250e+03;-4.0177177734375000e+03;-4.0177240136583309e+03;-4.0177226562500000e+03
9;231000000;-3.9202426055875103e+03;-3.9202541503906250e+03;-3.9202426055875253e+03;-3.9202424316406250e+03;-3.9202529296875000e+03;-3.9202426055875303e+03;-3.9202414550781250e+03
0;233000000;5.5122721274169417e+03;5.5122690429687500e+03;5.5122721274169462e+03;5.5122719726562500e+03;5.5122675781250000e+03;5.5122721274169335e+03;5.5122739257812500e+03
1;233000000;5.1989821281569948e+03;5.1989785156250000e+03;5.1989821281569875e+03;5.1989819335937500e+03;5.1989770507812500e+03;5.1989821281569912e+03;5.1989824218750000e+03
2;233000000;4.6282880729843500e+03;4.6282812500000000e+03;4.6282880729843482e+03;4.6282880859375000e+03;4.6282827148437500e+03;4.6282880729843309e+03;4.6282895507812500e+03
3;233000000;2.9760469069419410e+03;2.9760473632812500e+03;2.9760469069419350e+03;2.9760468750000000e+03;2.9760405273437500e+03;2.9760469069419346e+03;2.9760488281250000e+03
4;233000000;2.6975152797259097e+03;2.6975166015625000e+03;2.6975152797259038e+03;2.6975153808593750e+03;2.6975166015625000e+03;2.6975152797259097e+03;2.6975173339843750e+03
5;233000000;3.0543693108507650e+03;3.0543671875000000e+03;3.0543693108507669e+03;3.0543693847656250e+03;3.0543666992187500e+03;3.0543693108507687e+03;3.0543715820312500e+03
6;233000000;1.5580346859767294e+03;1.5580312500000000e+03;1.5580346859767276e+03;1.5580346679687500e+03;1.5580292968750000e+03;1.5580346859767242e+03;1.5580362548828125e+03
7;233000000;7.0822886778259340e+02;7.0822711181640625e+02;7.0822886778259090e+02;7.0822888183593750e+02;7.0822497558593750e+02;7.0822886778258885e+02;7.0823193359375000e+02
8;233000000;-3.2295899839848839e+03;-3.2295881347656250e+03;-3.2295899839848926e+03;-3.2295898437500000e+03;-3.2295925292968750e+03;-3.2295899839848844e+03;-3.2295883789062500e+03
9;233000000;-4.2688592456783163e+03;-4.2688735351562500e+03;-4.2688592456783163e+03;-4.2688593750000000e+03;-4.2688745117187500e+03;-4.2688592456783190e+03;-4.2688603515625000e+03
0;235000000;6.1383677565361759e+03;6.1383603515625000e+03;6.1383677565361731e+03;6.1383676757812500e+03;6.1383603515625000e+03;6.1383677565361722e+03;6.1383710937500000e+03
1;235000000;5.2277145927660540e+03;5.2277158203125000e+03;5.2277145927660586e+03;5.2277143554687500e+03;5.2277119140625000e+03;5.2277145927660604e+03;5.2277163085937500e+03
2;235000000;4.7340431461608741e+03;4.7340400390625000e+03;4.7340431461608778e+03;4.7340429687500000e+03;4.7340371093750000e+03;4.7340431461608587e+03;4.7340458984375000e+03
3;235000000;3.2401742109879610e+03;3.2401740722656250e+03;3.2401742109879560e+03;3.2401740722656250e+03;3.2401752929687500e+03;3.2401742109879528e+03;3.2401765136718750e+03
4;235000000;2.7266292248024638e+03;2.7266313476562500e+03;2.7266292248024652e+03;2.7266291503906250e+03;2.7266347656250000e+03;2.7266292248024665e+03;2.7266311035156250e+03
5;235000000;2.9390514486570801e+03;2.9390480957031250e+03;2.9390514486570742e+03;2.9390515136718750e+03;2.9390512695312500e+03;2.9390514486570823e+03;2.9390541992187500e+03
6;235000000;2.6325191634696889e+03;2.6325187988281250e+03;2.6325191634696921e+03;2.6325190429687500e+03;2.6325195312500000e+03;2.6325191634696821e+03;2.6325214843750000e+03
7;235000000;1.3546047572605512e+03;1.3546049804687500e+03;1.3546047572605548e+03;1.3546047363281250e+03;1.3546049804687500e+03;1.3546047572605548e+03;1.3546062011718750e+03
8;235000000;-1.6034901729538019e+03;-1.6034912109375000e+03;-1.6034901729538110e+03;-1.6034901123046875e+03;-1.6034926757812500e+03;-1.6034901729538115e+03;-1.6034902343750000e+03
9;235000000;-3.7397524846861729e+03;-3.7397487792968750e+03;-3.7397524846861802e+03;-3.7397524414062500e+03;-3.7397507324218750e+03;-3.7397524846861634e+03;-3.7397534179687500e+03
0;237000000;5.9562904663175814e+03;5.9562905273437500e+03;5.9562904663175905e+03;5.9562905273437500e+03;5.9562915039062500e+03;5.9562904663175996e+03;5.9562939453125000e+03
1;237000000;5.6119061215847487e+03;5.6119111328125000e+03;5.6119061215847541e+03;5.6119062500000000e+03;5.6119091796875000e+03;5.6119061215847487e+03;5.6119067382812500e+03
2;237000000;5.1992698520256345e+03;5.1992695312500000e+03;5.1992698520256326e+03;5.1992700195312500e+03;5.1992734375000000e+03;5.1992698520256272e+03;5.1992714843750000e+03
3;237000000;3.7005584623393270e+03;3.7005598144531250e+03;3.7005584623393306e+03;3.7005583496093750e+03;3.7005585937500000e+03;3.7005584623393256e+03;3.7005615234375000e+03
4;237000000;3.5747854755177996e+03;3.5747851562500000e+03;3.5747854755177946e+03;3.5747854003906250e+03;3.5747858886718750e+03;3.5747854755177950e+03;3.5747890625000000e+03
5;237000000;2.1603245792709390e+03;2.1603200683593750e+03;2.1603245792709308e+03;2.1603247070312500e+03;2.1603171386718750e+03;2.1603245792709322e+03;2.1603269042968750e+03
6;237000000;2.6515394962027017e+03;2.6515380859375000e+03;2.6515394962027076e+03;2.6515395507812500e+03;2.6515402832031250e+03;2.6515394962027044e+03;2.6515419921875000e+03
7;237000000;9.9092661549225193e+02;9.9092749023437500e+02;9.9092661549225272e+02;9.9092663574218750e+02;9.9092565917968750e+02;9.9092661549224931e+02;9.9092907714843750e+02
8;237000000;-1.2305804816144102e+03;-1.2305820312500000e+03;-1.2305804816144059e+03;-1.2305804443359375e+03;-1.2305786132812500e+03;-1.2305804816144098e+03;-1.2305798339843750e+03
9;237000000;-3.2154433229200431e+03;-3.2154384765625000e+03;-3.2154433229200449e+03;-3.2154433593750000e+03;-3.2154367675781250e+03;-3.2154433229200422e+03;-3.2154438476562500e+03
0;239000000;5.4212769610495034e+03;5.4212778320312500e+03;5.4212769610494988e+03;5.4212768554687500e+03;5.4212768554687500e+03;5.4212769610495006e+03;5.4212802734375000e+03
1;239000000;6.0007389062576331e+03;6.0007426757812500e+03;6.0007389062576367e+03;6.0007387695312500e+03;6.0007397460937500e+03;6.0007389062576394e+03;6.0007407226562500e+03
2;239000000;5.2823343163964082e+03;5.2823339843750000e+03;5.2823343163964119e+03;5.2823344726562500e+03;5.2823359375000000e+03;5.2823343163964028e+03;5.2823359375000000e+03
3;239000000;3.7253830466372319e+03;3.7253803710937500e+03;3.7253830466372401e+03;3.7253830566406250e+03;3.7253813476562500e+03;3.7253830466372256e+03;3.7253852539062500e+03
4;239000000;3.6772815327444951e+03;3.6772824707031250e+03;3.6772815327445005e+03;3.6772814941406250e+03;3.6772846679687500e+03;3.6772815327444955e+03;3.6772834472656250e+03
5;239000000;2.0683151537087724e+03;2.0683181152343750e+03;2.0683151537087742e+03;2.0683151855468750e+03;2.0683173828125000e+03;2.0683151537087674e+03;2.0683186035156250e+03
6;239000000;2.3938205703159715e+03;2.3938186035156250e+03;2.3938205703159733e+03;2.3938205566406250e+03;2.3938190917968750e+03;2.3938205703159720e+03;2.3938232421875000e+03
7;239000000;1.9341742483005728e+03;1.9341730957031250e+03;1.9341742483005760e+03;1.9341743164062500e+03;1.9341719970703125e+03;1.9341742483005687e+03;1.9341765136718750e+03
8;239000000;-5.2191097179381518e+02;-5.2191113281250000e+02;-5.2191097179381256e+02;-5.2191094970703125e+02;-5.2190942382812500e+02;-5.2191097179381882e+02;-5.2190966796875000e+02
9;239000000;-1.0861254769855313e+03;-1.0861218261718750e+03;-1.0861254769855295e+03;-1.0861254882812500e+03;-1.0861219482421875e+03;-1.0861254769855218e+03;-1.0861267089843750e+03
0;241000000;5.3989791622542625e+03;5.3989755859375000e+03;5.3989791622542525e+03;5.3989790039062500e+03;5.3989775390625000e+03;5.3989791622542489e+03;5.3989833984375000e+03
1;241000000;5.8460253871923742e+03;5.8460307617187500e+03;5.8460253871923733e+03;5.8460253906250000e+03;5.8460263671875000e+03;5.8460253871923742e+03;5.8460258789062500e+03
2;241000000;5.5122890201721930e+03;5.5122895507812500e+03;5.5122890201721848e+03;5.5122890625000000e+03;5.5122866210937500e+03;5.5122890201721839e+03;5.5122910156250000e+03
3;241000000;4.0849261061861830e+03;4.0849245605468750e+03;4.0849261061861762e+03;4.0849260253906250e+03;4.0849257812500000e+03;4.0849261061861671e+03;4.0849296875000000e+03
4;241000000;4.2801893584212230e+03;4.2801938476562500e+03;4.2801893584212230e+03;4.2801894531250000e+03;4.2801923828125000e+03;4.2801893584212194e+03;4.2801914062500000e+03
5;241000000;2.8780718361710406e+03;2.8780754394531250e+03;2.8780718361710497e+03;2.8780717773437500e+03;2.8780734863281250e+03;2.8780718361710415e+03;2.8780754394531250e+03
6;241000000;1.8716119468329598e+03;1.8716107177734375e+03;1.8716119468329671e+03;1.8716119384765625e+03;1.8716086425781250e+03;1.8716119468329616e+03;1.8716135253906250e+03
7;241000000;1.8027018536602977e+03;1.8026967773437500e+03;1.8027018536603005e+03;1.8027019042968750e+03;1.8026972656250000e+03;1.8027018536602950e+03;1.8027033691406250e+03
8;241000000;-7.1618974120175233e+02;-7.1618713378906250e+02;-7.1618974120176097e+02;-7.1618969726562500e+02;-7.1619250488281250e+02;-7.1618974120176313e+02;-7.1618933105468750e+02
9;241000000;-9.7111231537930030e+02;-9.7111505126953125e+02;-9.7111231537929393e+02;-9.7111230468750000e+02;-9.7111163330078125e+02;-9.7111231537929757e+02;-9.7111346435546875e+02
0;243000000;5.4128971505581940e+03;5.4128945312500000e+03;5.4128971505581885e+03;5.4128969726562500e+03;5.4128974609375000e+03;5.4128971505581831e+03;5.4129013671875000e+03
1;243000000;5.7278348138639403e+03;5.7278339843750000e+03;5.7278348138639412e+03;5.7278349609375000e+03;5.7278344726562500e+03;5.7278348138639485e+03;5.7278359375000000e+03
2;243000000;6.3495738477624391e+03;6.3495688476562500e+03;6.3495738477624427e+03;6.3495737304687500e+03;6.3495712890625000e+03;6.3495738477624336e+03;6.3495751953125000e+03
3;243000000;4.2870865703275176e+03;4.2870854492187500e+03;4.2870865703275131e+03;4.2870864257812500e+03;4.2870864257812500e+03;4.2870865703275067e+03;4.2870903320312500e+03
4;243000000;4.1183732232374468e+03;4.1183754882812500e+03;4.1183732232374414e+03;4.1183730468750000e+03;4.1183720703125000e+03;4.1183732232374423e+03;4.1183759765625000e+03
5;243000000;2.9882118316349261e+03;2.9882092285156250e+03;2.9882118316349324e+03;2.9882119140625000e+03;2.9882109375000000e+03;2.9882118316349238e+03;2.9882143554687500e+03
6;243000000;1.8030739367397466e+03;1.8030739746093750e+03;1.8030739367397459e+03;1.8030739746093750e+03;1.8030733642578125e+03;1.8030739367397414e+03;1.8030761718750000e+03
7;243000000;1.9322715147346216e+03;1.9322674560546875e+03;1.9322715147346244e+03;1.9322716064453125e+03;1.9322711181640625e+03;1.9322715147346125e+03;1.9322751464843750e+03
8;243000000;7.6360963793260964e+01;7.6357803344726562e+01;7.6360963793252864e+01;7.6361022949218750e+01;7.6356307983398438e+01;7.6360963793249084e+01;7.6361816406250000e+01
9;243000000;-4.4035526947398535e+02;-4.4034887695312500e+02;-4.4035526947397250e+02;-4.4035525512695312e+02;-4.4035034179687500e+02;-4.4035526947397898e+02;-4.4035659790039062e+02
0;245000000;6.4911912049417879e+03;6.4911928710937500e+03;6.4911912049417933e+03;6.4911914062500000e+03;6.4911894531250000e+03;6.4911912049417833e+03;6.4911958007812500e+03
1;245000000;5.2521038873874777e+03;5.2521059570312500e+03;5.2521038873874786e+03;5.2521040039062500e+03;5.2521040039062500e+03;5.2521038873874804e+03;5.2521054687500000e+03
2;245000000;6.0151563930280363e+03;6.0151596679687500e+03;6.0151563930280363e+03;6.0151562500000000e+03;6.0151557617187500e+03;6.0151563930280263e+03;6.0151586914062500e+03
3;245000000;4.5338425978826672e+03;4.5338413085937500e+03;4.5338425978826672e+03;4.5338427734375000e+03;4.5338432617187500e+03;4.5338425978826599e+03;4.5338452148437500e+03
4;245000000;4.4867047415889456e+03;4.4867036132812500e+03;4.4867047415889510e+03;4.4867045898437500e+03;4.4867031250000000e+03;4.4867047415889483e+03;4.4867070312500000e+03
5;245000000;3.4958017072185489e+03;3.4957980957031250e+03;3.4958017072185648e+03;3.4958017578125000e+03;3.4957951660156250e+03;3.4958017072185576e+03;3.4958041992187500e+03
6;245000000;2.6070874967631366e+03;2.6070864257812500e+03;2.6070874967631257e+03;2.6070874023437500e+03;2.6070849609375000e+03;2.6070874967631257e+03;2.6070908203125000e+03
7;245000000;1.2415439007843881e+03;1.2415406494140625e+03;1.2415439007843904e+03;1.2415439453125000e+03;1.2415422363281250e+03;1.2415439007843806e+03;1.2415473632812500e+03
8;245000000;-3.2336699727921240e+02;-3.2337182617187500e+02;-3.2336699727921962e+02;-3.2336694335937500e+02;-3.2337002563476562e+02;-3.2336699727921678e+02;-3.2336596679687500e+02
9;245000000;-3.4877151128576520e+02;-3.4877307128906250e+02;-3.4877151128577623e+02;-3.4877148437500000e+02;-3.4877307128906250e+02;-3.4877151128577589e+02;-3.4877322387695312e+02
0;247000000;6.0379397795813857e+03;6.0379399414062500e+03;6.0379397795813820e+03;6.0379399414062500e+03;6.0379404296875000e+03;6.0379397795813766e+03;6.0379433593750000e+03
1;247000000;5.1704407881817178e+03;5.1704375000000000e+03;5.1704407881817069e+03;5.1704409179687500e+03;5.1704394531250000e+03;5.1704407881817115e+03;5.1704423828125000e+03
2;247000000;5.4139529832782418e+03;5.4139521484375000e+03;5.4139529832782300e+03;5.4139531250000000e+03;5.4139492187500000e+03;5.4139529832782273e+03;5.4139555664062500e+03
3;247000000;4.9880522733210673e+03;4.9880532226562500e+03;4.9880522733210692e+03;4.9880522460937500e+03;4.9880527343750000e+03;4.9880522733210591e+03;4.9880556640625000e+03
4;247000000;4.8842315990929965e+03;4.8842333984375000e+03;4.8842315990929910e+03;4.8842314453125000e+03;4.8842309570312500e+03;4.8842315990929956e+03;4.8842333984375000e+03
5;247000000;3.5503240069854332e+03;3.5503212890625000e+03;3.5503240069854382e+03;3.5503239746093750e+03;3.5503212890625000e+03;3.5503240069854392e+03;3.5503271484375000e+03
6;247000000;2.6177096863378074e+03;2.6177097167968750e+03;2.6177096863378060e+03;2.6177097167968750e+03;2.6177065429687500e+03;2.6177096863378006e+03;2.6177126464843750e+03
7;247000000;1.2928293987903621e+03;1.2928323974609375e+03;1.2928293987903642e+03;1.2928294677734375e+03;1.2928311767578125e+03;1.2928293987903594e+03;1.2928316650390625e+03
8;247000000;-6.1519228264254032e+01;-6.1522312164306641e+01;-6.1519228264250195e+01;-6.1519157409667969e+01;-6.1519500732421875e+01;-6.1519228264252433e+01;-6.1518066406250000e+01
9;247000000;2.6553725311413734e+02;2.6553781127929688e+02;2.6553725311414337e+02;2.6553729248046875e+02;2.6554174804687500e+02;2.6553725311413723e+02;2.6553726196289062e+02
0;249000000;5.5013204572135819e+03;5.5013217773437500e+03;5.5013204572135928e+03;5.5013203125000000e+03;5.5013193359375000e+03;5.5013204572135774e+03;5.5013247070312500e+03
1;249000000;6.1997933542396395e+03;6.1997983398437500e+03;6.1997933542396404e+03;6.1997934570312500e+03;6.1997963867187500e+03;6.1997933542396313e+03;6.1997958984375000e+03
2;249000000;5.2495923154442826e+03;5.2495922851562500e+03;5.2495923154442771e+03;5.2495922851562500e+03;5.2495922851562500e+03;5.2495923154442771e+03;5.2495947265625000e+03
3;249000000;4.8236416253173184e+03;4.8236352539062500e+03;4.8236416253173074e+03;4.8236416015625000e+03;4.8236367187500000e+03;4.8236416253173038e+03;4.8236459960937500e+03
4;249000000;5.0466429350154003e+03;5.0466420898437500e+03;5.0466429350154049e+03;5.0466430664062500e+03;5.0466401367187500e+03;5.0466429350154003e+03;5.0466450195312500e+03
5;249000000;3.9942044168326088e+03;3.9942026367187500e+03;3.9942044168326115e+03;3.9942043457031250e+03;3.9942009277343750e+03;3.9942044168326129e+03;3.9942072753906250e+03
6;249000000;3.1426836530831893e+03;3.1426821289062500e+03;3.1426836530831874e+03;3.1426835937500000e+03;3.1426833496093750e+03;3.1426836530831797e+03;3.1426867675781250e+03
7;249000000;1.9370752706348262e+03;1.9370756835937500e+03;1.9370752706348244e+03;1.9370753173828125e+03;1.9370748291015625e+03;1.9370752706348208e+03;1.9370786132812500e+03
8;249000000;-4.8751040242071053e+02;-4.8751483154296875e+02;-4.8751040242070565e+02;-4.8751034545898438e+02;-4.8751647949218750e+02;-4.8751040242071053e+02;-4.8750927734375000e+02
9;249000000;-2.9156719774948914e+02;-2.9156353759765625e+02;-2.9156719774949323e+02;-2.9156716918945312e+02;-2.9156173706054688e+02;-2.9156719774949079e+02;-2.9156768798828125e+02
0;251000000;5.5265419250086707e+03;5.5265439453125000e+03;5.5265419250086707e+03;5.5265419921875000e+03;5.5265434570312500e+03;5.5265419250086570e+03;5.5265463867187500e+03
1;251000000;5.9179021143250275e+03;5.9179086914062500e+03;5.9179021143250175e+03;5.9179023437500000e+03;5.9179062500000000e+03;5.9179021143250229e+03;5.9179042968750000e+03
2;251000000;4.9412975379301743e+03;4.9412963867187500e+03;4.9412975379301752e+03;4.9412973632812500e+03;4.9412954101562500e+03;4.9412975379301743e+03;4.9412993164062500e+03
3;251000000;4.5880830399747647e+03;4.5880854492187500e+03;4.5880830399747620e+03;4.5880830078125000e+03;4.5880830078125000e+03;4.5880830399747547e+03;4.5880869140625000e+03
4;251000000;5.2662093480905160e+03;5.2662055664062500e+03;5.2662093480905141e+03;5.2662094726562500e+03;5.2662065429687500e+03;5.2662093480905141e+03;5.2662128906250000e+03
5;251000000;4.2199574011303021e+03;4.2199560546875000e+03;4.2199574011303093e+03;4.2199575195312500e+03;4.2199550781250000e+03;4.2199574011303030e+03;4.2199589843750000e+03
6;251000000;3.3068234501774682e+03;3.3068212890625000e+03;3.3068234501774637e+03;3.3068234863281250e+03;3.3068203125000000e+03;3.3068234501774655e+03;3.3068269042968750e+03
7;251000000;2.3100024344979342e+03;2.3100019531250000e+03;2.3100024344979329e+03;2.3100024414062500e+03;2.3100036621093750e+03;2.3100024344979288e+03;2.3100063476562500e+03
8;251000000;-3.7795624186632705e+02;-3.7795532226562500e+02;-3.7795624186632585e+02;-3.7795617675781250e+02;-3.7795300292968750e+02;-3.7795624186632244e+02;-3.7795385742187500e+02
9;251000000;-5.5984706932781940e+01;-5.5989395141601562e+01;-5.5984706932775772e+01;-5.5984642028808594e+01;-5.5987071990966797e+01;-5.5984706932780682e+01;-5.5984375000000000e+01
0;253000000;6.5803460287678054e+03;6.5803461914062500e+03;6.5803460287678081e+03;6.5803461914062500e+03;6.5803496093750000e+03;6.5803460287678017e+03;6.5803476562500000e+03
1;253000000;5.3209838880235748e+03;5.3209824218750000e+03;5.3209838880235757e+03;5.3209838867187500e+03;5.3209819335937500e+03;5.3209838880235784e+03;5.3209853515625000e+03
2;253000000;6.3862004637979926e+03;6.3861987304687500e+03;6.3862004637979971e+03;6.3862006835937500e+03;6.3862006835937500e+03;6.3862004637979935e+03;6.3862036132812500e+03
3;253000000;4.6025422525416316e+03;4.6025463867187500e+03;4.6025422525416479e+03;4.6025419921875000e+03;4.6025458984375000e+03;4.6025422525416325e+03;4.6025458984375000e+03
4;253000000;5.3469659339038808e+03;5.3469653320312500e+03;5.3469659339038790e+03;5.3469658203125000e+03;5.3469663085937500e+03;5.3469659339038844e+03;5.3469687500000000e+03
5;253000000;4.3847580109020773e+03;4.3847573242187500e+03;4.3847580109020855e+03;4.3847578125000000e+03;4.3847563476562500e+03;4.3847580109020746e+03;4.3847607421875000e+03
6;253000000;3.4807117679088210e+03;3.4807131347656250e+03;3.4807117679088306e+03;3.4807116699218750e+03;3.4807143554687500e+03;3.4807117679088151e+03;3.4807133789062500e+03
7;253000000;2.4124921514220473e+03;2.4124897460937500e+03;2.4124921514220541e+03;2.4124921875000000e+03;2.4124921875000000e+03;2.4124921514220437e+03;2.4124960937500000e+03
8;253000000;1.4866338911653474e+02;1.4866403198242188e+02;1.4866338911653349e+02;1.4866342163085938e+02;1.4866088867187500e+02;1.4866338911653565e+02;1.4866455078125000e+02
9;253000000;-4.3825532714653070e+02;-4.3825003051757812e+02;-4.3825532714654031e+02;-4.3825527954101562e+02;-4.3825363159179688e+02;-4.3825532714653946e+02;-4.3825610351562500e+02
0;255000000;5.7786488513556133e+03;5.7786425781250000e+03;5.7786488513556187e+03;5.7786489257812500e+03;5.7786450195312500e+03;5.7786488513556114e+03;5.7786533203125000e+03
1;255000000;5.3077001610616080e+03;5.3076982421875000e+03;5.3077001610616107e+03;5.3077001953125000e+03;5.3077021484375000e+03;5.3077001610616062e+03;5.3077021484375000e+03
2;255000000;5.9557596292205353e+03;5.9557543945312500e+03;5.9557596292205271e+03;5.9557597656250000e+03;5.9557607421875000e+03;5.9557596292205280e+03;5.9557622070312500e+03
3;255000000;4.1007047693439426e+03;4.1007045898437500e+03;4.1007047693439445e+03;4.1007045898437500e+03;4.1007065429687500e+03;4.1007047693439417e+03;4.1007089843750000e+03
4;255000000;5.0093445993067553e+03;5.0093408203125000e+03;5.0093445993067535e+03;5.0093447265625000e+03;5.0093422851562500e+03;5.0093445993067489e+03;5.0093481445312500e+03
5;255000000;4.6747902289741605e+03;4.6747875976562500e+03;4.6747902289741633e+03;4.6747900390625000e+03;4.6747856445312500e+03;4.6747902289741578e+03;4.6747929687500000e+03
6;255000000;3.9738843970327721e+03;3.9738833007812500e+03;3.9738843970327739e+03;3.9738842773437500e+03;3.9738808593750000e+03;3.9738843970327621e+03;3.9738867187500000e+03
7;255000000;2.7940484515625376e+03;2.7940502929687500e+03;2.7940484515625312e+03;2.7940483398437500e+03;2.7940468750000000e+03;2.7940484515625340e+03;2.7940515136718750e+03
8;255000000;2.9896056081519322e+02;2.9895925903320312e+02;2.9896056081518668e+02;2.9896057128906250e+02;2.9895629882812500e+02;2.9896056081519282e+02;2.9896240234375000e+02
9;255000000;-3.9840044950876126e+02;-3.9839828491210938e+02;-3.9840044950875500e+02;-3.9840042114257812e+02;-3.9839736938476562e+02;-3.9840044950875290e+02;-3.9840127563476562e+02
0;257000000;6.5578368573383150e+03;6.5578300781250000e+03;6.5578368573383141e+03;6.5578369140625000e+03;6.5578281250000000e+03;6.5578368573383095e+03;6.5578388671875000e+03
1;257000000;6.1436885117234733e+03;6.1436894531250000e+03;6.1436885117234624e+03;6.1436884765625000e+03;6.1436889648437500e+03;6.1436885117234606e+03;6.1436904296875000e+03
2;257000000;5.2860840838849326e+03;5.2860864257812500e+03;5.2860840838849317e+03;5.2860839843750000e+03;5.2860878906250000e+03;5.2860840838849253e+03;5.2860859375000000e+03
3;257000000;5.2658288154614529e+03;5.2658247070312500e+03;5.2658288154614547e+03;5.2658286132812500e+03;5.2658256835937500e+03;5.2658288154614611e+03;5.2658334960937500e+03
4;257000000;4.7959882788279710e+03;4.7959853515625000e+03;4.7959882788279738e+03;4.7959882812500000e+03;4.7959848632812500e+03;4.7959882788279665e+03;4.7959912109375000e+03
5;257000000;4.6389290334722727e+03;4.6389262695312500e+03;4.6389290334722664e+03;4.6389291992187500e+03;4.6389262695312500e+03;4.6389290334722655e+03;4.6389326171875000e+03
6;257000000;4.3271123841960916e+03;4.3271088867187500e+03;4.3271123841960871e+03;4.3271123046875000e+03;4.3271103515625000e+03;4.3271123841960834e+03;4.3271152343750000e+03
7;257000000;3.3154800491357873e+03;3.3154758300781250e+03;3.3154800491357873e+03;3.3154799804687500e+03;3.3154790039062500e+03;3.3154800491357792e+03;3.3154836425781250e+03
8;257000000;4.7695148834135847e+02;4.7695364379882812e+02;4.7695148834136529e+02;4.7695147705078125e+02;4.7695864868164062e+02;4.7695148834136398e+02;4.7695312500000000e+02
9;257000000;2.9527306113617033e+02;2.9527896118164062e+02;2.9527306113616476e+02;2.9527307128906250e+02;2.9527496337890625e+02;2.9527306113617055e+02;2.9527282714843750e+02
0;259000000;6.8737963309745101e+03;6.8737944335937500e+03;6.8737963309745037e+03;6.8737963867187500e+03;6.8737929687500000e+03;6.8737963309745228e+03;6.8738002929687500e+03
1;259000000;5.9108351470157377e+03;5.9108383789062500e+03;5.9108351470157450e+03;5.9108349609375000e+03;5.9108364257812500e+03;5.9108351470157540e+03;5.9108359375000000e+03
2;259000000;5.2223587799171646e+03;5.2223637695312500e+03;5.2223587799171701e+03;5.2223588867187500e+03;5.2223579101562500e+03;5.2223587799171619e+03;5.2223613281250000e+03
3;259000000;5.0183314006267165e+03;5.0183315429687500e+03;5.0183314006267155e+03;5.0183315429687500e+03;5.0183344726562500e+03;5.0183314006267165e+03;5.0183354492187500e+03
4;259000000;4.7661503754835885e+03;4.7661547851562500e+03;4.7661503754835931e+03;4.7661503906250000e+03;4.7661518554687500e+03;4.7661503754835867e+03;4.7661533203125000e+03
5;259000000;4.3555402506621558e+03;4.3555371093750000e+03;4.3555402506621494e+03;4.3555400390625000e+03;4.3555351562500000e+03;4.3555402506621522e+03;4.3555439453125000e+03
6;259000000;4.2320371957412581e+03;4.2320361328125000e+03;4.2320371957412581e+03;4.2320371093750000e+03;4.2320390625000000e+03;4.2320371957412544e+03;4.2320400390625000e+03
7;259000000;3.4107000346609416e+03;3.4106982421875000e+03;3.4107000346609411e+03;3.4106999511718750e+03;3.4106977539062500e+03;3.4107000346609375e+03;3.4107028808593750e+03
8;259000000;1.3293763942003818e+03;1.3293811035156250e+03;1.3293763942003743e+03;1.3293763427734375e+03;1.3293803710937500e+03;1.3293763942003807e+03;1.3293767089843750e+03
9;259000000;5.9923438448071659e+02;5.9923419189453125e+02;5.9923438448071602e+02;5.9923437500000000e+02;5.9923315429687500e+02;5.9923438448071261e+02;5.9923303222656250e+02
0;261000000;6.9083390198006146e+03;6.9083393554687500e+03;6.9083390198006100e+03;6.9083388671875000e+03;6.9083393554687500e+03;6.9083390198006200e+03;6.9083432617187500e+03
1;261000000;6.4634461377479893e+03;6.4634399414062500e+03;6.4634461377480029e+03;6.4634462890625000e+03;6.4634448242187500e+03;6.4634461377480111e+03;6.4634492187500000e+03
2;261000000;5.8689061800267646e+03;5.8689052734375000e+03;5.8689061800267682e+03;5.8689062500000000e+03;5.8689072265625000e+03;5.8689061800267582e+03;5.8689077148437500e+03
3;261000000;4.4757000513776675e+03;4.4756967773437500e+03;4.4757000513776584e+03;4.4757001953125000e+03;4.4756958007812500e+03;4.4757000513776593e+03;4.4757041015625000e+03
4;261000000;5.4994671297090908e+03;5.4994682617187500e+03;5.4994671297090899e+03;5.4994672851562500e+03;5.4994667968750000e+03;5.4994671297090854e+03;5.4994707031250000e+03
5;261000000;4.0414446155528763e+03;4.0414414062500000e+03;4.0414446155528835e+03;4.0414445800781250e+03;4.0414406738281250e+03;4.0414446155528772e+03;4.0414489746093750e+03
6;261000000;4.1532877143167971e+03;4.1532890625000000e+03;4.1532877143168025e+03;4.1532875976562500e+03;4.1532871093750000e+03;4.1532877143167925e+03;4.1532910156250000e+03
7;261000000;3.7616763528750857e+03;3.7616728515625000e+03;3.7616763528750757e+03;3.7616762695312500e+03;3.7616750488281250e+03;3.7616763528750798e+03;3.7616789550781250e+03
8;261000000;1.2289856235849502e+03;1.2289871826171875e+03;1.2289856235849520e+03;1.2289855957031250e+03;1.2289846191406250e+03;1.2289856235849438e+03;1.2289873046875000e+03
9;261000000;8.7109869251707232e+02;8.7109448242187500e+02;8.7109869251707892e+02;8.7109869384765625e+02;8.7109930419921875e+02;8.7109869251707369e+02;8.7109881591796875e+02
0;263000000;6.5969629923086022e+03;6.5969594726562500e+03;6.5969629923085986e+03;6.5969628906250000e+03;6.5969672851562500e+03;6.5969629923085959e+03;6.5969658203125000e+03
1;263000000;6.6682829603111859e+03;6.6682758789062500e+03;6.6682829603111923e+03;6.6682832031250000e+03;6.6682773437500000e+03;6.6682829603111932e+03;6.6682832031250000e+03
2;263000000;5.8581851231414148e+03;5.8581782226562500e+03;5.8581851231414239e+03;5.8581850585937500e+03;5.8581826171875000e+03;5.8581851231414184e+03;5.8581884765625000e+03
3;263000000;4.5267493240586437e+03;4.5267446289062500e+03;4.5267493240586437e+03;4.5267495117187500e+03;4.5267446289062500e+03;4.5267493240586364e+03;4.5267529296875000e+03
4;263000000;5.1884526186859384e+03;5.1884541015625000e+03;5.1884526186859348e+03;5.1884526367187500e+03;5.1884506835937500e+03;5.1884526186859393e+03;5.1884560546875000e+03
5;263000000;4.3385185730035519e+03;4.3385166015625000e+03;4.3385185730035482e+03;4.3385185546875000e+03;4.3385170898437500e+03;4.3385185730035464e+03;4.3385229492187500e+03
6;263000000;4.1100049412956050e+03;4.1100068359375000e+03;4.1100049412956059e+03;4.1100048828125000e+03;4.1100097656250000e+03;4.1100049412956032e+03;4.1100083007812500e+03
7;263000000;3.7492635220061120e+03;3.7492653808593750e+03;3.7492635220061238e+03;3.7492634277343750e+03;3.7492661132812500e+03;3.7492635220061179e+03;3.7492685546875000e+03
8;263000000;1.2884583562446057e+03;1.2884587402343750e+03;1.2884583562446055e+03;1.2884583740234375e+03;1.2884578857421875e+03;1.2884583562446032e+03;1.2884602050781250e+03
9;263000000;1.3180649000504591e+03;1.3180659179687500e+03;1.3180649000504600e+03;1.3180648193359375e+03;1.3180610351562500e+03;1.3180649000504584e+03;1.3180639648437500e+03
0;265000000;6.2287264739818520e+03;6.2287265625000000e+03;6.2287264739818565e+03;6.2287265625000000e+03;6.2287270507812500e+03;6.2287264739818511e+03;6.2287294921875000e+03
1;265000000;6.9191017657702932e+03;6.9190976562500000e+03;6.9191017657702932e+03;6.9191015625000000e+03;6.9190981445312500e+03;6.9191017657702869e+03;6.9191044921875000e+03
2;265000000;6.5708194847092072e+03;6.5708149414062500e+03;6.5708194847092145e+03;6.5708193359375000e+03;6.5708183593750000e+03;6.5708194847092072e+03;6.5708217773437500e+03
3;265000000;4.9142552975781900e+03;4.9142534179687500e+03;4.9142552975781909e+03;4.9142553710937500e+03;4.9142548828125000e+03;4.9142552975781873e+03;4.9142578125000000e+03
4;265000000;4.7890583891059823e+03;4.7890571289062500e+03;4.7890583891059796e+03;4.7890581054687500e+03;4.7890590820312500e+03;4.7890583891059869e+03;4.7890625000000000e+03
5;265000000;4.6681263970922100e+03;4.6681220703125000e+03;4.6681263970922091e+03;4.6681264648437500e+03;4.6681235351562500e+03;4.6681263970922009e+03;4.6681303710937500e+03
6;265000000;3.6258541548193534e+03;3.6258623046875000e+03;3.6258541548193502e+03;3.6258540039062500e+03;3.6258623046875000e+03;3.6258541548193521e+03;3.6258569335937500e+03
7;265000000;3.3770977303453851e+03;3.3770947265625000e+03;3.3770977303453883e+03;3.3770976562500000e+03;3.3770983886718750e+03;3.3770977303453856e+03;3.3771013183593750e+03
8;265000000;2.1774425057802941e+03;2.1774436035156250e+03;2.1774425057802941e+03;2.1774423828125000e+03;2.1774433593750000e+03;2.1774425057802946e+03;2.1774445800781250e+03
9;265000000;1.4519239628443904e+03;1.4519270019531250e+03;1.4519239628443895e+03;1.4519239501953125e+03;1.4519272460937500e+03;1.4519239628443891e+03;1.4519228515625000e+03
0;267000000;7.1062574607860352e+03;7.1062583007812500e+03;7.1062574607860251e+03;7.1062573242187500e+03;7.1062583007812500e+03;7.1062574607860261e+03;7.1062617187500000e+03
1;267000000;6.2705453459869150e+03;6.2705478515625000e+03;6.2705453459869059e+03;6.2705454101562500e+03;6.2705498046875000e+03;6.2705453459869059e+03;6.2705463867187500e+03
2;267000000;6.7149366633788231e+03;6.7149360351562500e+03;6.7149366633788331e+03;6.7149365234375000e+03;6.7149379882812500e+03;6.7149366633788231e+03;6.7149384765625000e+03
3;267000000;4.9729892731111004e+03;4.9729921875000000e+03;4.9729892731111022e+03;4.9729892578125000e+03;4.9729931640625000e+03;4.9729892731110976e+03;4.9729916992187500e+03
4;267000000;5.3265997279886979e+03;5.3266054687500000e+03;5.3265997279886924e+03;5.3265996093750000e+03;5.3266015625000000e+03;5.3265997279887051e+03;5.3266044921875000e+03
5;267000000;4.3906875450647540e+03;4.3906850585937500e+03;4.3906875450647576e+03;4.3906875000000000e+03;4.3906894531250000e+03;4.3906875450647567e+03;4.3906933593750000e+03
6;267000000;4.3163598675998246e+03;4.3163588867187500e+03;4.3163598675998182e+03;4.3163598632812500e+03;4.3163588867187500e+03;4.3163598675998173e+03;4.3163632812500000e+03
7;267000000;3.2116334577576299e+03;3.2116318359375000e+03;3.2116334577576308e+03;3.2116335449218750e+03;3.2116320800781250e+03;3.2116334577576245e+03;3.2116372070312500e+03
8;267000000;1.9394888510218570e+03;1.9394870605468750e+03;1.9394888510218607e+03;1.9394888916015625e+03;1.9394857177734375e+03;1.9394888510218607e+03;1.9394907226562500e+03
9;267000000;1.8161447199742161e+03;1.8161427001953125e+03;1.8161447199742081e+03;1.8161446533203125e+03;1.8161451416015625e+03;1.8161447199742097e+03;1.8161447753906250e+03
0;269000000;6.9314810175736411e+03;6.9314809570312500e+03;6.9314810175736320e+03;6.9314809570312500e+03;6.9314780273437500e+03;6.9314810175736402e+03;6.9314863281250000e+03
1;269000000;6.0096060112940577e+03;6.0096123046875000e+03;6.0096060112940622e+03;6.0096059570312500e+03;6.0096098632812500e+03;6.0096060112940577e+03;6.0096074218750000e+03
2;269000000;6.8664316036411874e+03;6.8664326171875000e+03;6.8664316036411892e+03;6.8664316406250000e+03;6.8664335937500000e+03;6.8664316036411819e+03;6.8664340820312500e+03
3;269000000;5.4862234344979752e+03;5.4862260742187500e+03;5.4862234344979779e+03;5.4862236328125000e+03;5.4862285156250000e+03;5.4862234344979834e+03;5.4862270507812500e+03
4;269000000;5.2877467785777790e+03;5.2877500000000000e+03;5.2877467785777781e+03;5.2877465820312500e+03;5.2877480468750000e+03;5.2877467785777826e+03;5.2877500000000000e+03
5;269000000;4.2460116682386561e+03;4.2460151367187500e+03;4.2460116682386588e+03;4.2460117187500000e+03;4.2460141601562500e+03;4.2460116682386633e+03;4.2460156250000000e+03
6;269000000;4.5479934931328899e+03;4.5479897460937500e+03;4.5479934931328926e+03;4.5479936523437500e+03;4.5479956054687500e+03;4.5479934931328880e+03;4.5479960937500000e+03
7;269000000;3.2283509851995809e+03;3.2283527832031250e+03;3.2283509851995873e+03;3.2283510742187500e+03;3.2283505859375000e+03;3.2283509851995823e+03;3.2283540039062500e+03
8;269000000;1.4254755883690800e+03;1.4254774169921875e+03;1.4254755883690839e+03;1.4254755859375000e+03;1.4254749755859375e+03;1.4254755883690859e+03;1.4254772949218750e+03
9;269000000;2.3633982095370093e+03;2.3633974609375000e+03;2.3633982095370070e+03;2.3633981933593750e+03;2.3633957519531250e+03;2.3633982095370056e+03;2.3633981933593750e+03
0;271000000;7.2425515393342985e+03;7.2425541992187500e+03;7.2425515393342912e+03;7.2425517578125000e+03;7.2425478515625000e+03;7.2425515393342939e+03;7.2425566406250000e+03
1;271000000;7.1117585126258336e+03;7.1117685546875000e+03;7.1117585126258364e+03;7.1117587890625000e+03;7.1117661132812500e+03;7.1117585126258346e+03;7.1117636718750000e+03
2;271000000;6.1929367169583384e+03;6.1929345703125000e+03;6.1929367169583311e+03;6.1929365234375000e+03;6.1929375000000000e+03;6.1929367169583365e+03;6.1929399414062500e+03
3;271000000;5.8693057778764078e+03;5.8693120117187500e+03;5.8693057778764123e+03;5.8693056640625000e+03;5.8693076171875000e+03;5.8693057778764041e+03;5.8693100585937500e+03
4;271000000;5.4151547085307520e+03;5.4151557617187500e+03;5.4151547085307593e+03;5.4151547851562500e+03;5.4151591796875000e+03;5.4151547085307593e+03;5.4151582031250000e+03
5;271000000;5.0969959554267243e+03;5.0969907226562500e+03;5.0969959554267216e+03;5.0969960937500000e+03;5.0969956054687500e+03;5.0969959554267280e+03;5.0970004882812500e+03
6;271000000;3.8799978212414080e+03;3.8799963378906250e+03;3.8799978212414067e+03;3.8799978027343750e+03;3.8799980468750000e+03;3.8799978212414035e+03;3.8800017089843750e+03
7;271000000;3.9871751648750023e+03;3.9871789550781250e+03;3.9871751648749973e+03;3.9871750488281250e+03;3.9871772460937500e+03;3.9871751648749919e+03;3.9871801757812500e+03
8;271000000;1.3348380807761894e+03;1.3348339843750000e+03;1.3348380807761982e+03;1.3348381347656250e+03;1.3348326416015625e+03;1.3348380807761923e+03;1.3348393554687500e+03
9;271000000;2.0219404801446399e+03;2.0219390869140625e+03;2.0219404801446449e+03;2.0219404296875000e+03;2.0219366455078125e+03;2.0219404801446367e+03;2.0219401855468750e+03
0;273000000;6.9524625116607140e+03;6.9524584960937500e+03;6.9524625116607249e+03;6.9524624023437500e+03;6.9524594726562500e+03;6.9524625116607240e+03;6.9524667968750000e+03
1;273000000;6.8789502161845321e+03;6.8789487304687500e+03;6.8789502161845294e+03;6.8789501953125000e+03;6.8789516601562500e+03;6.8789502161845348e+03;6.8789550781250000e+03
2;273000000;6.1609427903764317e+03;6.1609384765625000e+03;6.1609427903764390e+03;6.1609428710937500e+03;6.1609399414062500e+03;6.1609427903764299e+03;6.1609477539062500e+03
3;273000000;5.6115413129965009e+03;5.6115361328125000e+03;5.6115413129964991e+03;5.6115415039062500e+03;5.6115380859375000e+03;5.6115413129964927e+03;5.6115449218750000e+03
4;273000000;6.0723523092768401e+03;6.0723559570312500e+03;6.0723523092768410e+03;6.0723520507812500e+03;6.0723613281250000e+03;6.0723523092768355e+03;6.0723564453125000e+03
5;273000000;4.5753701155580611e+03;4.5753725585937500e+03;4.5753701155580602e+03;4.5753701171875000e+03;4.5753686523437500e+03;4.5753701155580611e+03;4.5753740234375000e+03
6;273000000;4.0383687843838234e+03;4.0383686523437500e+03;4.0383687843838211e+03;4.0383686523437500e+03;4.0383742675781250e+03;4.0383687843838193e+03;4.0383725585937500e+03
7;273000000;3.9863975269197426e+03;3.9863959960937500e+03;3.9863975269197440e+03;3.9863974609375000e+03;3.9863969726562500e+03;3.9863975269197335e+03;3.9864013671875000e+03
8;273000000;1.3004532240885474e+03;1.3004475097656250e+03;1.3004532240885412e+03;1.3004532470703125e+03;1.3004516601562500e+03;1.3004532240885474e+03;1.3004545898437500e+03
9;273000000;1.7869622777002264e+03;1.7869616699218750e+03;1.7869622777002255e+03;1.7869622802734375e+03;1.7869604492187500e+03;1.7869622777002278e+03;1.7869611816406250e+03
0;275000000;6.8747105542048430e+03;6.8747094726562500e+03;6.8747105542048284e+03;6.8747104492187500e+03;6.8747084960937500e+03;6.8747105542048403e+03;6.8747148437500000e+03
1;275000000;6.9761440594613641e+03;6.9761416015625000e+03;6.9761440594613705e+03;6.9761440429687500e+03;6.9761411132812500e+03;6.9761440594613705e+03;6.9761455078125000e+03
2;275000000;7.3589718196128906e+03;7.3589672851562500e+03;7.3589718196128888e+03;7.3589716796875000e+03;7.3589692382812500e+03;7.3589718196128806e+03;7.3589746093750000e+03
3;275000000;5.0655793124974325e+03;5.0655756835937500e+03;5.0655793124974389e+03;5.0655791015625000e+03;5.0655805664062500e+03;5.0655793124974243e+03;5.0655830078125000e+03
4;275000000;6.0843692497567563e+03;6.0843784179687500e+03;6.0843692497567563e+03;6.0843691406250000e+03;6.0843774414062500e+03;6.0843692497567481e+03;6.0843715820312500e+03
5;275000000;4.7268788605080117e+03;4.7268789062500000e+03;4.7268788605080126e+03;4.7268789062500000e+03;4.7268789062500000e+03;4.7268788605080154e+03;4.7268813476562500e+03
6;275000000;4.7696706080584545e+03;4.7696674804687500e+03;4.7696706080584463e+03;4.7696704101562500e+03;4.7696718750000000e+03;4.7696706080584518e+03;4.7696748046875000e+03
7;275000000;3.4106993647744453e+03;3.4107004394531250e+03;3.4106993647744462e+03;3.4106994628906250e+03;3.4106979980468750e+03;3.4106993647744439e+03;3.4107048339843750e+03
8;275000000;2.3476717939831801e+03;2.3476682128906250e+03;2.3476717939831751e+03;2.3476718750000000e+03;2.3476721191406250e+03;2.3476717939831715e+03;2.3476733398437500e+03
9;275000000;1.4474885216437551e+03;1.4474888916015625e+03;1.4474885216437572e+03;1.4474885253906250e+03;1.4474871826171875e+03;1.4474885216437556e+03;1.4474888916015625e+03
0;277000000;6.6781113111215873e+03;6.6781093750000000e+03;6.6781113111215818e+03;6.6781113281250000e+03;6.6781093750000000e+03;6.6781113111215882e+03;6.6781166992187500e+03
1;277000000;6.7425873260687094e+03;6.7425859375000000e+03;6.7425873260687094e+03;6.7425874023437500e+03;6.7425839843750000e+03;6.7425873260687040e+03;6.7425913085937500e+03
2;277000000;6.8033808154135195e+03;6.8033750000000000e+03;6.8033808154135104e+03;6.8033808593750000e+03;6.8033750000000000e+03;6.8033808154135095e+03;6.8033847656250000e+03
3;277000000;5.3748202733038124e+03;5.3748232421875000e+03;5.3748202733038142e+03;5.3748203125000000e+03;5.3748232421875000e+03;5.3748202733038115e+03;5.3748256835937500e+03
4;277000000;6.0178902616387268e+03;6.0178974609375000e+03;6.0178902616387177e+03;6.0178901367187500e+03;6.0178940429687500e+03;6.0178902616387195e+03;6.0178935546875000e+03
5;277000000;5.3908726804620355e+03;5.3908750000000000e+03;5.3908726804620355e+03;5.3908725585937500e+03;5.3908754882812500e+03;5.3908726804620374e+03;5.3908769531250000e+03
6;277000000;4.2195581886443706e+03;4.2195546875000000e+03;4.2195581886443661e+03;4.2195581054687500e+03;4.2195551757812500e+03;4.2195581886443615e+03;4.2195615234375000e+03
7;277000000;3.4519971886622129e+03;3.4519968261718750e+03;3.4519971886622143e+03;3.4519970703125000e+03;3.4519946289062500e+03;3.4519971886622106e+03;3.4520019531250000e+03
8;277000000;1.8666197073578328e+03;1.8666201171875000e+03;1.8666197073578244e+03;1.8666197509765625e+03;1.8666197509765625e+03;1.8666197073578267e+03;1.8666215820312500e+03
9;277000000;1.3201993755085177e+03;1.3202026367187500e+03;1.3201993755085150e+03;1.3201993408203125e+03;1.3202021484375000e+03;1.3201993755085177e+03;1.3201994628906250e+03
0;279000000;6.7127432349555975e+03;6.7127441406250000e+03;6.7127432349555902e+03;6.7127431640625000e+03;6.7127436523437500e+03;6.7127432349555947e+03;6.7127495117187500e+03
1;279000000;6.5952889140078814e+03;6.5952832031250000e+03;6.5952889140078851e+03;6.5952890625000000e+03;6.5952836914062500e+03;6.5952889140078714e+03;6.5952924804687500e+03
2;279000000;7.2035347200525775e+03;7.2035307617187500e+03;7.2035347200525803e+03;7.2035346679687500e+03;7.2035307617187500e+03;7.2035347200525657e+03;7.2035380859375000e+03
3;279000000;6.1825119032589737e+03;6.1825122070312500e+03;6.1825119032589755e+03;6.1825117187500000e+03;6.1825117187500000e+03;6.1825119032589755e+03;6.1825161132812500e+03
4;279000000;5.5399532845190388e+03;5.5399570312500000e+03;5.5399532845190397e+03;5.5399531250000000e+03;5.5399555664062500e+03;5.5399532845190406e+03;5.5399565429687500e+03
5;279000000;5.7130665054254423e+03;5.7130664062500000e+03;5.7130665054254359e+03;5.7130664062500000e+03;5.7130678710937500e+03;5.7130665054254450e+03;5.7130688476562500e+03
6;279000000;4.4943172230461760e+03;4.4943149414062500e+03;4.4943172230461760e+03;4.4943173828125000e+03;4.4943149414062500e+03;4.4943172230461696e+03;4.4943193359375000e+03
7;279000000;4.1011393827212851e+03;4.1011367187500000e+03;4.1011393827212942e+03;4.1011391601562500e+03;4.1011396484375000e+03;4.1011393827212942e+03;4.1011435546875000e+03
8;279000000;1.5445855970281445e+03;1.5445866699218750e+03;1.5445855970281398e+03;1.5445855712890625e+03;1.5445886230468750e+03;1.5445855970281473e+03;1.5445883789062500e+03
9;279000000;2.4441199066749787e+03;2.4441179199218750e+03;2.4441199066749823e+03;2.4441198730468750e+03;2.4441237792968750e+03;2.4441199066749841e+03;2.4441196289062500e+03
0;281000000;6.8293554528726290e+03;6.8293579101562500e+03;6.8293554528726263e+03;6.8293554687500000e+03;6.8293564453125000e+03;6.8293554528726254e+03;6.8293593750000000e+03
1;281000000;6.3539249463153146e+03;6.3539267578125000e+03;6.3539249463153164e+03;6.3539248046875000e+03;6.3539204101562500e+03;6.3539249463153337e+03;6.3539282226562500e+03
2;281000000;6.8146893348197600e+03;6.8146928710937500e+03;6.8146893348197582e+03;6.8146894531250000e+03;6.8146953125000000e+03;6.8146893348197427e+03;6.8146909179687500e+03
3;281000000;5.6578647722070709e+03;5.6578613281250000e+03;5.6578647722070746e+03;5.6578647460937500e+03;5.6578608398437500e+03;5.6578647722070618e+03;5.6578691406250000e+03
4;281000000;6.1304949563372184e+03;6.1304931640625000e+03;6.1304949563372174e+03;6.1304951171875000e+03;6.1304975585937500e+03;6.1304949563372174e+03;6.1304990234375000e+03
5;281000000;5.5544445571222777e+03;5.5544472656250000e+03;5.5544445571222814e+03;5.5544443359375000e+03;5.5544404296875000e+03;5.5544445571222877e+03;5.5544482421875000e+03
6;281000000;5.0983336617075074e+03;5.0983374023437500e+03;5.0983336617075056e+03;5.0983334960937500e+03;5.0983354492187500e+03;5.0983336617075129e+03;5.0983378906250000e+03
7;281000000;3.7569361018326927e+03;3.7569345703125000e+03;3.7569361018326954e+03;3.7569360351562500e+03;3.7569326171875000e+03;3.7569361018326967e+03;3.7569414062500000e+03
8;281000000;1.3677766939478058e+03;1.3677747802734375e+03;1.3677766939478115e+03;1.3677767333984375e+03;1.3677761230468750e+03;1.3677766939478097e+03;1.3677780761718750e+03
9;281000000;2.1979228913858706e+03;2.1979211425781250e+03;2.1979228913858619e+03;2.1979228515625000e+03;2.1979238281250000e+03;2.1979228913858678e+03;2.1979238281250000e+03
0;283000000;7.1927560311407051e+03;7.1927602539062500e+03;7.1927560311407024e+03;7.1927563476562500e+03;7.1927617187500000e+03;7.1927560311407069e+03;7.1927607421875000e+03
1;283000000;6.4638598059579417e+03;6.4638564453125000e+03;6.4638598059579517e+03;6.4638598632812500e+03;6.4638583984375000e+03;6.4638598059579544e+03;6.4638627929687500e+03
2;283000000;6.5575778381418449e+03;6.5575815429687500e+03;6.5575778381418513e+03;6.5575776367187500e+03;6.5575830078125000e+03;6.5575778381418368e+03;6.5575810546875000e+03
3;283000000;5.8946842136623927e+03;5.8946860351562500e+03;5.8946842136623964e+03;5.8946840820312500e+03;5.8946826171875000e+03;5.8946842136623818e+03;5.8946884765625000e+03
4;283000000;6.3677239480713924e+03;6.3677202148437500e+03;6.3677239480713906e+03;6.3677241210937500e+03;6.3677197265625000e+03;6.3677239480713888e+03;6.3677285156250000e+03
5;283000000;4.8418241155499563e+03;4.8418193359375000e+03;4.8418241155499563e+03;4.8418242187500000e+03;4.8418198242187500e+03;4.8418241155499727e+03;4.8418281250000000e+03
6;283000000;5.2478810904462416e+03;5.2478789062500000e+03;5.2478810904462443e+03;5.2478808593750000e+03;5.2478764648437500e+03;5.2478810904462343e+03;5.2478842773437500e+03
7;283000000;4.0910292647098613e+03;4.0910224609375000e+03;4.0910292647098718e+03;4.0910292968750000e+03;4.0910253906250000e+03;4.0910292647098750e+03;4.0910351562500000e+03
8;283000000;2.3915233341776357e+03;2.3915239257812500e+03;2.3915233341776357e+03;2.3915234375000000e+03;2.3915244140625000e+03;2.3915233341776297e+03;2.3915244140625000e+03
9;283000000;1.5947742945939606e+03;1.5947750244140625e+03;1.5947742945939524e+03;1.5947742919921875e+03;1.5947746582031250e+03;1.5947742945939681e+03;1.5947735595703125e+03
0;285000000;6.5346591571484414e+03;6.5346562500000000e+03;6.5346591571484441e+03;6.5346591796875000e+03;6.5346669921875000e+03;6.5346591571484460e+03;6.5346635742187500e+03
1;285000000;6.7626821690155584e+03;6.7626840820312500e+03;6.7626821690155493e+03;6.7626821289062500e+03;6.7626806640625000e+03;6.7626821690155648e+03;6.7626865234375000e+03
2;285000000;6.5890061901411746e+03;6.5890048828125000e+03;6.5890061901411664e+03;6.5890063476562500e+03;6.5890034179687500e+03;6.5890061901411755e+03;6.5890087890625000e+03
3;285000000;5.8735304940509641e+03;5.8735371093750000e+03;5.8735304940509641e+03;5.8735302734375000e+03;5.8735356445312500e+03;5.8735304940509559e+03;5.8735351562500000e+03
4;285000000;6.2209780529038162e+03;6.2209838867187500e+03;6.2209780529038044e+03;6.2209780273437500e+03;6.2209804687500000e+03;6.2209780529038198e+03;6.2209814453125000e+03
5;285000000;5.7121957473576267e+03;5.7121962890625000e+03;5.7121957473576222e+03;5.7121958007812500e+03;5.7121992187500000e+03;5.7121957473576294e+03;5.7122011718750000e+03
6;285000000;5.1862039731781224e+03;5.1862016601562500e+03;5.1862039731781251e+03;5.1862041015625000e+03;5.1862006835937500e+03;5.1862039731781106e+03;5.1862070312500000e+03
7;285000000;4.6125990280755050e+03;4.6125952148437500e+03;4.6125990280755095e+03;4.6125991210937500e+03;4.6125908203125000e+03;4.6125990280755022e+03;4.6126035156250000e+03
8;285000000;1.8160069216048369e+03;1.8160075683593750e+03;1.8160069216048387e+03;1.8160069580078125e+03;1.8160057373046875e+03;1.8160069216048350e+03;1.8160102539062500e+03
9;285000000;1.5113804392727654e+03;1.5113784179687500e+03;1.5113804392727727e+03;1.5113804931640625e+03;1.5113823242187500e+03;1.5113804392727748e+03;1.5113814697265625e+03
0;287000000;6.6959636847004722e+03;6.6959658203125000e+03;6.6959636847004695e+03;6.6959638671875000e+03;6.6959692382812500e+03;6.6959636847004767e+03;6.6959667968750000e+03
1;287000000;6.9801870895436386e+03;6.9801884765625000e+03;6.9801870895436514e+03;6.9801870117187500e+03;6.9801845703125000e+03;6.9801870895436632e+03;6.9801918945312500e+03
2;287000000;6.5751572737570668e+03;6.5751596679687500e+03;6.5751572737570732e+03;6.5751572265625000e+03;6.5751596679687500e+03;6.5751572737570805e+03;6.5751611328125000e+03
3;287000000;5.3888758113681297e+03;5.3888798828125000e+03;5.3888758113681270e+03;5.3888759765625000e+03;5.3888784179687500e+03;5.3888758113681233e+03;5.3888798828125000e+03
4;287000000;6.3361584625230507e+03;6.3361713867187500e+03;6.3361584625230480e+03;6.3361582031250000e+03;6.3361674804687500e+03;6.3361584625230589e+03;6.3361625976562500e+03
5;287000000;5.6953411203663809e+03;5.6953422851562500e+03;5.6953411203663827e+03;5.6953413085937500e+03;5.6953422851562500e+03;5.6953411203663836e+03;5.6953447265625000e+03
6;287000000;4.7506631386017507e+03;4.7506616210937500e+03;4.7506631386017580e+03;4.7506630859375000e+03;4.7506625976562500e+03;4.7506631386017525e+03;4.7506674804687500e+03
7;287000000;4.7487558704930871e+03;4.7487568359375000e+03;4.7487558704930898e+03;4.7487558593750000e+03;4.7487563476562500e+03;4.7487558704930752e+03;4.7487602539062500e+03
8;287000000;2.4376995340388999e+03;2.4376982421875000e+03;2.4376995340388921e+03;2.4376994628906250e+03;2.4377043457031250e+03;2.4376995340388971e+03;2.4377011718750000e+03
9;287000000;2.2428661427834863e+03;2.2428686523437500e+03;2.2428661427834854e+03;2.2428662109375000e+03;2.2428669433593750e+03;2.2428661427834959e+03;2.2428652343750000e+03
0;289000000;6.6598435873895705e+03;6.6598500976562500e+03;6.6598435873895733e+03;6.6598437500000000e+03;6.6598452148437500e+03;6.6598435873895796e+03;6.6598461914062500e+03
1;289000000;6.3272124566016819e+03;6.3272153320312500e+03;6.3272124566016746e+03;6.3272124023437500e+03;6.3272177734375000e+03;6.3272124566016873e+03;6.3272167968750000e+03
2;289000000;6.9929624364974661e+03;6.9929658203125000e+03;6.9929624364974570e+03;6.9929624023437500e+03;6.9929633789062500e+03;6.9929624364974579e+03;6.9929658203125000e+03
3;289000000;5.6827206274838209e+03;5.6827207031250000e+03;5.6827206274838272e+03;5.6827207031250000e+03;5.6827285156250000e+03;5.6827206274838172e+03;5.6827250976562500e+03
4;289000000;6.1940990047536070e+03;6.1940981445312500e+03;6.1940990047536088e+03;6.1940991210937500e+03;6.1940971679687500e+03;6.1940990047536070e+03;6.1941035156250000e+03
5;289000000;5.7073843695301257e+03;5.7073842773437500e+03;5.7073843695301202e+03;5.7073842773437500e+03;5.7073823242187500e+03;5.7073843695301293e+03;5.7073876953125000e+03
6;289000000;5.3086237554229901e+03;5.3086171875000000e+03;5.3086237554229911e+03;5.3086235351562500e+03;5.3086191406250000e+03;5.3086237554229938e+03;5.3086279296875000e+03
7;289000000;4.4900434758533447e+03;4.4900419921875000e+03;4.4900434758533429e+03;4.4900434570312500e+03;4.4900415039062500e+03;4.4900434758533456e+03;4.4900483398437500e+03
8;289000000;2.7329595462023844e+03;2.7329567871093750e+03;2.7329595462023863e+03;2.7329594726562500e+03;2.7329616699218750e+03;2.7329595462023872e+03;2.7329616699218750e+03
9;289000000;2.0273521918116824e+03;2.0273566894531250e+03;2.0273521918116892e+03;2.0273521728515625e+03;2.0273548583984375e+03;2.0273521918116921e+03;2.0273502197265625e+03
0;291000000;5.7746686722484992e+03;5.7746669921875000e+03;5.7746686722484956e+03;5.7746689453125000e+03;5.7746738281250000e+03;5.7746686722484937e+03;5.7746728515625000e+03
1;291000000;6.5594720329840202e+03;6.5594824218750000e+03;6.5594720329840084e+03;6.5594721679687500e+03;6.5594819335937500e+03;6.5594720329840184e+03;6.5594760742187500e+03
2;291000000;7.1923768710733320e+03;7.1923808593750000e+03;7.1923768710733311e+03;7.1923769531250000e+03;7.1923769531250000e+03;7.1923768710733229e+03;7.1923803710937500e+03
3;291000000;5.4397564434797177e+03;5.4397612304687500e+03;5.4397564434797096e+03;5.4397563476562500e+03;5.4397558593750000e+03;5.4397564434797059e+03;5.4397602539062500e+03
4;291000000;5.8906651200194001e+03;5.8906674804687500e+03;5.8906651200194046e+03;5.8906650390625000e+03;5.8906650390625000e+03;5.8906651200194119e+03;5.8906679687500000e+03
5;291000000;5.9248633254377692e+03;5.9248647460937500e+03;5.9248633254377792e+03;5.9248632812500000e+03;5.9248666992187500e+03;5.9248633254377773e+03;5.9248671875000000e+03
6;291000000;5.2292116361772678e+03;5.2292138671875000e+03;5.2292116361772623e+03;5.2292114257812500e+03;5.2292182617187500e+03;5.2292116361772551e+03;5.2292153320312500e+03
7;291000000;4.1112755542402001e+03;4.1112714843750000e+03;4.1112755542401974e+03;4.1112753906250000e+03;4.1112734375000000e+03;4.1112755542401992e+03;4.1112812500000000e+03
8;291000000;2.8637296436444358e+03;2.8637312011718750e+03;2.8637296436444376e+03;2.8637297363281250e+03;2.8637338867187500e+03;2.8637296436444349e+03;2.8637307128906250e+03
9;291000000;2.5954319879476070e+03;2.5954296875000000e+03;2.5954319879476075e+03;2.5954318847656250e+03;2.5954355468750000e+03;2.5954319879476084e+03;2.5954321289062500e+03
0;293000000;5.6178279276310850e+03;5.6178339843750000e+03;5.6178279276310932e+03;5.6178281250000000e+03;5.6178334960937500e+03;5.6178279276310795e+03;5.6178300781250000e+03
1;293000000;6.2432459396047534e+03;6.2432558593750000e+03;6.2432459396047479e+03;6.2432460937500000e+03;6.2432548828125000e+03;6.2432459396047470e+03;6.2432490234375000e+03
2;293000000;6.4371847834543551e+03;6.4371835937500000e+03;6.4371847834543532e+03;6.4371850585937500e+03;6.4371845703125000e+03;6.4371847834543496e+03;6.4371884765625000e+03
3;293000000;5.8725605010840145e+03;5.8725625000000000e+03;5.8725605010840081e+03;5.8725605468750000e+03;5.8725634765625000e+03;5.8725605010839981e+03;5.8725654296875000e+03
4;293000000;5.8568717324038580e+03;5.8568725585937500e+03;5.8568717324038607e+03;5.8568715820312500e+03;5.8568759765625000e+03;5.8568717324038562e+03;5.8568750000000000e+03
5;293000000;5.7719516689378015e+03;5.7719531250000000e+03;5.7719516689377942e+03;5.7719516601562500e+03;5.7719516601562500e+03;5.7719516689377942e+03;5.7719555664062500e+03
6;293000000;5.4233405334410054e+03;5.4233447265625000e+03;5.4233405334409999e+03;5.4233403320312500e+03;5.4233422851562500e+03;5.4233405334409981e+03;5.4233447265625000e+03
7;293000000;4.8019639001975520e+03;4.8019653320312500e+03;4.8019639001975520e+03;4.8019638671875000e+03;4.8019599609375000e+03;4.8019639001975474e+03;4.8019707031250000e+03
8;293000000;2.4836815022280011e+03;2.4836813964843750e+03;2.4836815022279939e+03;2.4836816406250000e+03;2.4836804199218750e+03;2.4836815022280007e+03;2.4836835937500000e+03
9;293000000;2.8238010802314629e+03;2.8238000488281250e+03;2.8238010802314679e+03;2.8238010253906250e+03;2.8237983398437500e+03;2.8238010802314720e+03;2.8237998046875000e+03
0;295000000;5.2416936990835520e+03;5.2416962890625000e+03;5.2416936990835547e+03;5.2416938476562500e+03;5.2416982421875000e+03;5.2416936990835493e+03;5.2416962890625000e+03
1;295000000;5.8515473577775656e+03;5.8515478515625000e+03;5.8515473577775720e+03;5.8515473632812500e+03;5.8515532226562500e+03;5.8515473577775556e+03;5.8515517578125000e+03
2;295000000;6.7018234351326246e+03;6.7018251953125000e+03;6.7018234351326264e+03;6.7018237304687500e+03;6.7018251953125000e+03;6.7018234351326264e+03;6.7018242187500000e+03
3;295000000;5.8577348967417738e+03;5.8577285156250000e+03;5.8577348967417684e+03;5.8577348632812500e+03;5.8577338867187500e+03;5.8577348967417583e+03;5.8577392578125000e+03
4;295000000;5.9261092112025444e+03;5.9261162109375000e+03;5.9261092112025372e+03;5.9261093750000000e+03;5.9261157226562500e+03;5.9261092112025335e+03;5.9261123046875000e+03
5;295000000;5.2801058659363553e+03;5.2801118164062500e+03;5.2801058659363543e+03;5.2801059570312500e+03;5.2801093750000000e+03;5.2801058659363734e+03;5.2801108398437500e+03
6;295000000;5.5197488799539069e+03;5.5197456054687500e+03;5.5197488799539133e+03;5.5197490234375000e+03;5.5197529296875000e+03;5.5197488799539151e+03;5.5197529296875000e+03
7;295000000;4.6839389865203939e+03;4.6839365234375000e+03;4.6839389865203939e+03;4.6839389648437500e+03;4.6839394531250000e+03;4.6839389865204002e+03;4.6839458007812500e+03
8;295000000;2.1351507625715149e+03;2.1351489257812500e+03;2.1351507625715112e+03;2.1351508789062500e+03;2.1351516113281250e+03;2.1351507625715190e+03;2.1351530761718750e+03
9;295000000;3.1378358572999291e+03;3.1378308105468750e+03;3.1378358572999241e+03;3.1378359375000000e+03;3.1378300781250000e+03;3.1378358572999282e+03;3.1378354492187500e+03
0;297000000;4.8208550607295520e+03;4.8208559570312500e+03;4.8208550607295547e+03;4.8208549804687500e+03;4.8208554687500000e+03;4.8208550607295538e+03;4.8208583984375000e+03
1;297000000;5.3142189429436939e+03;5.3142241210937500e+03;5.3142189429436939e+03;5.3142192382812500e+03;5.3142211914062500e+03;5.3142189429436858e+03;5.3142226562500000e+03
2;297000000;6.2815479707337099e+03;6.2815468750000000e+03;6.2815479707337063e+03;6.2815478515625000e+03;6.2815478515625000e+03;6.2815479707337108e+03;6.2815488281250000e+03
3;297000000;5.3104491983328862e+03;5.3104482421875000e+03;5.3104491983328890e+03;5.3104492187500000e+03;5.3104511718750000e+03;5.3104491983328844e+03;5.3104536132812500e+03
4;297000000;6.4603626079536680e+03;6.4603701171875000e+03;6.4603626079536662e+03;6.4603627929687500e+03;6.4603681640625000e+03;6.4603626079536616e+03;6.4603662109375000e+03
5;297000000;5.1630049965285125e+03;5.1630078125000000e+03;5.1630049965285116e+03;5.1630048828125000e+03;5.1630043945312500e+03;5.1630049965285252e+03;5.1630078125000000e+03
6;297000000;5.2182286796917442e+03;5.2182324218750000e+03;5.2182286796917469e+03;5.2182285156250000e+03;5.2182314453125000e+03;5.2182286796917488e+03;5.2182333984375000e+03
7;297000000;4.7983455887564451e+03;4.7983535156250000e+03;4.7983455887564332e+03;4.7983457031250000e+03;4.7983486328125000e+03;4.7983455887564451e+03;4.7983530273437500e+03
8;297000000;3.0152832369188400e+03;3.0152844238281250e+03;3.0152832369188418e+03;3.0152832031250000e+03;3.0152844238281250e+03;3.0152832369188491e+03;3.0152856445312500e+03
9;297000000;2.3981065774831745e+03;2.3981064453125000e+03;2.3981065774831782e+03;2.3981066894531250e+03;2.3981071777343750e+03;2.3981065774831736e+03;2.3981059570312500e+03
0;299000000;4.6514300619428332e+03;4.6514316406250000e+03;4.6514300619428286e+03;4.6514301757812500e+03;4.6514262695312500e+03;4.6514300619428277e+03;4.6514340820312500e+03
1;299000000;5.2527917238698246e+03;5.2527944335937500e+03;5.2527917238698210e+03;5.2527919921875000e+03;5.2527954101562500e+03;5.2527917238698228e+03;5.2527939453125000e+03
2;299000000;5.8372231523769788e+03;5.8372265625000000e+03;5.8372231523769833e+03;5.8372231445312500e+03;5.8372250976562500e+03;5.8372231523769779e+03;5.8372260742187500e+03
3;299000000;5.3365798641073452e+03;5.3365786132812500e+03;5.3365798641073425e+03;5.3365800781250000e+03;5.3365776367187500e+03;5.3365798641073334e+03;5.3365844726562500e+03
4;299000000;6.4085459374274442e+03;6.4085473632812500e+03;6.4085459374274305e+03;6.4085458984375000e+03;6.4085483398437500e+03;6.4085459374274433e+03;6.4085498046875000e+03
5;299000000;5.4874702527311820e+03;5.4874721679687500e+03;5.4874702527311783e+03;5.4874702148437500e+03;5.4874682617187500e+03;5.4874702527311838e+03;5.4874726562500000e+03
6;299000000;4.9082976280079047e+03;4.9082963867187500e+03;4.9082976280079065e+03;4.9082978515625000e+03;4.9082968750000000e+03;4.9082976280079092e+03;4.9083017578125000e+03
7;299000000;4.5798599882827866e+03;4.5798691406250000e+03;4.5798599882827830e+03;4.5798598632812500e+03;4.5798652343750000e+03;4.5798599882827893e+03;4.5798652343750000e+03
8;299000000;2.8208403849104188e+03;2.8208437500000000e+03;2.8208403849104166e+03;2.8208403320312500e+03;2.8208415527343750e+03;2.8208403849104216e+03;2.8208437500000000e+03
9;299000000;2.2726354106911231e+03;2.2726381835937500e+03;2.2726354106911144e+03;2.2726354980468750e+03;2.2726389160156250e+03;2.2726354106911272e+03;2.2726362304687500e+03
0;301000000;4.6282239421712029e+03;4.6282241210937500e+03;4.6282239421712038e+03;4.6282241210937500e+03;4.6282250976562500e+03;4.6282239421711938e+03;4.6282275390625000e+03
1;301000000;4.5860298156763101e+03;4.5860268554687500e+03;4.5860298156763147e+03;4.5860297851562500e+03;4.5860336914062500e+03;4.5860298156763092e+03;4.5860332031250000e+03
2;301000000;5.1958911250494957e+03;5.1958881835937500e+03;5.1958911250494912e+03;5.1958911132812500e+03;5.1958916015625000e+03;5.1958911250494839e+03;5.1958935546875000e+03
3;301000000;5.0917625251561403e+03;5.0917617187500000e+03;5.0917625251561431e+03;5.0917626953125000e+03;5.0917597656250000e+03;5.0917625251561294e+03;5.0917646484375000e+03
4;301000000;5.8194249843098714e+03;5.8194248046875000e+03;5.8194249843098787e+03;5.8194248046875000e+03;5.8194277343750000e+03;5.8194249843098823e+03;5.8194277343750000e+03
5;301000000;5.9767641759207409e+03;5.9767670898437500e+03;5.9767641759207445e+03;5.9767641601562500e+03;5.9767636718750000e+03;5.9767641759207409e+03;5.9767675781250000e+03
6;301000000;5.1139123827142184e+03;5.1139150390625000e+03;5.1139123827142221e+03;5.1139125976562500e+03;5.1139150390625000e+03;5.1139123827142230e+03;5.1139160156250000e+03
7;301000000;4.5796438153205036e+03;4.5796430664062500e+03;4.5796438153205063e+03;4.5796440429687500e+03;4.5796450195312500e+03;4.5796438153205145e+03;4.5796494140625000e+03
8;301000000;2.9350475749405741e+03;2.9350444335937500e+03;2.9350475749405732e+03;2.9350476074218750e+03;2.9350444335937500e+03;2.9350475749405773e+03;2.9350495605468750e+03
9;301000000;3.2931442340324002e+03;3.2931440429687500e+03;3.2931442340324020e+03;3.2931442871093750e+03;3.2931437988281250e+03;3.2931442340324079e+03;3.2931464843750000e+03
0;303000000;5.4353531611470198e+03;5.4353525390625000e+03;5.4353531611470207e+03;5.4353535156250000e+03;5.4353515625000000e+03;5.4353531611470080e+03;5.4353554687500000e+03
1;303000000;4.5900376426824050e+03;4.5900395507812500e+03;4.5900376426824087e+03;4.5900375976562500e+03;4.5900395507812500e+03;4.5900376426824059e+03;4.5900405273437500e+03
2;303000000;5.1997129418428813e+03;5.1997158203125000e+03;5.1997129418428904e+03;5.1997128906250000e+03;5.1997128906250000e+03;5.1997129418428813e+03;5.1997153320312500e+03
3;303000000;4.4982925354128893e+03;4.4982929687500000e+03;4.4982925354128984e+03;4.4982924804687500e+03;4.4982905273437500e+03;4.4982925354128884e+03;4.4982973632812500e+03
4;303000000;5.9047144746852809e+03;5.9047202148437500e+03;5.9047144746852837e+03;5.9047143554687500e+03;5.9047143554687500e+03;5.9047144746852800e+03;5.9047172851562500e+03
5;303000000;5.7290713823725819e+03;5.7290742187500000e+03;5.7290713823725764e+03;5.7290712890625000e+03;5.7290703125000000e+03;5.7290713823725782e+03;5.7290751953125000e+03
6;303000000;5.0613730917799330e+03;5.0613681640625000e+03;5.0613730917799285e+03;5.0613730468750000e+03;5.0613730468750000e+03;5.0613730917799357e+03;5.0613750000000000e+03
7;303000000;4.4061778274889093e+03;4.4061816406250000e+03;4.4061778274889075e+03;4.4061777343750000e+03;4.4061767578125000e+03;4.4061778274889111e+03;4.4061840820312500e+03
8;303000000;2.9558986490803081e+03;2.9559011230468750e+03;2.9558986490803036e+03;2.9558986816406250e+03;2.9559018554687500e+03;2.9558986490803127e+03;2.9559018554687500e+03
9;303000000;3.0189214533756767e+03;3.0189221191406250e+03;3.0189214533756895e+03;3.0189213867187500e+03;3.0189184570312500e+03;3.0189214533756840e+03;3.0189213867187500e+03
0;305000000;5.5093111127533757e+03;5.5093066406250000e+03;5.5093111127533775e+03;5.5093115234375000e+03;5.5093081054687500e+03;5.5093111127533703e+03;5.5093149414062500e+03
1;305000000;4.6505490745012312e+03;4.6505478515625000e+03;4.6505490745012321e+03;4.6505493164062500e+03;4.6505468750000000e+03;4.6505490745012248e+03;4.6505527343750000e+03
2;305000000;4.5938802744732948e+03;4.5938867187500000e+03;4.5938802744732939e+03;4.5938803710937500e+03;4.5938833007812500e+03;4.5938802744732939e+03;4.5938828125000000e+03
3;305000000;4.1395713656667058e+03;4.1395747070312500e+03;4.1395713656667003e+03;4.1395712890625000e+03;4.1395717773437500e+03;4.1395713656666976e+03;4.1395756835937500e+03
4;305000000;5.4553966082392571e+03;5.4554038085937500e+03;5.4553966082392517e+03;5.4553964843750000e+03;5.4554003906250000e+03;5.4553966082392426e+03;5.4553984375000000e+03
5;305000000;5.1085950342426158e+03;5.1085927734375000e+03;5.1085950342426258e+03;5.1085952148437500e+03;5.1085903320312500e+03;5.1085950342426240e+03;5.1085996093750000e+03
6;305000000;5.3830939592906034e+03;5.3830878906250000e+03;5.3830939592905961e+03;5.3830937500000000e+03;5.3830834960937500e+03;5.3830939592906034e+03;5.3830966796875000e+03
7;305000000;4.5199183302139045e+03;4.5199272460937500e+03;4.5199183302139036e+03;4.5199184570312500e+03;4.5199174804687500e+03;4.5199183302138999e+03;4.5199223632812500e+03
8;305000000;2.7932808123592317e+03;2.7932829589843750e+03;2.7932808123592313e+03;2.7932807617187500e+03;2.7932785644531250e+03;2.7932808123592340e+03;2.7932832031250000e+03
9;305000000;3.2390737910174034e+03;3.2390734863281250e+03;3.2390737910174025e+03;3.2390737304687500e+03;3.2390773925781250e+03;3.2390737910173993e+03;3.2390754394531250e+03
0;307000000;5.3138417548939506e+03;5.3138408203125000e+03;5.3138417548939515e+03;5.3138417968750000e+03;5.3138325195312500e+03;5.3138417548939487e+03;5.3138437500000000e+03
1;307000000;5.2410225658978798e+03;5.2410214843750000e+03;5.2410225658978788e+03;5.2410229492187500e+03;5.2410234375000000e+03;5.2410225658978798e+03;5.2410263671875000e+03
2;307000000;4.8946399427781480e+03;4.8946411132812500e+03;4.8946399427781535e+03;4.8946401367187500e+03;4.8946381835937500e+03;4.8946399427781480e+03;4.8946411132812500e+03
3;307000000;4.0677640578705527e+03;4.0677661132812500e+03;4.0677640578705577e+03;4.0677641601562500e+03;4.0677634277343750e+03;4.0677640578705491e+03;4.0677673339843750e+03
4;307000000;4.8892734921629335e+03;4.8892724609375000e+03;4.8892734921629253e+03;4.8892734375000000e+03;4.8892758789062500e+03;4.8892734921629253e+03;4.8892773437500000e+03
5;307000000;5.4543384064378397e+03;5.4543354492187500e+03;5.4543384064378497e+03;5.4543383789062500e+03;5.4543364257812500e+03;5.4543384064378388e+03;5.4543413085937500e+03
6;307000000;5.3477088103517772e+03;5.3477001953125000e+03;5.3477088103517726e+03;5.3477089843750000e+03;5.3476967773437500e+03;5.3477088103517754e+03;5.3477128906250000e+03
7;307000000;4.4318946167805816e+03;4.4318994140625000e+03;4.4318946167805952e+03;4.4318945312500000e+03;4.4318959960937500e+03;4.4318946167805889e+03;4.4318979492187500e+03
8;307000000;2.5529478920203946e+03;2.5529465332031250e+03;2.5529478920203892e+03;2.5529479980468750e+03;2.5529504394531250e+03;2.5529478920203928e+03;2.5529489746093750e+03
9;307000000;2.9223056570816489e+03;2.9223059082031250e+03;2.9223056570816389e+03;2.9223056640625000e+03;2.9223090820312500e+03;2.9223056570816443e+03;2.9223071289062500e+03
0;309000000;5.5919182985610414e+03;5.5919111328125000e+03;5.5919182985610369e+03;5.5919184570312500e+03;5.5919125976562500e+03;5.5919182985610423e+03;5.5919199218750000e+03
1;309000000;5.4840827767110968e+03;5.4840810546875000e+03;5.4840827767110959e+03;5.4840830078125000e+03;5.4840820312500000e+03;5.4840827767110959e+03;5.4840849609375000e+03
2;309000000;4.5288056212078100e+03;4.5288085937500000e+03;4.5288056212078054e+03;4.5288056640625000e+03;4.5288051757812500e+03;4.5288056212078018e+03;4.5288076171875000e+03
3;309000000;3.3899841599727451e+03;3.3899826660156250e+03;3.3899841599727456e+03;3.3899841308593750e+03;3.3899819335937500e+03;3.3899841599727442e+03;3.3899873046875000e+03
4;309000000;4.3130811141560662e+03;4.3130766601562500e+03;4.3130811141560689e+03;4.3130810546875000e+03;4.3130815429687500e+03;4.3130811141560644e+03;4.3130834960937500e+03
5;309000000;4.8914301537511101e+03;4.8914282226562500e+03;4.8914301537511055e+03;4.8914301757812500e+03;4.8914257812500000e+03;4.8914301537511074e+03;4.8914335937500000e+03
6;309000000;5.0796997822462417e+03;5.0796982421875000e+03;5.0796997822462317e+03;5.0796997070312500e+03;5.0797006835937500e+03;5.0796997822462199e+03;5.0797021484375000e+03
7;309000000;4.8290042472973973e+03;4.8290034179687500e+03;4.8290042472974055e+03;4.8290043945312500e+03;4.8290053710937500e+03;4.8290042472973928e+03;4.8290097656250000e+03
8;309000000;2.5561878751060813e+03;2.5561904296875000e+03;2.5561878751060835e+03;2.5561879882812500e+03;2.5561904296875000e+03;2.5561878751060858e+03;2.5561894531250000e+03
9;309000000;2.8169276858867192e+03;2.8169333496093750e+03;2.8169276858867197e+03;2.8169277343750000e+03;2.8169235839843750e+03;2.8169276858867215e+03;2.8169291992187500e+03
0;311000000;5.2004553283978330e+03;5.2004584960937500e+03;5.2004553283978375e+03;5.2004555664062500e+03;5.2004545898437500e+03;5.2004553283978348e+03;5.2004584960937500e+03
1;311000000;4.8901688404637271e+03;4.8901679687500000e+03;4.8901688404637243e+03;4.8901689453125000e+03;4.8901679687500000e+03;4.8901688404637243e+03;4.8901723632812500e+03
2;311000000;5.2134634536990843e+03;5.2134667968750000e+03;5.2134634536990843e+03;5.2134633789062500e+03;5.2134658203125000e+03;5.2134634536990852e+03;5.2134658203125000e+03
3;311000000;3.5368611318928888e+03;3.5368586425781250e+03;3.5368611318928897e+03;3.5368610839843750e+03;3.5368620605468750e+03;3.5368611318928779e+03;3.5368645019531250e+03
4;311000000;4.3554402442101873e+03;4.3554389648437500e+03;4.3554402442101964e+03;4.3554404296875000e+03;4.3554350585937500e+03;4.3554402442101909e+03;4.3554443359375000e+03
5;311000000;4.4200909623956177e+03;4.4200893554687500e+03;4.4200909623956131e+03;4.4200908203125000e+03;4.4200903320312500e+03;4.4200909623956168e+03;4.4200937500000000e+03
6;311000000;4.9517522216102116e+03;4.9517553710937500e+03;4.9517522216102170e+03;4.9517524414062500e+03;4.9517534179687500e+03;4.9517522216102043e+03;4.9517558593750000e+03
7;311000000;4.5385014947613336e+03;4.5385000000000000e+03;4.5385014947613436e+03;4.5385014648437500e+03;4.5385000000000000e+03;4.5385014947613272e+03;4.5385053710937500e+03
8;311000000;2.7458750667052823e+03;2.7458771972656250e+03;2.7458750667052805e+03;2.7458752441406250e+03;2.7458745117187500e+03;2.7458750667052896e+03;2.7458767089843750e+03
9;311000000;2.6067646501883528e+03;2.6067653808593750e+03;2.6067646501883492e+03;2.6067646484375000e+03;2.6067634277343750e+03;2.6067646501883514e+03;2.6067651367187500e+03
0;313000000;4.9275858041291749e+03;4.9275830078125000e+03;4.9275858041291685e+03;4.9275859375000000e+03;4.9275878906250000e+03;4.9275858041291758e+03;4.9275888671875000e+03
1;313000000;5.4871232630373670e+03;5.4871259765625000e+03;5.4871232630373652e+03;5.4871235351562500e+03;5.4871254882812500e+03;5.4871232630373670e+03;5.4871259765625000e+03
2;313000000;5.6709434262334489e+03;5.6709414062500000e+03;5.6709434262334580e+03;5.6709433593750000e+03;5.6709448242187500e+03;5.6709434262334471e+03;5.6709443359375000e+03
3;313000000;3.8082072141181370e+03;3.8082114257812500e+03;3.8082072141181416e+03;3.8082072753906250e+03;3.8082094726562500e+03;3.8082072141181425e+03;3.8082097167968750e+03
4;313000000;3.5449845867400809e+03;3.5449831542968750e+03;3.5449845867400786e+03;3.5449846191406250e+03;3.5449846191406250e+03;3.5449845867400736e+03;3.5449863281250000e+03
5;313000000;3.5718820491821957e+03;3.5718840332031250e+03;3.5718820491821893e+03;3.5718820800781250e+03;3.5718840332031250e+03;3.5718820491821916e+03;3.5718837890625000e+03
6;313000000;4.5469818899162801e+03;4.5469843750000000e+03;4.5469818899162865e+03;4.5469819335937500e+03;4.5469853515625000e+03;4.5469818899162874e+03;4.5469858398437500e+03
7;313000000;4.4367099535639863e+03;4.4367055664062500e+03;4.4367099535639873e+03;4.4367099609375000e+03;4.4367045898437500e+03;4.4367099535639827e+03;4.4367128906250000e+03
8;313000000;3.2521995762962342e+03;3.2522021484375000e+03;3.2521995762962365e+03;3.2521997070312500e+03;3.2522011718750000e+03;3.2521995762962438e+03;3.2522001953125000e+03
9;313000000;2.5068931902484601e+03;2.5068959960937500e+03;2.5068931902484587e+03;2.5068933105468750e+03;2.5068916015625000e+03;2.5068931902484583e+03;2.5068930664062500e+03
0;315000000;5.4760592654607444e+03;5.4760610351562500e+03;5.4760592654607426e+03;5.4760595703125000e+03;5.4760615234375000e+03;5.4760592654607472e+03;5.4760625000000000e+03
1;315000000;5.1433997508646835e+03;5.1433964843750000e+03;5.1433997508646835e+03;5.1433999023437500e+03;5.1434008789062500e+03;5.1433997508646844e+03;5.1434028320312500e+03
2;315000000;5.0559824939576638e+03;5.0559814453125000e+03;5.0559824939576683e+03;5.0559824218750000e+03;5.0559804687500000e+03;5.0559824939576647e+03;5.0559833984375000e+03
3;315000000;4.3104493440274491e+03;4.3104497070312500e+03;4.3104493440274437e+03;4.3104492187500000e+03;4.3104497070312500e+03;4.3104493440274491e+03;4.3104531250000000e+03
4;315000000;4.1552120622009288e+03;4.1552138671875000e+03;4.1552120622009288e+03;4.1552119140625000e+03;4.1552153320312500e+03;4.1552120622009224e+03;4.1552143554687500e+03
5;315000000;3.7441892275927180e+03;3.7441916503906250e+03;3.7441892275927166e+03;3.7441892089843750e+03;3.7441896972656250e+03;3.7441892275927216e+03;3.7441943359375000e+03
6;315000000;4.1046148876054976e+03;4.1046181640625000e+03;4.1046148876054949e+03;4.1046147460937500e+03;4.1046176757812500e+03;4.1046148876054958e+03;4.1046171875000000e+03
7;315000000;4.3632504651955496e+03;4.3632504882812500e+03;4.3632504651955487e+03;4.3632504882812500e+03;4.3632529296875000e+03;4.3632504651955551e+03;4.3632543945312500e+03
8;315000000;2.4347594549216738e+03;2.4347626953125000e+03;2.4347594549216756e+03;2.4347595214843750e+03;2.4347624511718750e+03;2.4347594549216747e+03;2.4347607421875000e+03
9;315000000;2.9562312089576117e+03;2.9562287597656250e+03;2.9562312089576180e+03;2.9562312011718750e+03;2.9562297363281250e+03;2.9562312089576162e+03;2.9562304687500000e+03
0;317000000;5.1763179071371896e+03;5.1763208007812500e+03;5.1763179071371896e+03;5.1763178710937500e+03;5.1763144531250000e+03;5.1763179071371960e+03;5.1763198242187500e+03
1;317000000;4.8919926232068474e+03;4.8919892578125000e+03;4.8919926232068401e+03;4.8919926757812500e+03;4.8919926757812500e+03;4.8919926232068501e+03;4.8919951171875000e+03
2;317000000;5.4120874454209397e+03;5.4120839843750000e+03;5.4120874454209370e+03;5.4120874023437500e+03;5.4120869140625000e+03;5.4120874454209397e+03;5.4120883789062500e+03
3;317000000;4.5081445099168741e+03;4.5081445312500000e+03;4.5081445099168741e+03;4.5081445312500000e+03;4.5081406250000000e+03;4.5081445099168659e+03;4.5081474609375000e+03
4;317000000;4.4865414245679494e+03;4.4865424804687500e+03;4.4865414245679522e+03;4.4865415039062500e+03;4.4865361328125000e+03;4.4865414245679467e+03;4.4865449218750000e+03
5;317000000;3.1366058534178474e+03;3.1366054687500000e+03;3.1366058534178551e+03;3.1366059570312500e+03;3.1366101074218750e+03;3.1366058534178569e+03;3.1366093750000000e+03
6;317000000;3.4331907696985731e+03;3.4331879882812500e+03;3.4331907696985768e+03;3.4331909179687500e+03;3.4331906738281250e+03;3.4331907696985668e+03;3.4331938476562500e+03
7;317000000;3.8462926017423529e+03;3.8462917480468750e+03;3.8462926017423720e+03;3.8462927246093750e+03;3.8462941894531250e+03;3.8462926017423515e+03;3.8462966308593750e+03
8;317000000;2.6957719803015571e+03;2.6957695312500000e+03;2.6957719803015625e+03;2.6957719726562500e+03;2.6957734375000000e+03;2.6957719803015593e+03;2.6957727050781250e+03
9;317000000;3.1430234022803493e+03;3.1430229492187500e+03;3.1430234022803520e+03;3.1430234375000000e+03;3.1430244140625000e+03;3.1430234022803534e+03;3.1430222167968750e+03
0;319000000;5.0002682671932289e+03;5.0002656250000000e+03;5.0002682671932316e+03;5.0002685546875000e+03;5.0002700195312500e+03;5.0002682671932344e+03;5.0002695312500000e+03
1;319000000;5.2496979485749180e+03;5.2497016601562500e+03;5.2496979485749243e+03;5.2496982421875000e+03;5.2496948242187500e+03;5.2496979485749316e+03;5.2497011718750000e+03
2;319000000;5.3376933770468922e+03;5.3376948242187500e+03;5.3376933770468922e+03;5.3376933593750000e+03;5.3376923828125000e+03;5.3376933770468913e+03;5.3376948242187500e+03
3;319000000;3.6116448101986757e+03;3.6116467285156250e+03;3.6116448101986803e+03;3.6116447753906250e+03;3.6116447753906250e+03;3.6116448101986734e+03;3.6116467285156250e+03
4;319000000;4.3688853932605434e+03;4.3688833007812500e+03;4.3688853932605416e+03;4.3688852539062500e+03;4.3688847656250000e+03;4.3688853932605325e+03;4.3688876953125000e+03
5;319000000;3.5678977485749638e+03;3.5679023437500000e+03;3.5678977485749683e+03;3.5678979492187500e+03;3.5679011230468750e+03;3.5678977485749610e+03;3.5678991699218750e+03
6;319000000;3.3537184481163458e+03;3.3537145996093750e+03;3.3537184481163449e+03;3.3537185058593750e+03;3.3537177734375000e+03;3.3537184481163440e+03;3.3537214355468750e+03
7;319000000;3.3847619874546676e+03;3.3847570800781250e+03;3.3847619874546726e+03;3.3847619628906250e+03;3.3847619628906250e+03;3.3847619874546676e+03;3.3847656250000000e+03
8;319000000;2.5595618909106865e+03;2.5595588378906250e+03;2.5595618909106834e+03;2.5595620117187500e+03;2.5595651855468750e+03;2.5595618909106861e+03;2.5595642089843750e+03
9;319000000;2.5147423215968970e+03;2.5147458496093750e+03;2.5147423215968906e+03;2.5147424316406250e+03;2.5147436523437500e+03;2.5147423215968902e+03;2.5147416992187500e+03
0;321000000;4.3195805802940131e+03;4.3195791015625000e+03;4.3195805802940095e+03;4.3195805664062500e+03;4.3195805664062500e+03;4.3195805802940140e+03;4.3195834960937500e+03
1;321000000;5.0837916607460875e+03;5.0837934570312500e+03;5.0837916607460957e+03;5.0837919921875000e+03;5.0837934570312500e+03;5.0837916607461102e+03;5.0837949218750000e+03
2;321000000;4.8310541698702427e+03;4.8310527343750000e+03;4.8310541698702291e+03;4.8310541992187500e+03;4.8310566406250000e+03;4.8310541698702309e+03;4.8310551757812500e+03
3;321000000;4.4299933026665003e+03;4.4299907226562500e+03;4.4299933026664976e+03;4.4299931640625000e+03;4.4299936523437500e+03;4.4299933026664885e+03;4.4299965820312500e+03
4;321000000;5.0109745489702682e+03;5.0109780273437500e+03;5.0109745489702564e+03;5.0109746093750000e+03;5.0109731445312500e+03;5.0109745489702573e+03;5.0109770507812500e+03
5;321000000;3.8714665997209154e+03;3.8714643554687500e+03;3.8714665997209095e+03;3.8714667968750000e+03;3.8714655761718750e+03;3.8714665997209086e+03;3.8714711914062500e+03
6;321000000;2.6466084523518184e+03;2.6466127929687500e+03;2.6466084523518271e+03;2.6466086425781250e+03;2.6466059570312500e+03;2.6466084523518221e+03;2.6466115722656250e+03
7;321000000;2.7855272003285372e+03;2.7855290527343750e+03;2.7855272003285340e+03;2.7855273437500000e+03;2.7855263671875000e+03;2.7855272003285272e+03;2.7855317382812500e+03
8;321000000;1.8620428980712920e+03;1.8620458984375000e+03;1.8620428980712868e+03;1.8620429687500000e+03;1.8620474853515625e+03;1.8620428980712927e+03;1.8620432128906250e+03
9;321000000;2.7792252326200569e+03;2.7792246093750000e+03;2.7792252326200660e+03;2.7792253417968750e+03;2.7792243652343750e+03;2.7792252326200642e+03;2.7792243652343750e+03
0;323000000;4.5419906935848931e+03;4.5419877929687500e+03;4.5419906935848903e+03;4.5419907226562500e+03;4.5419897460937500e+03;4.5419906935848958e+03;4.5419936523437500e+03
1;323000000;4.6007329127469275e+03;4.6007304687500000e+03;4.6007329127469256e+03;4.6007329101562500e+03;4.6007368164062500e+03;4.6007329127469347e+03;4.6007363281250000e+03
2;323000000;5.3796302112435533e+03;5.3796298828125000e+03;5.3796302112435505e+03;5.3796303710937500e+03;5.3796313476562500e+03;5.3796302112435469e+03;5.3796318359375000e+03
3;323000000;4.3963680035741445e+03;4.3963696289062500e+03;4.3963680035741399e+03;4.3963681640625000e+03;4.3963691406250000e+03;4.3963680035741354e+03;4.3963710937500000e+03
4;323000000;4.2306383328324600e+03;4.2306416015625000e+03;4.2306383328324619e+03;4.2306381835937500e+03;4.2306357421875000e+03;4.2306383328324609e+03;4.2306401367187500e+03
5;323000000;3.8593416884499406e+03;3.8593425292968750e+03;3.8593416884499452e+03;3.8593417968750000e+03;3.8593430175781250e+03;3.8593416884499457e+03;3.8593442382812500e+03
6;323000000;3.1237850025297553e+03;3.1237866210937500e+03;3.1237850025297612e+03;3.1237851562500000e+03;3.1237863769531250e+03;3.1237850025297585e+03;3.1237873535156250e+03
7;323000000;2.8030179993292650e+03;2.8030153808593750e+03;2.8030179993292622e+03;2.8030180664062500e+03;2.8030197753906250e+03;2.8030179993292618e+03;2.8030214843750000e+03
8;323000000;1.4768558097849293e+03;1.4768557128906250e+03;1.4768558097849261e+03;1.4768559570312500e+03;1.4768586425781250e+03;1.4768558097849304e+03;1.4768566894531250e+03
9;323000000;2.5327952335993041e+03;2.5327956542968750e+03;2.5327952335993091e+03;2.5327954101562500e+03;2.5327968750000000e+03;2.5327952335993086e+03;2.5327939453125000e+03
0;325000000;4.2659518352393679e+03;4.2659472656250000e+03;4.2659518352393698e+03;4.2659521484375000e+03;4.2659477539062500e+03;4.2659518352393752e+03;4.2659560546875000e+03
1;325000000;4.2091681652307043e+03;4.2091699218750000e+03;4.2091681652306997e+03;4.2091684570312500e+03;4.2091674804687500e+03;4.2091681652307052e+03;4.2091713867187500e+03
2;325000000;5.4026448226294669e+03;5.4026459960937500e+03;5.4026448226294742e+03;5.4026450195312500e+03;5.4026479492187500e+03;5.4026448226294633e+03;5.4026455078125000e+03
3;325000000;3.8752348638034364e+03;3.8752370605468750e+03;3.8752348638034323e+03;3.8752348632812500e+03;3.8752377929687500e+03;3.8752348638034282e+03;3.8752363281250000e+03
4;325000000;4.9684492786221035e+03;4.9684482421875000e+03;4.9684492786221090e+03;4.9684492187500000e+03;4.9684501953125000e+03;4.9684492786221053e+03;4.9684531250000000e+03
5;325000000;4.3860624556472258e+03;4.3860634765625000e+03;4.3860624556472267e+03;4.3860625000000000e+03;4.3860620117187500e+03;4.3860624556472258e+03;4.3860668945312500e+03
6;325000000;3.7458232706314475e+03;3.7458222656250000e+03;3.7458232706314466e+03;3.7458234863281250e+03;3.7458249511718750e+03;3.7458232706314438e+03;3.7458281250000000e+03
7;325000000;2.2330238995534673e+03;2.2330229492187500e+03;2.2330238995534714e+03;2.2330239257812500e+03;2.2330224609375000e+03;2.2330238995534701e+03;2.2330285644531250e+03
8;325000000;1.1962267789459288e+03;1.1962293701171875e+03;1.1962267789459329e+03;1.1962269287109375e+03;1.1962281494140625e+03;1.1962267789459361e+03;1.1962272949218750e+03
9;325000000;2.1781685165354024e+03;2.1781711425781250e+03;2.1781685165354138e+03;2.1781687011718750e+03;2.1781704101562500e+03;2.1781685165354079e+03;2.1781669921875000e+03
0;327000000;4.8335118529727179e+03;4.8335087890625000e+03;4.8335118529727170e+03;4.8335122070312500e+03;4.8335083007812500e+03;4.8335118529727188e+03;4.8335141601562500e+03
1;327000000;4.2505188167727365e+03;4.2505180664062500e+03;4.2505188167727410e+03;4.2505190429687500e+03;4.2505131835937500e+03;4.2505188167727538e+03;4.2505205078125000e+03
2;327000000;4.5346825310909644e+03;4.5346767578125000e+03;4.5346825310909562e+03;4.5346826171875000e+03;4.5346791992187500e+03;4.5346825310909489e+03;4.5346826171875000e+03
3;327000000;3.9915393790087287e+03;3.9915405273437500e+03;3.9915393790087282e+03;3.9915395507812500e+03;3.9915405273437500e+03;3.9915393790087214e+03;3.9915417480468750e+03
4;327000000;4.7164208378812955e+03;4.7164233398437500e+03;4.7164208378813055e+03;4.7164208984375000e+03;4.7164262695312500e+03;4.7164208378813082e+03;4.7164218750000000e+03
5;327000000;3.6825438049884447e+03;3.6825454101562500e+03;3.6825438049884460e+03;3.6825439453125000e+03;3.6825415039062500e+03;3.6825438049884478e+03;3.6825473632812500e+03
6;327000000;3.7881697719913745e+03;3.7881694335937500e+03;3.7881697719913705e+03;3.7881699218750000e+03;3.7881726074218750e+03;3.7881697719913577e+03;3.7881728515625000e+03
7;327000000;2.3507383234538506e+03;2.3507387695312500e+03;2.3507383234538529e+03;2.3507385253906250e+03;2.3507377929687500e+03;2.3507383234538511e+03;2.3507421875000000e+03
8;327000000;7.1121783135224371e+02;7.1121728515625000e+02;7.1121783135225041e+02;7.1121795654296875e+02;7.1121520996093750e+02;7.1121783135224950e+02;7.1121875000000000e+02
9;327000000;1.5154114310993302e+03;1.5154169921875000e+03;1.5154114310993327e+03;1.5154114990234375e+03;1.5154149169921875e+03;1.5154114310993298e+03;1.5154116210937500e+03
0;329000000;5.0656692934426110e+03;5.0656684570312500e+03;5.0656692934426073e+03;5.0656694335937500e+03;5.0656694335937500e+03;5.0656692934426137e+03;5.0656718750000000e+03
1;329000000;4.2882003775402836e+03;4.2882031250000000e+03;4.2882003775402918e+03;4.2882006835937500e+03;4.2882036132812500e+03;4.2882003775403018e+03;4.2882021484375000e+03
2;329000000;4.0774885387507475e+03;4.0774897460937500e+03;4.0774885387507447e+03;4.0774887695312500e+03;4.0774875488281250e+03;4.0774885387507420e+03;4.0774892578125000e+03
3;329000000;4.0582036101610538e+03;4.0582021484375000e+03;4.0582036101610634e+03;4.0582036132812500e+03;4.0582031250000000e+03;4.0582036101610520e+03;4.0582048339843750e+03
4;329000000;4.6129904179762780e+03;4.6129902343750000e+03;4.6129904179762734e+03;4.6129907226562500e+03;4.6129912109375000e+03;4.6129904179762734e+03;4.6129926757812500e+03
5;329000000;4.2128546862472067e+03;4.2128540039062500e+03;4.2128546862472022e+03;4.2128549804687500e+03;4.2128549804687500e+03;4.2128546862472049e+03;4.2128559570312500e+03
6;329000000;4.0208119419958766e+03;4.0208142089843750e+03;4.0208119419958684e+03;4.0208120117187500e+03;4.0208117675781250e+03;4.0208119419958634e+03;4.0208137207031250e+03
7;329000000;3.3967138758399801e+03;3.3967109375000000e+03;3.3967138758399815e+03;3.3967141113281250e+03;3.3967141113281250e+03;3.3967138758399747e+03;3.3967172851562500e+03
8;329000000;6.0895123267612519e+02;6.0895458984375000e+02;6.0895123267612678e+02;6.0895135498046875e+02;6.0895086669921875e+02;6.0895123267612325e+02;6.0895312500000000e+02
9;329000000;1.3335455875780876e+03;1.3335424804687500e+03;1.3335455875780842e+03;1.3335456542968750e+03;1.3335468750000000e+03;1.3335455875780867e+03;1.3335454101562500e+03
0;331000000;4.8945249980847102e+03;4.8945263671875000e+03;4.8945249980847166e+03;4.8945249023437500e+03;4.8945273437500000e+03;4.8945249980847102e+03;4.8945268554687500e+03
1;331000000;4.4129448760374398e+03;4.4129462890625000e+03;4.4129448760374389e+03;4.4129448242187500e+03;4.4129467773437500e+03;4.4129448760374526e+03;4.4129482421875000e+03
2;331000000;4.2146705216722912e+03;4.2146752929687500e+03;4.2146705216722967e+03;4.2146704101562500e+03;4.2146762695312500e+03;4.2146705216722930e+03;4.2146728515625000e+03
3;331000000;3.4915864776413064e+03;3.4915810546875000e+03;3.4915864776413041e+03;3.4915866699218750e+03;3.4915849609375000e+03;3.4915864776412977e+03;3.4915886230468750e+03
4;331000000;4.2861916674383037e+03;4.2861923828125000e+03;4.2861916674383110e+03;4.2861918945312500e+03;4.2861958007812500e+03;4.2861916674383083e+03;4.2861943359375000e+03
5;331000000;3.9897518851968257e+03;3.9897492675781250e+03;3.9897518851968302e+03;3.9897519531250000e+03;3.9897485351562500e+03;3.9897518851968293e+03;3.9897536621093750e+03
6;331000000;3.6255286384162464e+03;3.6255266113281250e+03;3.6255286384162459e+03;3.6255288085937500e+03;3.6255292968750000e+03;3.6255286384162441e+03;3.6255310058593750e+03
7;331000000;3.3429696334175937e+03;3.3429702148437500e+03;3.3429696334175942e+03;3.3429697265625000e+03;3.3429643554687500e+03;3.3429696334175824e+03;3.3429731445312500e+03
8;331000000;5.0469318871221361e+02;5.0469815063476562e+02;5.0469318871221844e+02;5.0469335937500000e+02;5.0469223022460938e+02;5.0469318871221094e+02;5.0469531250000000e+02
9;331000000;7.1297199003599371e+02;7.1297302246093750e+02;7.1297199003599280e+02;7.1297210693359375e+02;7.1297113037109375e+02;7.1297199003599667e+02;7.1297119140625000e+02
0;333000000;4.9712529443001768e+03;4.9712514648437500e+03;4.9712529443001804e+03;4.9712529296875000e+03;4.9712553710937500e+03;4.9712529443001831e+03;4.9712553710937500e+03
1;333000000;4.8518470856958666e+03;4.8518515625000000e+03;4.8518470856958593e+03;4.8518471679687500e+03;4.8518476562500000e+03;4.8518470856958675e+03;4.8518500976562500e+03
2;333000000;4.4676930977198235e+03;4.4676923828125000e+03;4.4676930977198190e+03;4.4676933593750000e+03;4.4676953125000000e+03;4.4676930977198253e+03;4.4676953125000000e+03
3;333000000;3.0557037145697004e+03;3.0557055664062500e+03;3.0557037145696909e+03;3.0557038574218750e+03;3.0557036132812500e+03;3.0557037145697022e+03;3.0557058105468750e+03
4;333000000;4.2993881124294576e+03;4.2993964843750000e+03;4.2993881124294530e+03;4.2993881835937500e+03;4.2993945312500000e+03;4.2993881124294585e+03;4.2993906250000000e+03
5;333000000;3.9600872154577241e+03;3.9600827636718750e+03;3.9600872154577210e+03;3.9600874023437500e+03;3.9600876464843750e+03;3.9600872154577282e+03;3.9600903320312500e+03
6;333000000;3.6594384039662023e+03;3.6594372558593750e+03;3.6594384039662059e+03;3.6594384765625000e+03;3.6594389648437500e+03;3.6594384039662013e+03;3.6594394531250000e+03
7;333000000;3.2037040595808385e+03;3.2037019042968750e+03;3.2037040595808371e+03;3.2037041015625000e+03;3.2037016601562500e+03;3.2037040595808276e+03;3.2037094726562500e+03
8;333000000;1.4771307006190516e+03;1.4771313476562500e+03;1.4771307006190532e+03;1.4771308593750000e+03;1.4771300048828125e+03;1.4771307006190514e+03;1.4771334228515625e+03
9;333000000;7.3402261225664074e+02;7.3402673339843750e+02;7.3402261225663960e+02;7.3402270507812500e+02;7.3402331542968750e+02;7.3402261225663915e+02;7.3402191162109375e+02
0;335000000;4.6272128168125828e+03;4.6272207031250000e+03;4.6272128168125810e+03;4.6272128906250000e+03;4.6272148437500000e+03;4.6272128168125855e+03;4.6272158203125000e+03
1;335000000;4.7136717612114835e+03;4.7136694335937500e+03;4.7136717612114899e+03;4.7136718750000000e+03;4.7136723632812500e+03;4.7136717612114890e+03;4.7136757812500000e+03
2;335000000;4.5643219057859878e+03;4.5643237304687500e+03;4.5643219057859842e+03;4.5643222656250000e+03;4.5643168945312500e+03;4.5643219057859806e+03;4.5643222656250000e+03
3;335000000;3.4137097098404679e+03;3.4137128906250000e+03;3.4137097098404602e+03;3.4137097167968750e+03;3.4137109375000000e+03;3.4137097098404602e+03;3.4137124023437500e+03
4;335000000;3.7499725550766798e+03;3.7499763183593750e+03;3.7499725550766771e+03;3.7499726562500000e+03;3.7499787597656250e+03;3.7499725550766825e+03;3.7499743652343750e+03
5;335000000;3.6171164754609595e+03;3.6171157226562500e+03;3.6171164754609613e+03;3.6171164550781250e+03;3.6171149902343750e+03;3.6171164754609690e+03;3.6171166992187500e+03
6;335000000;3.4310575023684091e+03;3.4310634765625000e+03;3.4310575023684032e+03;3.4310576171875000e+03;3.4310563964843750e+03;3.4310575023684041e+03;3.4310600585937500e+03
7;335000000;3.1275271503538747e+03;3.1275263671875000e+03;3.1275271503538802e+03;3.1275273437500000e+03;3.1275229492187500e+03;3.1275271503538706e+03;3.1275317382812500e+03
8;335000000;1.3596393438948442e+03;1.3596364746093750e+03;1.3596393438948442e+03;1.3596395263671875e+03;1.3596418457031250e+03;1.3596393438948389e+03;1.3596401367187500e+03
9;335000000;6.5228027053602000e+02;6.5228125000000000e+02;6.5228027053601738e+02;6.5228039550781250e+02;6.5228411865234375e+02;6.5228027053602136e+02;6.5227941894531250e+02
0;337000000;4.4784462359646104e+03;4.4784448242187500e+03;4.4784462359646132e+03;4.4784462890625000e+03;4.4784458007812500e+03;4.4784462359646132e+03;4.4784487304687500e+03
1;337000000;4.6834439730642362e+03;4.6834472656250000e+03;4.6834439730642353e+03;4.6834438476562500e+03;4.6834433593750000e+03;4.6834439730642498e+03;4.6834458007812500e+03
2;337000000;4.8696190333311124e+03;4.8696166992187500e+03;4.8696190333311097e+03;4.8696191406250000e+03;4.8696157226562500e+03;4.8696190333311060e+03;4.8696196289062500e+03
3;337000000;3.4496215715721246e+03;3.4496174316406250e+03;3.4496215715721314e+03;3.4496215820312500e+03;3.4496169433593750e+03;3.4496215715721160e+03;3.4496232910156250e+03
4;337000000;3.5368688563647329e+03;3.5368691406250000e+03;3.5368688563647265e+03;3.5368688964843750e+03;3.5368730468750000e+03;3.5368688563647338e+03;3.5368720703125000e+03
5;337000000;4.0978723277427362e+03;4.0978769531250000e+03;4.0978723277427416e+03;4.0978725585937500e+03;4.0978730468750000e+03;4.0978723277427425e+03;4.0978735351562500e+03
6;337000000;3.7327442710572054e+03;3.7327456054687500e+03;3.7327442710572113e+03;3.7327443847656250e+03;3.7327451171875000e+03;3.7327442710572141e+03;3.7327470703125000e+03
7;337000000;3.0774711908834306e+03;3.0774738769531250e+03;3.0774711908834242e+03;3.0774711914062500e+03;3.0774726562500000e+03;3.0774711908834165e+03;3.0774760742187500e+03
8;337000000;1.2941539343968932e+03;1.2941593017578125e+03;1.2941539343968861e+03;1.2941540527343750e+03;1.2941552734375000e+03;1.2941539343968980e+03;1.2941557617187500e+03
9;337000000;1.3652130574514958e+03;1.3652128906250000e+03;1.3652130574515020e+03;1.3652132568359375e+03;1.3652137451171875e+03;1.3652130574514947e+03;1.3652124023437500e+03
0;339000000;4.0877276586427120e+03;4.0877297363281250e+03;4.0877276586427106e+03;4.0877277832031250e+03;4.0877272949218750e+03;4.0877276586427142e+03;4.0877302246093750e+03
1;339000000;4.3148359446757795e+03;4.3148330078125000e+03;4.3148359446757922e+03;4.3148359375000000e+03;4.3148339843750000e+03;4.3148359446757922e+03;4.3148369140625000e+03
2;339000000;5.0155667757249548e+03;5.0155649414062500e+03;5.0155667757249521e+03;5.0155668945312500e+03;5.0155683593750000e+03;5.0155667757249521e+03;5.0155683593750000e+03
3;339000000;3.4427861165559757e+03;3.4427854003906250e+03;3.4427861165559757e+03;3.4427861328125000e+03;3.4427902832031250e+03;3.4427861165559766e+03;3.4427910156250000e+03
4;339000000;3.4934440006008717e+03;3.4934492187500000e+03;3.4934440006008713e+03;3.4934440917968750e+03;3.4934467773437500e+03;3.4934440006008749e+03;3.4934467773437500e+03
5;339000000;3.1448945189904616e+03;3.1448984375000000e+03;3.1448945189904612e+03;3.1448945312500000e+03;3.1448955078125000e+03;3.1448945189904630e+03;3.1448964843750000e+03
6;339000000;3.4300340295516507e+03;3.4300373535156250e+03;3.4300340295516612e+03;3.4300341796875000e+03;3.4300383300781250e+03;3.4300340295516512e+03;3.4300361328125000e+03
7;339000000;2.7729132008375668e+03;2.7729123535156250e+03;2.7729132008375709e+03;2.7729133300781250e+03;2.7729121093750000e+03;2.7729132008375673e+03;2.7729177246093750e+03
8;339000000;1.4421014585329399e+03;1.4420999755859375e+03;1.4421014585329360e+03;1.4421015625000000e+03;1.4421013183593750e+03;1.4421014585329422e+03;1.4421033935546875e+03
9;339000000;1.6600429417343546e+03;1.6600432128906250e+03;1.6600429417343548e+03;1.6600430908203125e+03;1.6600460205078125e+03;1.6600429417343537e+03;1.6600419921875000e+03
0;341000000;3.7733285131628768e+03;3.7733281250000000e+03;3.7733285131628868e+03;3.7733286132812500e+03;3.7733269042968750e+03;3.7733285131628818e+03;3.7733298339843750e+03
1;341000000;4.2177335867658794e+03;4.2177343750000000e+03;4.2177335867658821e+03;4.2177338867187500e+03;4.2177338867187500e+03;4.2177335867658867e+03;4.2177358398437500e+03
2;341000000;4.6436206715875478e+03;4.6436196289062500e+03;4.6436206715875478e+03;4.6436206054687500e+03;4.6436240234375000e+03;4.6436206715875514e+03;4.6436225585937500e+03
3;341000000;3.9378113637313550e+03;3.9378149414062500e+03;3.9378113637313536e+03;3.9378115234375000e+03;3.9378078613281250e+03;3.9378113637313554e+03;3.9378134765625000e+03
4;341000000;3.8631006730593645e+03;3.8631020507812500e+03;3.8631006730593645e+03;3.8631008300781250e+03;3.8631018066406250e+03;3.8631006730593554e+03;3.8631037597656250e+03
5;341000000;3.1779780004102972e+03;3.1779758300781250e+03;3.1779780004103013e+03;3.1779780273437500e+03;3.1779797363281250e+03;3.1779780004103004e+03;3.1779819335937500e+03
6;341000000;3.5339937412431668e+03;3.5339960937500000e+03;3.5339937412431705e+03;3.5339938964843750e+03;3.5339931640625000e+03;3.5339937412431746e+03;3.5339963378906250e+03
7;341000000;3.3340976741566283e+03;3.3340976562500000e+03;3.3340976741566351e+03;3.3340979003906250e+03;3.3340971679687500e+03;3.3340976741566296e+03;3.3341018066406250e+03
8;341000000;1.0378768487799791e+03;1.0378775634765625e+03;1.0378768487799759e+03;1.0378769531250000e+03;1.0378774414062500e+03;1.0378768487799875e+03;1.0378782958984375e+03
9;341000000;1.1589540626435414e+03;1.1589531250000000e+03;1.1589540626435462e+03;1.1589542236328125e+03;1.1589561767578125e+03;1.1589540626435332e+03;1.1589545898437500e+03
0;343000000;3.9611304278237180e+03;3.9611311035156250e+03;3.9611304278237226e+03;3.9611306152343750e+03;3.9611330566406250e+03;3.9611304278237253e+03;3.9611318359375000e+03
1;343000000;3.9292125909342658e+03;3.9292131347656250e+03;3.9292125909342708e+03;3.9292126464843750e+03;3.9292143554687500e+03;3.9292125909342776e+03;3.9292153320312500e+03
2;343000000;4.3565456690358678e+03;4.3565424804687500e+03;4.3565456690358660e+03;4.3565458984375000e+03;4.3565434570312500e+03;4.3565456690358615e+03;4.3565458984375000e+03
3;343000000;3.9926909228128361e+03;3.9926940917968750e+03;3.9926909228128325e+03;3.9926909179687500e+03;3.9926911621093750e+03;3.9926909228128216e+03;3.9926943359375000e+03
4;343000000;3.8285781211845183e+03;3.8285761718750000e+03;3.8285781211845101e+03;3.8285781250000000e+03;3.8285742187500000e+03;3.8285781211845124e+03;3.8285808105468750e+03
5;343000000;2.7962763850479646e+03;2.7962792968750000e+03;2.7962763850479641e+03;2.7962763671875000e+03;2.7962775878906250e+03;2.7962763850479669e+03;2.7962797851562500e+03
6;343000000;2.8151779658967093e+03;2.8151767578125000e+03;2.8151779658967171e+03;2.8151779785156250e+03;2.8151809082031250e+03;2.8151779658967116e+03;2.8151801757812500e+03
7;343000000;2.8079776547713141e+03;2.8079780273437500e+03;2.8079776547713200e+03;2.8079777832031250e+03;2.8079804687500000e+03;2.8079776547713218e+03;2.8079814453125000e+03
8;343000000;8.6776169415312245e+02;8.6776977539062500e+02;8.6776169415312154e+02;8.6776184082031250e+02;8.6776361083984375e+02;8.6776169415313598e+02;8.6776354980468750e+02
9;343000000;1.5526799374706286e+03;1.5526822509765625e+03;1.5526799374706347e+03;1.5526800537109375e+03;1.5526796875000000e+03;1.5526799374706404e+03;1.5526788330078125e+03
0;345000000;4.0362551317258967e+03;4.0362539062500000e+03;4.0362551317258917e+03;4.0362553710937500e+03;4.0362548828125000e+03;4.0362551317258922e+03;4.0362553710937500e+03
1;345000000;3.8006773518240561e+03;3.8006762695312500e+03;3.8006773518240502e+03;3.8006774902343750e+03;3.8006813964843750e+03;3.8006773518240593e+03;3.8006782226562500e+03
2;345000000;4.1931734173824434e+03;4.1931748046875000e+03;4.1931734173824407e+03;4.1931733398437500e+03;4.1931708984375000e+03;4.1931734173824343e+03;4.1931752929687500e+03
3;345000000;3.6158218895848895e+03;3.6158220214843750e+03;3.6158218895848890e+03;3.6158220214843750e+03;3.6158208007812500e+03;3.6158218895848850e+03;3.6158251953125000e+03
4;345000000;4.4258986948966221e+03;4.4259013671875000e+03;4.4258986948966140e+03;4.4258989257812500e+03;4.4259008789062500e+03;4.4258986948966267e+03;4.4259003906250000e+03
5;345000000;3.3405812927139682e+03;3.3405834960937500e+03;3.3405812927139746e+03;3.3405812988281250e+03;3.3405842285156250e+03;3.3405812927139691e+03;3.3405844726562500e+03
6;345000000;2.9539763829896879e+03;2.9539748535156250e+03;2.9539763829896797e+03;2.9539765625000000e+03;2.9539772949218750e+03;2.9539763829896810e+03;2.9539780273437500e+03
7;345000000;2.8404582222280410e+03;2.8404560546875000e+03;2.8404582222280455e+03;2.8404582519531250e+03;2.8404528808593750e+03;2.8404582222280433e+03;2.8404619140625000e+03
8;345000000;1.2649676943753882e+03;1.2649739990234375e+03;1.2649676943753850e+03;1.2649677734375000e+03;1.2649761962890625e+03;1.2649676943754039e+03;1.2649694824218750e+03
9;345000000;1.2737462031357713e+03;1.2737478027343750e+03;1.2737462031357773e+03;1.2737463378906250e+03;1.2737478027343750e+03;1.2737462031357773e+03;1.2737462158203125e+03
0;347000000;3.2974140114957590e+03;3.2974113769531250e+03;3.2974140114957522e+03;3.2974140625000000e+03;3.2974177246093750e+03;3.2974140114957518e+03;3.2974143066406250e+03
1;347000000;3.7873822492755407e+03;3.7873857421875000e+03;3.7873822492755453e+03;3.7873823242187500e+03;3.7873815917968750e+03;3.7873822492755503e+03;3.7873852539062500e+03
2;347000000;3.7049248498115107e+03;3.7049211425781250e+03;3.7049248498115144e+03;3.7049250488281250e+03;3.7049267578125000e+03;3.7049248498115094e+03;3.7049257812500000e+03
3;347000000;3.2298868223867662e+03;3.2298857421875000e+03;3.2298868223867735e+03;3.2298869628906250e+03;3.2298869628906250e+03;3.2298868223867694e+03;3.2298896484375000e+03
4;347000000;4.5227424804284919e+03;4.5227465820312500e+03;4.5227424804284947e+03;4.5227426757812500e+03;4.5227485351562500e+03;4.5227424804284938e+03;4.5227460937500000e+03
5;347000000;3.3075976406228192e+03;3.3075983886718750e+03;3.3075976406228137e+03;3.3075976562500000e+03;3.3076022949218750e+03;3.3075976406228247e+03;3.3076010742187500e+03
6;347000000;2.5631302227857846e+03;2.5631354980468750e+03;2.5631302227857855e+03;2.5631303710937500e+03;2.5631354980468750e+03;2.5631302227857768e+03;2.5631325683593750e+03
7;347000000;2.0103474391935681e+03;2.0103454589843750e+03;2.0103474391935697e+03;2.0103475341796875e+03;2.0103492431640625e+03;2.0103474391935667e+03;2.0103503417968750e+03
8;347000000;1.0987676057232438e+03;1.0987788085937500e+03;1.0987676057232477e+03;1.0987677001953125e+03;1.0987725830078125e+03;1.0987676057232502e+03;1.0987702636718750e+03
9;347000000;1.0240662114917318e+03;1.0240679931640625e+03;1.0240662114917277e+03;1.0240662841796875e+03;1.0240681152343750e+03;1.0240662114917277e+03;1.0240661621093750e+03
0;349000000;3.2233527895864395e+03;3.2233498535156250e+03;3.2233527895864313e+03;3.2233530273437500e+03;3.2233488769531250e+03;3.2233527895864358e+03;3.2233525390625000e+03
1;349000000;3.6828694125986244e+03;3.6828701171875000e+03;3.6828694125986308e+03;3.6828696289062500e+03;3.6828732910156250e+03;3.6828694125986335e+03;3.6828706054687500e+03
2;349000000;3.8692606555862972e+03;3.8692607421875000e+03;3.8692606555863040e+03;3.8692607421875000e+03;3.8692561035156250e+03;3.8692606555862994e+03;3.8692619628906250e+03
3;349000000;3.0707402466657923e+03;3.0707380371093750e+03;3.0707402466657986e+03;3.0707402343750000e+03;3.0707404785156250e+03;3.0707402466657909e+03;3.0707431640625000e+03
4;349000000;4.3617545862961215e+03;4.3617568359375000e+03;4.3617545862961133e+03;4.3617543945312500e+03;4.3617558593750000e+03;4.3617545862961224e+03;4.3617553710937500e+03
5;349000000;3.9225085817859222e+03;3.9225087890625000e+03;3.9225085817859253e+03;3.9225087890625000e+03;3.9225124511718750e+03;3.9225085817859308e+03;3.9225102539062500e+03
6;349000000;3.0443138264697582e+03;3.0443217773437500e+03;3.0443138264697627e+03;3.0443139648437500e+03;3.0443212890625000e+03;3.0443138264697618e+03;3.0443168945312500e+03
7;349000000;2.2825898318247773e+03;2.2825903320312500e+03;2.2825898318247814e+03;2.2825898437500000e+03;2.2825842285156250e+03;2.2825898318247710e+03;2.2825937500000000e+03
8;349000000;7.6207575166776166e+02;7.6208361816406250e+02;7.6207575166777826e+02;7.6207592773437500e+02;7.6208300781250000e+02;7.6207575166778224e+02;7.6207641601562500e+02
9;349000000;1.2956150789576880e+03;1.2956202392578125e+03;1.2956150789576786e+03;1.2956152343750000e+03;1.2956199951171875e+03;1.2956150789576914e+03;1.2956138916015625e+03
0;351000000;2.9305243541890254e+03;2.9305256347656250e+03;2.9305243541890200e+03;2.9305244140625000e+03;2.9305202636718750e+03;2.9305243541890318e+03;2.9305241699218750e+03
1;351000000;3.1204422059671892e+03;3.1204436035156250e+03;3.1204422059671833e+03;3.1204423828125000e+03;3.1204409179687500e+03;3.1204422059671897e+03;3.1204445800781250e+03
2;351000000;3.9524261962632895e+03;3.9524223632812500e+03;3.9524261962632804e+03;3.9524262695312500e+03;3.9524204101562500e+03;3.9524261962632795e+03;3.9524265136718750e+03
3;351000000;2.8540198729092240e+03;2.8540141601562500e+03;2.8540198729092199e+03;2.8540200195312500e+03;2.8540224609375000e+03;2.8540198729092226e+03;2.8540239257812500e+03
4;351000000;3.3790575224472645e+03;3.3790615234375000e+03;3.3790575224472746e+03;3.3790576171875000e+03;3.3790627441406250e+03;3.3790575224472705e+03;3.3790600585937500e+03
5;351000000;4.0886335821846533e+03;4.0886357421875000e+03;4.0886335821846574e+03;4.0886335449218750e+03;4.0886313476562500e+03;4.0886335821846592e+03;4.0886362304687500e+03
6;351000000;2.9903799343306450e+03;2.9903845214843750e+03;2.9903799343306400e+03;2.9903801269531250e+03;2.9903815917968750e+03;2.9903799343306468e+03;2.9903823242187500e+03
7;351000000;2.0868521688185333e+03;2.0868500976562500e+03;2.0868521688185292e+03;2.0868522949218750e+03;2.0868493652343750e+03;2.0868521688185338e+03;2.0868559570312500e+03
8;351000000;2.6246994607433771e+02;2.6247451782226562e+02;2.6246994607434175e+02;2.6247009277343750e+02;2.6246881103515625e+02;2.6246994607434544e+02;2.6247058105468750e+02
9;351000000;1.3284134487974752e+03;1.3284172363281250e+03;1.3284134487974700e+03;1.3284135742187500e+03;1.3284206542968750e+03;1.3284134487974700e+03;1.3284121093750000e+03
0;353000000;2.9185982489404582e+03;2.9185971679687500e+03;2.9185982489404528e+03;2.9185983886718750e+03;2.9185979003906250e+03;2.9185982489404591e+03;2.9185979003906250e+03
1;353000000;3.0679280179956850e+03;3.0679238281250000e+03;3.0679280179956859e+03;3.0679282226562500e+03;3.0679208984375000e+03;3.0679280179956891e+03;3.0679279785156250e+03
2;353000000;3.8078729943802659e+03;3.8078710937500000e+03;3.8078729943802609e+03;3.8078730468750000e+03;3.8078747558593750e+03;3.8078729943802632e+03;3.8078735351562500e+03
3;353000000;2.9669346199644433e+03;2.9669343261718750e+03;2.9669346199644442e+03;2.9669345703125000e+03;2.9669331054687500e+03;2.9669346199644397e+03;2.9669399414062500e+03
4;353000000;3.6514423364960553e+03;3.6514458007812500e+03;3.6514423364960608e+03;3.6514423828125000e+03;3.6514475097656250e+03;3.6514423364960576e+03;3.6514453125000000e+03
5;353000000;3.6782893491433906e+03;3.6782888183593750e+03;3.6782893491433874e+03;3.6782893066406250e+03;3.6782897949218750e+03;3.6782893491433906e+03;3.6782912597656250e+03
6;353000000;3.4282565940941317e+03;3.4282570800781250e+03;3.4282565940941304e+03;3.4282565917968750e+03;3.4282548828125000e+03;3.4282565940941349e+03;3.4282575683593750e+03
7;353000000;2.4668740111464908e+03;2.4668728027343750e+03;2.4668740111464963e+03;2.4668740234375000e+03;2.4668735351562500e+03;2.4668740111464895e+03;2.4668784179687500e+03
8;353000000;3.6184883651871178e+02;3.6184786987304688e+02;3.6184883651871763e+02;3.6184896850585938e+02;3.6185000610351562e+02;3.6184883651871542e+02;3.6184973144531250e+02
9;353000000;7.8035507203968484e+02;7.8035424804687500e+02;7.8035507203969235e+02;7.8035522460937500e+02;7.8035864257812500e+02;7.8035507203968405e+02;7.8035552978515625e+02
0;355000000;1.1433715690948288e+03;1.1433782958984375e+03;1.1433715690948241e+03;1.1433717041015625e+03;1.1433721923828125e+03;1.1433715690948266e+03;1.1433723144531250e+03
1;355000000;2.6470338787105356e+03;2.6470295410156250e+03;2.6470338787105306e+03;2.6470339355468750e+03;2.6470297851562500e+03;2.6470338787105429e+03;2.6470341796875000e+03
2;355000000;3.0016031633926041e+03;3.0016010742187500e+03;3.0016031633926082e+03;3.0016032714843750e+03;3.0016008300781250e+03;3.0016031633926000e+03;3.0016054687500000e+03
3;355000000;2.9991215310131320e+03;2.9991169433593750e+03;2.9991215310131324e+03;2.9991215820312500e+03;2.9991191406250000e+03;2.9991215310131297e+03;2.9991232910156250e+03
4;355000000;2.9256806239449074e+03;2.9256809082031250e+03;2.9256806239449097e+03;2.9256806640625000e+03;2.9256828613281250e+03;2.9256806239449124e+03;2.9256831054687500e+03
5;355000000;2.8836686694478171e+03;2.8836684570312500e+03;2.8836686694478099e+03;2.8836687011718750e+03;2.8836674804687500e+03;2.8836686694478121e+03;2.8836708984375000e+03
6;355000000;3.5079479547228789e+03;3.5079482421875000e+03;3.5079479547228816e+03;3.5079479980468750e+03;3.5079506835937500e+03;3.5079479547228711e+03;3.5079509277343750e+03
7;355000000;2.6017238714127220e+03;2.6017192382812500e+03;2.6017238714127161e+03;2.6017238769531250e+03;2.6017250976562500e+03;2.6017238714127261e+03;2.6017260742187500e+03
8;355000000;2.2435948422876612e+02;2.2436352539062500e+02;2.2435948422877561e+02;2.2435961914062500e+02;2.2435742187500000e+02;2.2435948422879073e+02;2.2436096191406250e+02
9;355000000;3.2671075997830246e+02;3.2671444702148438e+02;3.2671075997831599e+02;3.2671087646484375e+02;3.2671597290039062e+02;3.2671075997831304e+02;3.2671118164062500e+02
0;357000000;1.1718541798915223e+03;1.1718524169921875e+03;1.1718541798915307e+03;1.1718543701171875e+03;1.1718474121093750e+03;1.1718541798915348e+03;1.1718540039062500e+03
1;357000000;2.2229640050960338e+03;2.2229638671875000e+03;2.2229640050960488e+03;2.2229641113281250e+03;2.2229645996093750e+03;2.2229640050960456e+03;2.2229672851562500e+03
2;357000000;2.9946168374680492e+03;2.9946164550781250e+03;2.9946168374680387e+03;2.9946169433593750e+03;2.9946188964843750e+03;2.9946168374680319e+03;2.9946186523437500e+03
3;357000000;2.9004043512681560e+03;2.9004030761718750e+03;2.9004043512681569e+03;2.9004042968750000e+03;2.9003986816406250e+03;2.9004043512681528e+03;2.9004077148437500e+03
4;357000000;3.2812819684922006e+03;3.2812827148437500e+03;3.2812819684921956e+03;3.2812819824218750e+03;3.2812824707031250e+03;3.2812819684921951e+03;3.2812858886718750e+03
5;357000000;3.1643862426086112e+03;3.1643852539062500e+03;3.1643862426086198e+03;3.1643862304687500e+03;3.1643886718750000e+03;3.1643862426086171e+03;3.1643876953125000e+03
6;357000000;3.0953026971451113e+03;3.0952956542968750e+03;3.0953026971451141e+03;3.0953027343750000e+03;3.0952985839843750e+03;3.0953026971451009e+03;3.0953041992187500e+03
7;357000000;2.6638512503101520e+03;2.6638513183593750e+03;2.6638512503101547e+03;2.6638513183593750e+03;2.6638537597656250e+03;2.6638512503101533e+03;2.6638544921875000e+03
8;357000000;7.9289652990450872e+02;7.9289392089843750e+02;7.9289652990451498e+02;7.9289666748046875e+02;7.9289648437500000e+02;7.9289652990452169e+02;7.9289636230468750e+02
9;357000000;4.7608303173213483e+02;4.7608340454101562e+02;4.7608303173213119e+02;4.7608316040039062e+02;4.7608175659179688e+02;4.7608303173213130e+02;4.7608300781250000e+02
0;359000000;1.5938577035835490e+03;1.5938533935546875e+03;1.5938577035835499e+03;1.5938579101562500e+03;1.5938548583984375e+03;1.5938577035835528e+03;1.5938586425781250e+03
1;359000000;1.1579337547012390e+03;1.1579368896484375e+03;1.1579337547012269e+03;1.1579339599609375e+03;1.1579411621093750e+03;1.1579337547012378e+03;1.1579351806640625e+03
2;359000000;2.4447126685351923e+03;2.4447080078125000e+03;2.4447126685351855e+03;2.4447128906250000e+03;2.4447119140625000e+03;2.4447126685351855e+03;2.4447136230468750e+03
3;359000000;2.0670942437460758e+03;2.0670937500000000e+03;2.0670942437460667e+03;2.0670942382812500e+03;2.0670930175781250e+03;2.0670942437460644e+03;2.0670979003906250e+03
4;359000000;3.3578497025922079e+03;3.3578493652343750e+03;3.3578497025922024e+03;3.3578496093750000e+03;3.3578493652343750e+03;3.3578497025921974e+03;3.3578503417968750e+03
5;359000000;2.6428860934094828e+03;2.6428864746093750e+03;2.6428860934094814e+03;2.6428862304687500e+03;2.6428867187500000e+03;2.6428860934094891e+03;2.6428872070312500e+03
6;359000000;2.4936988465770437e+03;2.4936970214843750e+03;2.4936988465770469e+03;2.4936989746093750e+03;2.4936970214843750e+03;2.4936988465770382e+03;2.4937001953125000e+03
7;359000000;2.9788651636529075e+03;2.9788637695312500e+03;2.9788651636529135e+03;2.9788652343750000e+03;2.9788647460937500e+03;2.9788651636529194e+03;2.9788676757812500e+03
8;359000000;1.1617502684699177e+03;1.1617519531250000e+03;1.1617502684699102e+03;1.1617503662109375e+03;1.1617500000000000e+03;1.1617502684699211e+03;1.1617507324218750e+03
9;359000000;5.6355642042395675e+02;5.6355236816406250e+02;5.6355642042395414e+02;5.6355651855468750e+02;5.6355010986328125e+02;5.6355642042395903e+02;5.6355737304687500e+02
0;361000000;1.3613166633349895e+03;1.3613126220703125e+03;1.3613166633349858e+03;1.3613167724609375e+03;1.3613098144531250e+03;1.3613166633349820e+03;1.3613161621093750e+03
1;361000000;9.0298959809415305e+02;9.0298889160156250e+02;9.0298959809415419e+02;9.0298974609375000e+02;9.0299084472656250e+02;9.0298959809414418e+02;9.0299121093750000e+02
2;361000000;2.1853815988719434e+03;2.1853767089843750e+03;2.1853815988719475e+03;2.1853818359375000e+03;2.1853786621093750e+03;2.1853815988719407e+03;2.1853837890625000e+03
3;361000000;1.7093636505630679e+03;1.7093637695312500e+03;1.7093636505630761e+03;1.7093636474609375e+03;1.7093662109375000e+03;1.7093636505630716e+03;1.7093657226562500e+03
4;361000000;3.2556264525664546e+03;3.2556267089843750e+03;3.2556264525664642e+03;3.2556264648437500e+03;3.2556281738281250e+03;3.2556264525664560e+03;3.2556271972656250e+03
5;361000000;2.4595526917718271e+03;2.4595541992187500e+03;2.4595526917718234e+03;2.4595527343750000e+03;2.4595515136718750e+03;2.4595526917718380e+03;2.4595551757812500e+03
6;361000000;2.6907195937856868e+03;2.6907170410156250e+03;2.6907195937856814e+03;2.6907197265625000e+03;2.6907160644531250e+03;2.6907195937856795e+03;2.6907211914062500e+03
7;361000000;2.4296678319533999e+03;2.4296701660156250e+03;2.4296678319533953e+03;2.4296679687500000e+03;2.4296740722656250e+03;2.4296678319534012e+03;2.4296704101562500e+03
8;361000000;8.2441013261986404e+02;8.2441125488281250e+02;8.2441013261986859e+02;8.2441027832031250e+02;8.2441119384765625e+02;8.2441013261987882e+02;8.2441003417968750e+02
9;361000000;5.3550182937464729e+02;5.3550506591796875e+02;5.3550182937464763e+02;5.3550195312500000e+02;5.3550036621093750e+02;5.3550182937465274e+02;5.3550048828125000e+02
0;363000000;1.7381576254162119e+03;1.7381564941406250e+03;1.7381576254162137e+03;1.7381578369140625e+03;1.7381491699218750e+03;1.7381576254162114e+03;1.7381573486328125e+03
1;363000000;1.3835080275512480e+03;1.3835111083984375e+03;1.3835080275512425e+03;1.3835081787109375e+03;1.3835124511718750e+03;1.3835080275512471e+03;1.3835100097656250e+03
2;363000000;1.1228555738811347e+03;1.1228559570312500e+03;1.1228555738811142e+03;1.1228557128906250e+03;1.1228552246093750e+03;1.1228555738811187e+03;1.1228562011718750e+03
3;363000000;1.3726484749206775e+03;1.3726455078125000e+03;1.3726484749206700e+03;1.3726485595703125e+03;1.3726461181640625e+03;1.3726484749206691e+03;1.3726516113281250e+03
4;363000000;2.3750719066090978e+03;2.3750734863281250e+03;2.3750719066091183e+03;2.3750720214843750e+03;2.3750708007812500e+03;2.3750719066091128e+03;2.3750737304687500e+03
5;363000000;2.9349009399983124e+03;2.9348964843750000e+03;2.9349009399983088e+03;2.9349008789062500e+03;2.9348977050781250e+03;2.9349009399983179e+03;2.9349038085937500e+03
6;363000000;2.1495738376240797e+03;2.1495754394531250e+03;2.1495738376240888e+03;2.1495739746093750e+03;2.1495695800781250e+03;2.1495738376240806e+03;2.1495761718750000e+03
7;363000000;2.2072499591249111e+03;2.2072487792968750e+03;2.2072499591249184e+03;2.2072500000000000e+03;2.2072495117187500e+03;2.2072499591249125e+03;2.2072531738281250e+03
8;363000000;8.1956010209348608e+02;8.1955462646484375e+02;8.1956010209348096e+02;8.1956018066406250e+02;8.1955529785156250e+02;8.1956010209348915e+02;8.1956042480468750e+02
9;363000000;1.0149204358004783e+03;1.0149264526367188e+03;1.0149204358004810e+03;1.0149205322265625e+03;1.0149251708984375e+03;1.0149204358004883e+03;1.0149187011718750e+03
0;365000000;1.6485860016988029e+03;1.6485875244140625e+03;1.6485860016987986e+03;1.6485861816406250e+03;1.6485817871093750e+03;1.6485860016987954e+03;1.6485864257812500e+03
1;365000000;1.1741755693851972e+03;1.1741755371093750e+03;1.1741755693851942e+03;1.1741757812500000e+03;1.1741746826171875e+03;1.1741755693851992e+03;1.1741765136718750e+03
2;365000000;6.7931398246624553e+02;6.7930566406250000e+02;6.7931398246625429e+02;6.7931408691406250e+02;6.7930334472656250e+02;6.7931398246624008e+02;6.7931481933593750e+02
3;365000000;9.3352274521969025e+02;9.3351684570312500e+02;9.3352274521968798e+02;9.3352282714843750e+02;9.3351641845703125e+02;9.3352274521968502e+02;9.3352716064453125e+02
4;365000000;2.0558822352916604e+03;2.0558811035156250e+03;2.0558822352916704e+03;2.0558823242187500e+03;2.0558840332031250e+03;2.0558822352916750e+03;2.0558833007812500e+03
5;365000000;2.8331775906665812e+03;2.8331745605468750e+03;2.8331775906665766e+03;2.8331777343750000e+03;2.8331716308593750e+03;2.8331775906665803e+03;2.8331811523437500e+03
6;365000000;2.2903493704964185e+03;2.2903530273437500e+03;2.2903493704964171e+03;2.2903493652343750e+03;2.2903559570312500e+03;2.2903493704964199e+03;2.2903510742187500e+03
7;365000000;2.0157289211940961e+03;2.0157255859375000e+03;2.0157289211941029e+03;2.0157290039062500e+03;2.0157281494140625e+03;2.0157289211940920e+03;2.0157314453125000e+03
8;365000000;4.2210148651263023e+02;4.2209985351562500e+02;4.2210148651264007e+02;4.2210159301757812e+02;4.2210003662109375e+02;4.2210148651263899e+02;4.2210119628906250e+02
9;365000000;9.7400768677849135e+02;9.7400354003906250e+02;9.7400768677849157e+02;9.7400781250000000e+02;9.7400756835937500e+02;9.7400768677849283e+02;9.7400659179687500e+02
0;367000000;1.0446030151598754e+03;1.0446038818359375e+03;1.0446030151598875e+03;1.0446032714843750e+03;1.0446029052734375e+03;1.0446030151598825e+03;1.0446040039062500e+03
1;367000000;1.7163191250821230e+03;1.7163172607421875e+03;1.7163191250821246e+03;1.7163193359375000e+03;1.7163205566406250e+03;1.7163191250821321e+03;1.7163203125000000e+03
2;367000000;1.0844794500110997e+03;1.0844780273437500e+03;1.0844794500111029e+03;1.0844796142578125e+03;1.0844758300781250e+03;1.0844794500111077e+03;1.0844799804687500e+03
3;367000000;6.7353855427862200e+01;6.7351600646972656e+01;6.7353855427864289e+01;6.7353912353515625e+01;6.7354774475097656e+01;6.7353855427870258e+01;6.7358154296875000e+01
4;367000000;1.7009496521311607e+03;1.7009454345703125e+03;1.7009496521311548e+03;1.7009497070312500e+03;1.7009497070312500e+03;1.7009496521311605e+03;1.7009509277343750e+03
5;367000000;1.9341571518984226e+03;1.9341579589843750e+03;1.9341571518984310e+03;1.9341572265625000e+03;1.9341550292968750e+03;1.9341571518984267e+03;1.9341596679687500e+03
6;367000000;2.8030867232201408e+03;2.8030922851562500e+03;2.8030867232201381e+03;2.8030866699218750e+03;2.8030937500000000e+03;2.8030867232201399e+03;2.8030876464843750e+03
7;367000000;1.4149091300404796e+03;1.4149071044921875e+03;1.4149091300404684e+03;1.4149091796875000e+03;1.4149094238281250e+03;1.4149091300404743e+03;1.4149113769531250e+03
8;367000000;3.3321066606063278e+02;3.3320639038085938e+02;3.3321066606062800e+02;3.3321078491210938e+02;3.3321002197265625e+02;3.3321066606063960e+02;3.3320983886718750e+02
9;367000000;9.7761015321335901e+02;9.7761181640625000e+02;9.7761015321334821e+02;9.7761022949218750e+02;9.7761511230468750e+02;9.7761015321335344e+02;9.7760937500000000e+02
0;369000000;1.2140698437631299e+03;1.2140699462890625e+03;1.2140698437631313e+03;1.2140700683593750e+03;1.2140716552734375e+03;1.2140698437631331e+03;1.2140710449218750e+03
1;369000000;1.3373284971683645e+03;1.3373317871093750e+03;1.3373284971683568e+03;1.3373287353515625e+03;1.3373298339843750e+03;1.3373284971683743e+03;1.3373308105468750e+03
2;369000000;1.3621999513265991e+03;1.3621995849609375e+03;1.3621999513265946e+03;1.3622000732421875e+03;1.3622019042968750e+03;1.3621999513266042e+03;1.3622016601562500e+03
3;369000000;-2.5474227120612269e+02;-2.5474490356445312e+02;-2.5474227120612298e+02;-2.5474220275878906e+02;-2.5474409484863281e+02;-2.5474227120611954e+02;-2.5474096679687500e+02
4;369000000;1.1698300265709702e+03;1.1698276367187500e+03;1.1698300265709640e+03;1.1698300781250000e+03;1.1698292236328125e+03;1.1698300265709738e+03;1.1698325195312500e+03
5;369000000;1.3552691924493142e+03;1.3552697753906250e+03;1.3552691924493179e+03;1.3552692871093750e+03;1.3552664794921875e+03;1.3552691924493138e+03;1.3552719726562500e+03
6;369000000;2.1873468595813715e+03;2.1873500976562500e+03;2.1873468595813756e+03;2.1873469238281250e+03;2.1873493652343750e+03;2.1873468595813715e+03;2.1873479003906250e+03
7;369000000;1.5939122852210414e+03;1.5939165039062500e+03;1.5939122852210469e+03;1.5939123535156250e+03;1.5939125976562500e+03;1.5939122852210492e+03;1.5939147949218750e+03
8;369000000;-7.2724501225099047e+01;-7.2732986450195312e+01;-7.2724501225094713e+01;-7.2724365234375000e+01;-7.2731918334960938e+01;-7.2724501225076438e+01;-7.2724731445312500e+01
9;369000000;4.3735711189284149e+02;4.3736355590820312e+02;4.3735711189283262e+02;4.3735720825195312e+02;4.3736535644531250e+02;4.3735711189283575e+02;4.3735534667968750e+02
0;371000000;1.1506923460255989e+03;1.1506862792968750e+03;1.1506923460256012e+03;1.1506925048828125e+03;1.1506921386718750e+03;1.1506923460255953e+03;1.1506928710937500e+03
1;371000000;7.5465799207844179e+02;7.5466107177734375e+02;7.5465799207844782e+02;7.5465820312500000e+02;7.5465649414062500e+02;7.5465799207845293e+02;7.5466015625000000e+02
2;371000000;1.8465194458071737e+03;1.8465120849609375e+03;1.8465194458071880e+03;1.8465196533203125e+03;1.8465167236328125e+03;1.8465194458071840e+03;1.8465196533203125e+03
3;371000000;-1.5447542725806932e+02;-1.5447235107421875e+02;-1.5447542725806707e+02;-1.5447535705566406e+02;-1.5447073364257812e+02;-1.5447542725806693e+02;-1.5447351074218750e+02
4;371000000;2.7369334449252193e+02;2.7368756103515625e+02;2.7369334449251522e+02;2.7369338989257812e+02;2.7368957519531250e+02;2.7369334449252506e+02;2.7369384765625000e+02
5;371000000;1.2187350497417549e+03;1.2187335205078125e+03;1.2187350497417613e+03;1.2187351074218750e+03;1.2187331542968750e+03;1.2187350497417697e+03;1.2187368164062500e+03
6;371000000;1.5083901456646774e+03;1.5083955078125000e+03;1.5083901456646736e+03;1.5083902587890625e+03;1.5083930664062500e+03;1.5083901456646661e+03;1.5083920898437500e+03
7;371000000;1.9046051888140519e+03;1.9046062011718750e+03;1.9046051888140423e+03;1.9046052246093750e+03;1.9046044921875000e+03;1.9046051888140496e+03;1.9046066894531250e+03
8;371000000;-2.7402553656165048e+02;-2.7403082275390625e+02;-2.7402553656164616e+02;-2.7402539062500000e+02;-2.7402575683593750e+02;-2.7402553656163764e+02;-2.7402343750000000e+02
9;371000000;4.8255965646076868e+02;4.8256594848632812e+02;4.8255965646078266e+02;4.8255978393554688e+02;4.8256243896484375e+02;4.8255965646077948e+02;4.8255810546875000e+02
0;373000000;7.4778182465106352e+02;7.4778161621093750e+02;7.4778182465107147e+02;7.4778204345703125e+02;7.4777923583984375e+02;7.4778182465107693e+02;7.4778320312500000e+02
1;373000000;1.0966475393196824e+03;1.0966492919921875e+03;1.0966475393196754e+03;1.0966477050781250e+03;1.0966416015625000e+03;1.0966475393196824e+03;1.0966494140625000e+03
2;373000000;1.2747188390900301e+03;1.2747237548828125e+03;1.2747188390900424e+03;1.2747189941406250e+03;1.2747161865234375e+03;1.2747188390900410e+03;1.2747194824218750e+03
3;373000000;4.2554457443628422e+02;4.2554272460937500e+02;4.2554457443628388e+02;4.2554464721679688e+02;4.2554293823242188e+02;4.2554457443627575e+02;4.2554870605468750e+02
4;373000000;7.0896232960427241e+01;7.0896194458007812e+01;7.0896232960427739e+01;7.0896293640136719e+01;7.0902084350585938e+01;7.0896232960432599e+01;7.0897827148437500e+01
5;373000000;5.8310665175343581e+02;5.8310681152343750e+02;5.8310665175344718e+02;5.8310675048828125e+02;5.8310314941406250e+02;5.8310665175345548e+02;5.8310791015625000e+02
6;373000000;1.2857237645749324e+03;1.2857242431640625e+03;1.2857237645749406e+03;1.2857238769531250e+03;1.2857225341796875e+03;1.2857237645749426e+03;1.2857254638671875e+03
7;373000000;1.3984315314342703e+03;1.3984306640625000e+03;1.3984315314342698e+03;1.3984316406250000e+03;1.3984334716796875e+03;1.3984315314342782e+03;1.3984328613281250e+03
8;373000000;-1.7024479729713340e+02;-1.7024723815917969e+02;-1.7024479729713312e+02;-1.7024468994140625e+02;-1.7024493408203125e+02;-1.7024479729712675e+02;-1.7024511718750000e+02
9;373000000;5.5480814287877685e+01;5.5482345581054688e+01;5.5480814287878964e+01;5.5480926513671875e+01;5.5483154296875000e+01;5.5480814287875546e+01;5.5480224609375000e+01
0;375000000;4.8997041338807662e+02;4.8996469116210938e+02;4.8997041338807026e+02;4.8997064208984375e+02;4.8996743774414062e+02;4.8997041338808503e+02;4.8997070312500000e+02
1;375000000;7.9872833667747227e+02;7.9872888183593750e+02;7.9872833667747113e+02;7.9872851562500000e+02;7.9872674560546875e+02;7.9872833667746545e+02;7.9873083496093750e+02
2;375000000;7.5633056871858935e+02;7.5633514404296875e+02;7.5633056871858696e+02;7.5633074951171875e+02;7.5633520507812500e+02;7.5633056871858480e+02;7.5633154296875000e+02
3;375000000;5.2528674420200593e+02;5.2528332519531250e+02;5.2528674420200468e+02;5.2528686523437500e+02;5.2528411865234375e+02;5.2528674420200014e+02;5.2528955078125000e+02
4;375000000;4.7382443605696852e+02;4.7382360839843750e+02;4.7382443605697119e+02;4.7382449340820312e+02;4.7382662963867188e+02;4.7382443605697472e+02;4.7382543945312500e+02
5;375000000;-4.1404809208527809e+02;-4.1404925537109375e+02;-4.1404809208528457e+02;-4.1404800415039062e+02;-4.1405480957031250e+02;-4.1404809208527718e+02;-4.1404589843750000e+02
6;375000000;1.1173440479576566e+03;1.1173383789062500e+03;1.1173440479576543e+03;1.1173441162109375e+03;1.1173436279296875e+03;1.1173440479576620e+03;1.1173463134765625e+03
7;375000000;1.0358479217239380e+03;1.0358444824218750e+03;1.0358479217239408e+03;1.0358480224609375e+03;1.0358465576171875e+03;1.0358479217239424e+03;1.0358487548828125e+03
8;375000000;-1.8632740515780668e+02;-1.8633111572265625e+02;-1.8632740515780486e+02;-1.8632731628417969e+02;-1.8633001708984375e+02;-1.8632740515779824e+02;-1.8632739257812500e+02
9;375000000;-2.6333344656064483e+01;-2.6334609985351562e+01;-2.6333344656069244e+01;-2.6333219528198242e+01;-2.6335723876953125e+01;-2.6333344656067538e+01;-2.6334838867187500e+01
0;377000000;-1.7741271828650474e+02;-1.7741578674316406e+02;-1.7741271828650997e+02;-1.7741247558593750e+02;-1.7741786193847656e+02;-1.7741271828650247e+02;-1.7741186523437500e+02
1;377000000;5.8313527532936519e+02;5.8313555908203125e+02;5.8313527532936814e+02;5.8313549804687500e+02;5.8313342285156250e+02;5.8313527532937405e+02;5.8313647460937500e+02
2;377000000;9.7898393209785695e+02;9.7898480224609375e+02;9.7898393209786116e+02;9.7898413085937500e+02;9.7898333740234375e+02;9.7898393209785695e+02;9.7898535156250000e+02
3;377000000;2.2957159326804486e+01;2.2959575653076172e+01;2.2957159326791398e+01;2.2957269668579102e+01;2.2962265014648438e+01;2.2957159326805140e+01;2.2959472656250000e+01
4;377000000;6.1590644029328837e+02;6.1591119384765625e+02;6.1590644029328803e+02;6.1590649414062500e+02;6.1591247558593750e+02;6.1590644029329565e+02;6.1590722656250000e+02
5;377000000;-1.5241549692977125e+02;-1.5241267395019531e+02;-1.5241549692977125e+02;-1.5241539001464844e+02;-1.5241069030761719e+02;-1.5241549692976287e+02;-1.5241455078125000e+02
6;377000000;1.3360708250890013e+02;1.3361047363281250e+02;1.3360708250891312e+02;1.3360717773437500e+02;1.3361123657226562e+02;1.3360708250890730e+02;1.3360961914062500e+02
7;377000000;6.4928480241176658e+02;6.4928369140625000e+02;6.4928480241177010e+02;6.4928491210937500e+02;6.4928186035156250e+02;6.4928480241176248e+02;6.4928637695312500e+02
8;377000000;-8.9189398646728614e+02;-8.9188623046875000e+02;-8.9189398646729364e+02;-8.9189392089843750e+02;-8.9188854980468750e+02;-8.9189398646729182e+02;-8.9189501953125000e+02
9;377000000;6.8795411343748583e+01;6.8796638488769531e+01;6.8795411343755248e+01;6.8795494079589844e+01;6.8796936035156250e+01;6.8795411343764044e+01;6.8794189453125000e+01
0;379000000;-6.9301207661754097e+02;-6.9301300048828125e+02;-6.9301207661753983e+02;-6.9301184082031250e+02;-6.9300976562500000e+02;-6.9301207661753233e+02;-6.9301098632812500e+02
1;379000000;4.4914775501859685e+02;4.4914562988281250e+02;4.4914775501859401e+02;4.4914797973632812e+02;4.4914477539062500e+02;4.4914775501860140e+02;4.4914916992187500e+02
2;379000000;7.5627240727290723e+02;7.5627124023437500e+02;7.5627240727290848e+02;7.5627258300781250e+02;7.5626843261718750e+02;7.5627240727290382e+02;7.5627514648437500e+02
3;379000000;-1.8683948730655453e+02;-1.8683628845214844e+02;-1.8683948730656374e+02;-1.8683937072753906e+02;-1.8683949279785156e+02;-1.8683948730656357e+02;-1.8683593750000000e+02
4;379000000;9.7229816750455109e+02;9.7230206298828125e+02;9.7229816750455336e+02;9.7229827880859375e+02;9.7230419921875000e+02;9.7229816750456348e+02;9.7229833984375000e+02
5;379000000;-2.4209468215704248e+02;-2.4209046936035156e+02;-2.4209468215705283e+02;-2.4209458923339844e+02;-2.4209400939941406e+02;-2.4209468215704305e+02;-2.4209423828125000e+02
6;379000000;-5.2622716392410916e+02;-5.2621813964843750e+02;-5.2622716392411405e+02;-5.2622705078125000e+02;-5.2621875000000000e+02;-5.2622716392411439e+02;-5.2622717285156250e+02
7;379000000;6.2955613707116197e+02;6.2955126953125000e+02;6.2955613707115958e+02;6.2955621337890625e+02;6.2954864501953125e+02;6.2955613707116208e+02;6.2955761718750000e+02
8;379000000;-9.1374636007667618e+02;-9.1374548339843750e+02;-9.1374636007667073e+02;-9.1374627685546875e+02;-9.1374224853515625e+02;-9.1374636007667050e+02;-9.1374603271484375e+02
9;379000000;-1.5177400588734434e+02;-1.5177175903320312e+02;-1.5177400588734406e+02;-1.5177392578125000e+02;-1.5177029418945312e+02;-1.5177400588733826e+02;-1.5177502441406250e+02
0;381000000;-1.0124475115658981e+03;-1.0124438476562500e+03;-1.0124475115659036e+03;-1.0124472656250000e+03;-1.0124399414062500e+03;-1.0124475115659027e+03;-1.0124459228515625e+03
1;381000000;-2.8809642346820419e+02;-2.8810247802734375e+02;-2.8809642346820050e+02;-2.8809619140625000e+02;-2.8810485839843750e+02;-2.8809642346819805e+02;-2.8809167480468750e+02
2;381000000;3.4269293905550757e+02;3.4269161987304688e+02;3.4269293905551348e+02;3.4269314575195312e+02;3.4269281005859375e+02;3.4269293905551058e+02;3.4269445800781250e+02
3;381000000;-2.7466922163492768e+01;-2.7464302062988281e+01;-2.7466922163483503e+01;-2.7466802597045898e+01;-2.7472869873046875e+01;-2.7466922163486515e+01;-2.7464111328125000e+01
4;381000000;2.5685874019301747e+02;2.5685717773437500e+02;2.5685874019301855e+02;2.5685885620117188e+02;2.5685745239257812e+02;2.5685874019302173e+02;2.5686157226562500e+02
5;381000000;3.9622464050314989e+01;3.9622169494628906e+01;3.9622464050322307e+01;3.9622573852539062e+01;3.9617660522460938e+01;3.9622464050309645e+01;3.9624023437500000e+01
6;381000000;-3.8200675880202533e+02;-3.8200256347656250e+02;-3.8200675880202783e+02;-3.8200665283203125e+02;-3.8200112915039062e+02;-3.8200675880204017e+02;-3.8200683593750000e+02
7;381000000;-6.9678531659546093e+02;-6.9678826904296875e+02;-6.9678531659546456e+02;-6.9678521728515625e+02;-6.9678808593750000e+02;-6.9678531659546479e+02;-6.9678369140625000e+02
8;381000000;-1.1667084528037624e+03;-1.1667102050781250e+03;-1.1667084528037601e+03;-1.1667082519531250e+03;-1.1667081298828125e+03;-1.1667084528037472e+03;-1.1667087402343750e+03
9;381000000;-7.2134029413992039e+02;-7.2134155273437500e+02;-7.2134029413992255e+02;-7.2134020996093750e+02;-7.2134796142578125e+02;-7.2134029413992357e+02;-7.2134252929687500e+02
0;383000000;-7.0768826797271379e+02;-7.0768511962890625e+02;-7.0768826797271254e+02;-7.0768804931640625e+02;-7.0768383789062500e+02;-7.0768826797271026e+02;-7.0768676757812500e+02
1;383000000;-6.8255532940604553e+02;-6.8255999755859375e+02;-6.8255532940605326e+02;-6.8255511474609375e+02;-6.8256286621093750e+02;-6.8255532940604894e+02;-6.8255249023437500e+02
2;383000000;4.1448653000112478e+02;4.1448577880859375e+02;4.1448653000112949e+02;4.1448672485351562e+02;4.1448486328125000e+02;4.1448653000113291e+02;4.1448828125000000e+02
3;383000000;-4.7029405108342189e+02;-4.7030249023437500e+02;-4.7029405108342405e+02;-4.7029394531250000e+02;-4.7029251098632812e+02;-4.7029405108343053e+02;-4.7029052734375000e+02
4;383000000;3.1912555729712579e+02;3.1912368774414062e+02;3.1912555729712477e+02;3.1912567138671875e+02;3.1912176513671875e+02;3.1912555729712267e+02;3.1912939453125000e+02
5;383000000;4.1145558638396551e+02;4.1145520019531250e+02;4.1145558638397512e+02;4.1145571899414062e+02;4.1145056152343750e+02;4.1145558638396960e+02;4.1145800781250000e+02
6;383000000;-2.2002326815959304e+02;-2.2001956176757812e+02;-2.2002326815959825e+02;-2.2002317810058594e+02;-2.2001730346679688e+02;-2.2002326815959987e+02;-2.2002270507812500e+02
7;383000000;-8.6145296258651092e+02;-8.6145812988281250e+02;-8.6145296258651763e+02;-8.6145288085937500e+02;-8.6146118164062500e+02;-8.6145296258651751e+02;-8.6144995117187500e+02
8;383000000;-1.3158137215113691e+03;-1.3158129882812500e+03;-1.3158137215113611e+03;-1.3158135986328125e+03;-1.3158107910156250e+03;-1.3158137215113561e+03;-1.3158134765625000e+03
9;383000000;-9.0778862814713227e+02;-9.0778997802734375e+02;-9.0778862814712693e+02;-9.0778851318359375e+02;-9.0779046630859375e+02;-9.0778862814712829e+02;-9.0779077148437500e+02
0;385000000;-8.7819501606084305e+02;-8.7818981933593750e+02;-8.7819501606084930e+02;-8.7819476318359375e+02;-8.7819104003906250e+02;-8.7819501606085578e+02;-8.7819238281250000e+02
1;385000000;-9.4776558644796660e+02;-9.4776855468750000e+02;-9.4776558644797080e+02;-9.4776538085937500e+02;-9.4776843261718750e+02;-9.4776558644795477e+02;-9.4776452636718750e+02
2;385000000;-1.7749087348853095e+02;-1.7749055480957031e+02;-1.7749087348852737e+02;-1.7749067687988281e+02;-1.7749540710449219e+02;-1.7749087348852117e+02;-1.7748901367187500e+02
3;385000000;-5.8761827975653819e+02;-5.8762011718750000e+02;-5.8761827975654012e+02;-5.8761816406250000e+02;-5.8761413574218750e+02;-5.8761827975654023e+02;-5.8761547851562500e+02
4;385000000;3.2648824319694370e+02;3.2649401855468750e+02;3.2648824319694353e+02;3.2648837280273438e+02;3.2648907470703125e+02;3.2648824319694495e+02;3.2648889160156250e+02
5;385000000;-4.4350419731010732e+02;-4.4350042724609375e+02;-4.4350419731010982e+02;-4.4350405883789062e+02;-4.4350271606445312e+02;-4.4350419731011630e+02;-4.4350146484375000e+02
6;385000000;-3.2225058352028975e+02;-3.2224786376953125e+02;-3.2225058352028594e+02;-3.2225048828125000e+02;-3.2224926757812500e+02;-3.2225058352030237e+02;-3.2225195312500000e+02
7;385000000;-8.8818603130830013e+02;-8.8818774414062500e+02;-8.8818603130829251e+02;-8.8818591308593750e+02;-8.8819354248046875e+02;-8.8818603130830843e+02;-8.8818432617187500e+02
8;385000000;-2.9716853343498042e+03;-2.9716840820312500e+03;-2.9716853343497978e+03;-2.9716853027343750e+03;-2.9716826171875000e+03;-2.9716853343497951e+03;-2.9716843261718750e+03
9;385000000;-1.2117563034560931e+03;-1.2117602539062500e+03;-1.2117563034560956e+03;-1.2117562255859375e+03;-1.2117592773437500e+03;-1.2117563034560965e+03;-1.2117583007812500e+03
0;387000000;-4.6953704863613302e+02;-4.6953417968750000e+02;-4.6953704863613058e+02;-4.6953683471679688e+02;-4.6953533935546875e+02;-4.6953704863614530e+02;-4.6953393554687500e+02
1;387000000;-7.0815203774451834e+02;-7.0815197753906250e+02;-7.0815203774452084e+02;-7.0815185546875000e+02;-7.0815643310546875e+02;-7.0815203774451516e+02;-7.0814929199218750e+02
2;387000000;-8.2923095984362885e+02;-8.2923455810546875e+02;-8.2923095984362578e+02;-8.2923077392578125e+02;-8.2923193359375000e+02;-8.2923095984361407e+02;-8.2922851562500000e+02
3;387000000;-1.0901890821128022e+03;-1.0901903076171875e+03;-1.0901890821127977e+03;-1.0901889648437500e+03;-1.0901853027343750e+03;-1.0901890821127995e+03;-1.0901875000000000e+03
4;387000000;1.0805316846625902e+02;1.0805677032470703e+02;1.0805316846625627e+02;1.0805328369140625e+02;1.0805558013916016e+02;1.0805316846625169e+02;1.0805529785156250e+02
5;387000000;-2.6374263415869979e+02;-2.6374209594726562e+02;-2.6374263415869962e+02;-2.6374249267578125e+02;-2.6374288940429688e+02;-2.6374263415870564e+02;-2.6374072265625000e+02
6;387000000;-5.6847502429489289e+01;-5.6848068237304688e+01;-5.6847502429487093e+01;-5.6847381591796875e+01;-5.6848075866699219e+01;-5.6847502429498036e+01;-5.6847656250000000e+01
7;387000000;-6.9523586356290525e+02;-6.9524267578125000e+02;-6.9523586356291253e+02;-6.9523577880859375e+02;-6.9524310302734375e+02;-6.9523586356293026e+02;-6.9523388671875000e+02
8;387000000;-2.9241598432371106e+03;-2.9241472167968750e+03;-2.9241598432371156e+03;-2.9241596679687500e+03;-2.9241555175781250e+03;-2.9241598432371102e+03;-2.9241584472656250e+03
9;387000000;-1.6792556228776741e+03;-1.6792591552734375e+03;-1.6792556228776727e+03;-1.6792554931640625e+03;-1.6792661132812500e+03;-1.6792556228776789e+03;-1.6792575683593750e+03
0;389000000;-4.1595293822379512e+02;-4.1595343017578125e+02;-4.1595293822378790e+02;-4.1595272827148438e+02;-4.1595568847656250e+02;-4.1595293822378881e+02;-4.1595104980468750e+02
1;389000000;-1.0700704474546303e+03;-1.0700623779296875e+03;-1.0700704474546349e+03;-1.0700701904296875e+03;-1.0700605468750000e+03;-1.0700704474546319e+03;-1.0700667724609375e+03
2;389000000;-9.0980541422917429e+02;-9.0981396484375000e+02;-9.0980541422917906e+02;-9.0980523681640625e+02;-9.0981585693359375e+02;-9.0980541422918259e+02;-9.0980297851562500e+02
3;389000000;-1.3677925682549865e+03;-1.3677966308593750e+03;-1.3677925682549912e+03;-1.3677924804687500e+03;-1.3677955322265625e+03;-1.3677925682549967e+03;-1.3677894287109375e+03
4;389000000;-1.5119543246173748e+01;-1.5125473022460938e+01;-1.5119543246173237e+01;-1.5119417190551758e+01;-1.5117774963378906e+01;-1.5119543246182729e+01;-1.5117553710937500e+01
5;389000000;-3.8968139390285660e+02;-3.8967700195312500e+02;-3.8968139390286393e+02;-3.8968124389648438e+02;-3.8968115234375000e+02;-3.8968139390285751e+02;-3.8968017578125000e+02
6;389000000;-8.5899317574313545e+02;-8.5899163818359375e+02;-8.5899317574313920e+02;-8.5899304199218750e+02;-8.5899792480468750e+02;-8.5899317574313591e+02;-8.5899291992187500e+02
7;389000000;-6.0269577820472227e+02;-6.0269915771484375e+02;-6.0269577820471795e+02;-6.0269567871093750e+02;-6.0270178222656250e+02;-6.0269577820473523e+02;-6.0269287109375000e+02
8;389000000;-2.4588048240320559e+03;-2.4588132324218750e+03;-2.4588048240320513e+03;-2.4588046875000000e+03;-2.4588076171875000e+03;-2.4588048240320495e+03;-2.4588046875000000e+03
9;389000000;-2.7136053936557150e+03;-2.7136176757812500e+03;-2.7136053936557137e+03;-2.7136052246093750e+03;-2.7136137695312500e+03;-2.7136053936557073e+03;-2.7136074218750000e+03
0;391000000;-3.4231311163392022e+01;-3.4231300354003906e+01;-3.4231311163396619e+01;-3.4231094360351562e+01;-3.4228874206542969e+01;-3.4231311163404371e+01;-3.4230468750000000e+01
1;391000000;-7.6701967253809300e+02;-7.6700634765625000e+02;-7.6701967253809858e+02;-7.6701947021484375e+02;-7.6701007080078125e+02;-7.6701967253810699e+02;-7.6701623535156250e+02
2;391000000;-6.4520785714968588e+02;-6.4521569824218750e+02;-6.4520785714968770e+02;-6.4520764160156250e+02;-6.4521594238281250e+02;-6.4520785714970089e+02;-6.4520495605468750e+02
3;391000000;-1.9879053298276067e+03;-1.9879099121093750e+03;-1.9879053298276010e+03;-1.9879051513671875e+03;-1.9879067382812500e+03;-1.9879053298275958e+03;-1.9879017333984375e+03
4;391000000;-5.7705957507940752e+02;-5.7706018066406250e+02;-5.7705957507940934e+02;-5.7705944824218750e+02;-5.7706390380859375e+02;-5.7705957507942048e+02;-5.7705688476562500e+02
5;391000000;-4.7685076498252153e+02;-4.7685156250000000e+02;-4.7685076498252124e+02;-4.7685061645507812e+02;-4.7684982299804688e+02;-4.7685076498252374e+02;-4.7685107421875000e+02
6;391000000;-4.2107291496358209e+02;-4.2107589721679688e+02;-4.2107291496358891e+02;-4.2107278442382812e+02;-4.2107162475585938e+02;-4.2107291496358630e+02;-4.2106994628906250e+02
7;391000000;-6.4125531420114271e+02;-6.4125915527343750e+02;-6.4125531420114419e+02;-6.4125518798828125e+02;-6.4126116943359375e+02;-6.4125531420114703e+02;-6.4125292968750000e+02
8;391000000;-2.7471447995965459e+03;-2.7471516113281250e+03;-2.7471447995965477e+03;-2.7471447753906250e+03;-2.7471562500000000e+03;-2.7471447995965436e+03;-2.7471440429687500e+03
9;391000000;-2.9999659190247726e+03;-2.9999707031250000e+03;-2.9999659190247535e+03;-2.9999658203125000e+03;-2.9999726562500000e+03;-2.9999659190247526e+03;-2.9999682617187500e+03
0;393000000;-1.2563126134580639e+03;-1.2563150634765625e+03;-1.2563126134580589e+03;-1.2563123779296875e+03;-1.2563148193359375e+03;-1.2563126134580596e+03;-1.2563093261718750e+03
1;393000000;-3.1642757681317477e+01;-3.1644729614257812e+01;-3.1642757681328703e+01;-3.1642570495605469e+01;-3.1646728515625000e+01;-3.1642757681333023e+01;-3.1638061523437500e+01
2;393000000;-1.0453040700809042e+03;-1.0453046875000000e+03;-1.0453040700809011e+03;-1.0453038330078125e+03;-1.0453037109375000e+03;-1.0453040700809090e+03;-1.0453012695312500e+03
3;393000000;-2.1700126241943062e+03;-2.1700083007812500e+03;-2.1700126241942994e+03;-2.1700124511718750e+03;-2.1700051269531250e+03;-2.1700126241942953e+03;-2.1700100097656250e+03
4;393000000;-1.1950153370576525e+03;-1.1950183105468750e+03;-1.1950153370576545e+03;-1.1950152587890625e+03;-1.1950214843750000e+03;-1.1950153370576531e+03;-1.1950135498046875e+03
5;393000000;-8.0970634479670730e+02;-8.0971276855468750e+02;-8.0970634479669911e+02;-8.0970617675781250e+02;-8.0970983886718750e+02;-8.0970634479671571e+02;-8.0970458984375000e+02
6;393000000;-5.9587832795588349e+02;-5.9588085937500000e+02;-5.9587832795588497e+02;-5.9587817382812500e+02;-5.9588159179687500e+02;-5.9587832795589111e+02;-5.9587731933593750e+02
7;393000000;-1.1685022739276010e+03;-1.1684973144531250e+03;-1.1685022739276055e+03;-1.1685020751953125e+03;-1.1685028076171875e+03;-1.1685022739276060e+03;-1.1685000000000000e+03
8;393000000;-2.3267395945667085e+03;-2.3267468261718750e+03;-2.3267395945667058e+03;-2.3267395019531250e+03;-2.3267426757812500e+03;-2.3267395945667122e+03;-2.3267392578125000e+03
9;393000000;-2.5698587312349705e+03;-2.5698610839843750e+03;-2.5698587312349800e+03;-2.5698586425781250e+03;-2.5698608398437500e+03;-2.5698587312349755e+03;-2.5698610839843750e+03
0;395000000;-1.0839391338521077e+03;-1.0839356689453125e+03;-1.0839391338521059e+03;-1.0839389648437500e+03;-1.0839373779296875e+03;-1.0839391338521223e+03;-1.0839360351562500e+03
1;395000000;-1.7612341389159693e+02;-1.7612409973144531e+02;-1.7612341389159420e+02;-1.7612321472167969e+02;-1.7612513732910156e+02;-1.7612341389160065e+02;-1.7611889648437500e+02
2;395000000;-5.8182742088013345e+02;-5.8182324218750000e+02;-5.8182742088013799e+02;-5.8182727050781250e+02;-5.8182244873046875e+02;-5.8182742088014334e+02;-5.8182543945312500e+02
3;395000000;-1.5467954602939469e+03;-1.5467927246093750e+03;-1.5467954602939587e+03;-1.5467952880859375e+03;-1.5467921142578125e+03;-1.5467954602939453e+03;-1.5467910156250000e+03
4;395000000;-1.7317163822936598e+03;-1.7317231445312500e+03;-1.7317163822936625e+03;-1.7317163085937500e+03;-1.7317232666015625e+03;-1.7317163822936398e+03;-1.7317144775390625e+03
5;395000000;-1.4523524853968147e+03;-1.4523560791015625e+03;-1.4523524853968236e+03;-1.4523522949218750e+03;-1.4523519287109375e+03;-1.4523524853968190e+03;-1.4523496093750000e+03
6;395000000;-8.7661296432023141e+02;-8.7661987304687500e+02;-8.7661296432023209e+02;-8.7661279296875000e+02;-8.7661779785156250e+02;-8.7661296432024028e+02;-8.7661218261718750e+02
7;395000000;-1.1037542397629882e+03;-1.1037523193359375e+03;-1.1037542397629891e+03;-1.1037540283203125e+03;-1.1037551269531250e+03;-1.1037542397629900e+03;-1.1037523193359375e+03
8;395000000;-2.4973016807622093e+03;-2.4972949218750000e+03;-2.4973016807622080e+03;-2.4973015136718750e+03;-2.4972976074218750e+03;-2.4973016807622112e+03;-2.4973027343750000e+03
9;395000000;-2.6062917024542121e+03;-2.6062961425781250e+03;-2.6062917024542121e+03;-2.6062915039062500e+03;-2.6062978515625000e+03;-2.6062917024542048e+03;-2.6062939453125000e+03
0;397000000;-4.2552476428412490e+02;-4.2552349853515625e+02;-4.2552476428409972e+02;-4.2552459716796875e+02;-4.2551831054687500e+02;-4.2552476428410864e+02;-4.2552392578125000e+02
1;397000000;-1.4602868356246088e+03;-1.4602814941406250e+03;-1.4602868356246138e+03;-1.4602866210937500e+03;-1.4602780761718750e+03;-1.4602868356245999e+03;-1.4602819824218750e+03
2;397000000;3.0173786483554545e+02;3.0173843383789062e+02;3.0173786483555159e+02;3.0173803710937500e+02;3.0173876953125000e+02;3.0173786483554636e+02;3.0174230957031250e+02
3;397000000;-2.0379687682705628e+03;-2.0379650878906250e+03;-2.0379687682705730e+03;-2.0379686279296875e+03;-2.0379647216796875e+03;-2.0379687682705571e+03;-2.0379656982421875e+03
4;397000000;-1.7337197671645233e+03;-1.7337270507812500e+03;-1.7337197671645267e+03;-1.7337196044921875e+03;-1.7337285156250000e+03;-1.7337197671645076e+03;-1.7337177734375000e+03
5;397000000;-1.7527868141800534e+03;-1.7527965087890625e+03;-1.7527868141800693e+03;-1.7527866210937500e+03;-1.7527950439453125e+03;-1.7527868141800557e+03;-1.7527841796875000e+03
6;397000000;-8.7059667147595280e+02;-8.7059283447265625e+02;-8.7059667147594826e+02;-8.7059649658203125e+02;-8.7059576416015625e+02;-8.7059667147595655e+02;-8.7059533691406250e+02
7;397000000;-8.8972428142864408e+02;-8.8973065185546875e+02;-8.8972428142863646e+02;-8.8972412109375000e+02;-8.8972949218750000e+02;-8.8972428142863691e+02;-8.8972412109375000e+02
8;397000000;-3.1627010756098148e+03;-3.1627026367187500e+03;-3.1627010756098134e+03;-3.1627009277343750e+03;-3.1626987304687500e+03;-3.1627010756097998e+03;-3.1626984863281250e+03
9;397000000;-2.1045492805998142e+03;-2.1045480957031250e+03;-2.1045492805998133e+03;-2.1045490722656250e+03;-2.1045488281250000e+03;-2.1045492805998133e+03;-2.1045500488281250e+03
0;399000000;-6.6907041635209646e+02;-6.6907025146484375e+02;-6.6907041635209998e+02;-6.6907025146484375e+02;-6.6906481933593750e+02;-6.6907041635210317e+02;-6.6906982421875000e+02
1;399000000;-1.3449380149430153e+03;-1.3449390869140625e+03;-1.3449380149430156e+03;-1.3449378662109375e+03;-1.3449378662109375e+03;-1.3449380149430233e+03;-1.3449350585937500e+03
2;399000000;-3.5599336111557494e+02;-3.5599829101562500e+02;-3.5599336111557568e+02;-3.5599316406250000e+02;-3.5600396728515625e+02;-3.5599336111556840e+02;-3.5599084472656250e+02
3;399000000;-1.6569984698115077e+03;-1.6569965820312500e+03;-1.6569984698115079e+03;-1.6569984130859375e+03;-1.6569929199218750e+03;-1.6569984698115024e+03;-1.6569927978515625e+03
4;399000000;-1.3257989967788180e+03;-1.3258022460937500e+03;-1.3257989967788039e+03;-1.3257989501953125e+03;-1.3258020019531250e+03;-1.3257989967788037e+03;-1.3257956542968750e+03
5;399000000;-2.2425592083312140e+03;-2.2425629882812500e+03;-2.2425592083312176e+03;-2.2425590820312500e+03;-2.2425617675781250e+03;-2.2425592083312135e+03;-2.2425556640625000e+03
6;399000000;-1.9003388905467309e+03;-1.9003389892578125e+03;-1.9003388905467489e+03;-1.9003387451171875e+03;-1.9003391113281250e+03;-1.9003388905467459e+03;-1.9003380126953125e+03
7;399000000;-1.2659806670823946e+03;-1.2659809570312500e+03;-1.2659806670823975e+03;-1.2659804687500000e+03;-1.2659790039062500e+03;-1.2659806670823950e+03;-1.2659782714843750e+03
8;399000000;-2.8157415853090342e+03;-2.8157392578125000e+03;-2.8157415853090365e+03;-2.8157414550781250e+03;-2.8157380371093750e+03;-2.8157415853090251e+03;-2.8157407226562500e+03
9;399000000;-2.5526042598731683e+03;-2.5526088867187500e+03;-2.5526042598731615e+03;-2.5526040039062500e+03;-2.5526098632812500e+03;-2.5526042598731729e+03;-2.5526052246093750e+03
0;401000000;-5.5597336734768044e+02;-5.5596429443359375e+02;-5.5597336734767885e+02;-5.5597320556640625e+02;-5.5597143554687500e+02;-5.5597336734766941e+02;-5.5597265625000000e+02
1;401000000;-7.0150177138085201e+02;-7.0149780273437500e+02;-7.0150177138085780e+02;-7.0150158691406250e+02;-7.0149401855468750e+02;-7.0150177138085905e+02;-7.0149755859375000e+02
2;401000000;-1.6172554946845685e+03;-1.6172639160156250e+03;-1.6172554946845655e+03;-1.6172553710937500e+03;-1.6172601318359375e+03;-1.6172554946845544e+03;-1.6172521972656250e+03
3;401000000;-9.9736691502445183e+02;-9.9737048339843750e+02;-9.9736691502445285e+02;-9.9736682128906250e+02;-9.9736541748046875e+02;-9.9736691502445410e+02;-9.9735998535156250e+02
4;401000000;-1.5630304913149669e+03;-1.5630319824218750e+03;-1.5630304913149828e+03;-1.5630303955078125e+03;-1.5630329589843750e+03;-1.5630304913149585e+03;-1.5630262451171875e+03
5;401000000;-1.8899870724850200e+03;-1.8899769287109375e+03;-1.8899870724850268e+03;-1.8899869384765625e+03;-1.8899833984375000e+03;-1.8899870724850341e+03;-1.8899838867187500e+03
6;401000000;-2.3851443408867617e+03;-2.3851499023437500e+03;-2.3851443408867672e+03;-2.3851442871093750e+03;-2.3851425781250000e+03;-2.3851443408867681e+03;-2.3851437988281250e+03
7;401000000;-1.6274323033526284e+03;-1.6274372558593750e+03;-1.6274323033526282e+03;-1.6274321289062500e+03;-1.6274366455078125e+03;-1.6274323033526425e+03;-1.6274294433593750e+03
8;401000000;-2.9217610538239041e+03;-2.9217563476562500e+03;-2.9217610538238964e+03;-2.9217609863281250e+03;-2.9217548828125000e+03;-2.9217610538238987e+03;-2.9217597656250000e+03
9;401000000;-3.1189822750780836e+03;-3.1189931640625000e+03;-3.1189822750780968e+03;-3.1189821777343750e+03;-3.1189912109375000e+03;-3.1189822750780932e+03;-3.1189838867187500e+03
0;403000000;3.2485848132727602e+02;3.2486090087890625e+02;3.2485848132728529e+02;3.2485861206054688e+02;3.2486047363281250e+02;3.2485848132728051e+02;3.2485986328125000e+02
1;403000000;-6.9723117434989661e+02;-6.9722845458984375e+02;-6.9723117434989672e+02;-6.9723101806640625e+02;-6.9722595214843750e+02;-6.9723117434989877e+02;-6.9722717285156250e+02
2;403000000;-1.3978398492340352e+03;-1.3978419189453125e+03;-1.3978398492340334e+03;-1.3978397216796875e+03;-1.3978466796875000e+03;-1.3978398492340339e+03;-1.3978355712890625e+03
3;403000000;-1.4559384514684461e+03;-1.4559338378906250e+03;-1.4559384514684434e+03;-1.4559383544921875e+03;-1.4559284667968750e+03;-1.4559384514684493e+03;-1.4559338378906250e+03
4;403000000;-1.0499506697969105e+03;-1.0499543457031250e+03;-1.0499506697969127e+03;-1.0499505615234375e+03;-1.0499542236328125e+03;-1.0499506697969073e+03;-1.0499460449218750e+03
5;403000000;-1.9315435282257320e+03;-1.9315406494140625e+03;-1.9315435282257381e+03;-1.9315433349609375e+03;-1.9315389404296875e+03;-1.9315435282257104e+03;-1.9315400390625000e+03
6;403000000;-2.7886287278776913e+03;-2.7886306152343750e+03;-2.7886287278776858e+03;-2.7886286621093750e+03;-2.7886328125000000e+03;-2.7886287278776927e+03;-2.7886254882812500e+03
7;403000000;-2.4421091216624327e+03;-2.4421157226562500e+03;-2.4421091216624459e+03;-2.4421088867187500e+03;-2.4421157226562500e+03;-2.4421091216624523e+03;-2.4421062011718750e+03
8;403000000;-3.2610251204166061e+03;-3.2610197753906250e+03;-3.2610251204166011e+03;-3.2610249023437500e+03;-3.2610197753906250e+03;-3.2610251204166070e+03;-3.2610236816406250e+03
9;403000000;-2.8049235187326221e+03;-2.8049260253906250e+03;-2.8049235187326194e+03;-2.8049233398437500e+03;-2.8049243164062500e+03;-2.8049235187326235e+03;-2.8049243164062500e+03
0;405000000;6.1421906847593391e+02;6.1421405029296875e+02;6.1421906847594687e+02;6.1421923828125000e+02;6.1421490478515625e+02;6.1421906847592254e+02;6.1422021484375000e+02
1;405000000;-3.9167000780793228e+02;-3.9166772460937500e+02;-3.9167000780793711e+02;-3.9166986083984375e+02;-3.9166204833984375e+02;-3.9167000780794342e+02;-3.9166723632812500e+02
2;405000000;-5.8219390319633590e+02;-5.8219323730468750e+02;-5.8219390319634294e+02;-5.8219378662109375e+02;-5.8219885253906250e+02;-5.8219390319633158e+02;-5.8218981933593750e+02
3;405000000;-2.8769528651408095e+03;-2.8769460449218750e+03;-2.8769528651408082e+03;-2.8769528808593750e+03;-2.8769492187500000e+03;-2.8769528651408118e+03;-2.8769477539062500e+03
4;405000000;-6.5398300189685017e+02;-6.5398614501953125e+02;-6.5398300189685278e+02;-6.5398291015625000e+02;-6.5398675537109375e+02;-6.5398300189685438e+02;-6.5397839355468750e+02
5;405000000;-2.0820867751768328e+03;-2.0820871582031250e+03;-2.0820867751768305e+03;-2.0820866699218750e+03;-2.0820908203125000e+03;-2.0820867751768155e+03;-2.0820825195312500e+03
6;405000000;-2.3333757431880649e+03;-2.3333725585937500e+03;-2.3333757431880590e+03;-2.3333757324218750e+03;-2.3333730468750000e+03;-2.3333757431880590e+03;-2.3333735351562500e+03
7;405000000;-2.9709949234443602e+03;-2.9709992675781250e+03;-2.9709949234443538e+03;-2.9709946289062500e+03;-2.9710046386718750e+03;-2.9709949234443557e+03;-2.9709919433593750e+03
8;405000000;-3.4992780253578353e+03;-3.4992785644531250e+03;-3.4992780253578258e+03;-3.4992778320312500e+03;-3.4992810058593750e+03;-3.4992780253578371e+03;-3.4992773437500000e+03
9;405000000;-3.1199938987024698e+03;-3.1199995117187500e+03;-3.1199938987024775e+03;-3.1199936523437500e+03;-3.1200000000000000e+03;-3.1199938987024834e+03;-3.1199965820312500e+03
0;407000000;3.6419025296542304e+02;3.6418734741210938e+02;3.6419025296542895e+02;3.6419042968750000e+02;3.6418661499023438e+02;3.6419025296543077e+02;3.6419091796875000e+02
1;407000000;1.9104561540168891e+02;1.9104496765136719e+02;1.9104561540168623e+02;1.9104573059082031e+02;1.9104939270019531e+02;1.9104561540168402e+02;1.9104785156250000e+02
2;407000000;-6.9137133917323285e+02;-6.9137292480468750e+02;-6.9137133917323672e+02;-6.9137121582031250e+02;-6.9137420654296875e+02;-6.9137133917324036e+02;-6.9136840820312500e+02
3;407000000;-2.3295812856742837e+03;-2.3295805664062500e+03;-2.3295812856742959e+03;-2.3295812988281250e+03;-2.3295747070312500e+03;-2.3295812856742832e+03;-2.3295766601562500e+03
4;407000000;-1.2357830031930253e+03;-1.2357890625000000e+03;-1.2357830031930180e+03;-1.2357828369140625e+03;-1.2357915039062500e+03;-1.2357830031930241e+03;-1.2357794189453125e+03
5;407000000;-1.7494839490729210e+03;-1.7494844970703125e+03;-1.7494839490729164e+03;-1.7494837646484375e+03;-1.7494818115234375e+03;-1.7494839490729096e+03;-1.7494799804687500e+03
6;407000000;-2.3925992662411495e+03;-2.3925974121093750e+03;-2.3925992662411363e+03;-2.3925991210937500e+03;-2.3926013183593750e+03;-2.3925992662411290e+03;-2.3925959472656250e+03
7;407000000;-3.1909404422251482e+03;-3.1909440917968750e+03;-3.1909404422251669e+03;-3.1909401855468750e+03;-3.1909375000000000e+03;-3.1909404422251400e+03;-3.1909365234375000e+03
8;407000000;-4.2335548401450169e+03;-4.2335537109375000e+03;-4.2335548401450114e+03;-4.2335546875000000e+03;-4.2335488281250000e+03;-4.2335548401450251e+03;-4.2335527343750000e+03
9;407000000;-3.3424624627704361e+03;-3.3424621582031250e+03;-3.3424624627704379e+03;-3.3424621582031250e+03;-3.3424702148437500e+03;-3.3424624627704552e+03;-3.3424631347656250e+03
0;409000000;1.0243405452656323e+03;1.0243417968750000e+03;1.0243405452656391e+03;1.0243406982421875e+03;1.0243435058593750e+03;1.0243405452656430e+03;1.0243437500000000e+03
1;409000000;4.5444947552546580e+02;4.5445315551757812e+02;4.5444947552547410e+02;4.5444961547851562e+02;4.5445190429687500e+02;4.5444947552546296e+02;4.5445275878906250e+02
2;409000000;-1.5108033231369043e+02;-1.5108187866210938e+02;-1.5108033231368967e+02;-1.5108021545410156e+02;-1.5107728576660156e+02;-1.5108033231369609e+02;-1.5107775878906250e+02
3;409000000;-1.6648842380591311e+03;-1.6648818359375000e+03;-1.6648842380591270e+03;-1.6648841552734375e+03;-1.6648862304687500e+03;-1.6648842380591204e+03;-1.6648807373046875e+03
4;409000000;-2.1721482092793372e+03;-2.1721479492187500e+03;-2.1721482092793321e+03;-2.1721481933593750e+03;-2.1721464843750000e+03;-2.1721482092793403e+03;-2.1721430664062500e+03
5;409000000;-1.1291787149279146e+03;-1.1291821289062500e+03;-1.1291787149279210e+03;-1.1291785888671875e+03;-1.1291793212890625e+03;-1.1291787149279128e+03;-1.1291733398437500e+03
6;409000000;-2.2985097600946806e+03;-2.2985085449218750e+03;-2.2985097600946688e+03;-2.2985095214843750e+03;-2.2985036621093750e+03;-2.2985097600946692e+03;-2.2985043945312500e+03
7;409000000;-2.8441703784269371e+03;-2.8441684570312500e+03;-2.8441703784269494e+03;-2.8441701660156250e+03;-2.8441674804687500e+03;-2.8441703784269321e+03;-2.8441662597656250e+03
8;409000000;-4.7692024632959756e+03;-4.7691884765625000e+03;-4.7692024632959747e+03;-4.7692021484375000e+03;-4.7691938476562500e+03;-4.7692024632959710e+03;-4.7692001953125000e+03
9;409000000;-3.2405097791135522e+03;-3.2405092773437500e+03;-3.2405097791135495e+03;-3.2405095214843750e+03;-3.2405073242187500e+03;-3.2405097791135768e+03;-3.2405097656250000e+03
0;411000000;1.8360520092820877e+03;1.8360528564453125e+03;1.8360520092820864e+03;1.8360521240234375e+03;1.8360606689453125e+03;1.8360520092820798e+03;1.8360554199218750e+03
1;411000000;2.9887766342921520e+02;2.9887606811523438e+02;2.9887766342921395e+02;2.9887780761718750e+02;2.9887576293945312e+02;2.9887766342921464e+02;2.9888024902343750e+02
2;411000000;2.9053567293965057e+02;2.9054058837890625e+02;2.9053567293966319e+02;2.9053576660156250e+02;2.9054010009765625e+02;2.9053567293965170e+02;2.9054003906250000e+02
3;411000000;-1.6430835373425775e+03;-1.6430800781250000e+03;-1.6430835373425782e+03;-1.6430834960937500e+03;-1.6430811767578125e+03;-1.6430835373425880e+03;-1.6430786132812500e+03
4;411000000;-1.4899086818473565e+03;-1.4899024658203125e+03;-1.4899086818473520e+03;-1.4899085693359375e+03;-1.4899027099609375e+03;-1.4899086818473531e+03;-1.4899042968750000e+03
5;411000000;-1.8891774214621166e+03;-1.8891774902343750e+03;-1.8891774214621173e+03;-1.8891772460937500e+03;-1.8891793212890625e+03;-1.8891774214621237e+03;-1.8891718750000000e+03
6;411000000;-2.1991090081839211e+03;-2.1991054687500000e+03;-2.1991090081839284e+03;-2.1991088867187500e+03;-2.1991054687500000e+03;-2.1991090081839357e+03;-2.1991054687500000e+03
7;411000000;-2.9446344310077084e+03;-2.9446335449218750e+03;-2.9446344310077088e+03;-2.9446342773437500e+03;-2.9446354980468750e+03;-2.9446344310077179e+03;-2.9446281738281250e+03
8;411000000;-5.1553037609441690e+03;-5.1552968750000000e+03;-5.1553037609441690e+03;-5.1553037109375000e+03;-5.1552988281250000e+03;-5.1553037609441471e+03;-5.1553007812500000e+03
9;411000000;-4.0330376650330136e+03;-4.0330395507812500e+03;-4.0330376650330054e+03;-4.0330373535156250e+03;-4.0330390625000000e+03;-4.0330376650330099e+03;-4.0330385742187500e+03
0;413000000;1.7965374363354979e+03;1.7965372314453125e+03;1.7965374363355063e+03;1.7965375976562500e+03;1.7965397949218750e+03;1.7965374363354963e+03;1.7965417480468750e+03
1;413000000;1.2816155058103805e+03;1.2816142578125000e+03;1.2816155058103757e+03;1.2816157226562500e+03;1.2816163330078125e+03;1.2816155058103905e+03;1.2816203613281250e+03
2;413000000;1.1287037835644205e+02;1.1287017822265625e+02;1.1287037835644124e+02;1.1287049865722656e+02;1.1287134552001953e+02;1.1287037835643514e+02;1.1287292480468750e+02
3;413000000;-1.0409309771869162e+03;-1.0409271240234375e+03;-1.0409309771869187e+03;-1.0409309082031250e+03;-1.0409255371093750e+03;-1.0409309771869298e+03;-1.0409282226562500e+03
4;413000000;-1.2414658982876319e+03;-1.2414570312500000e+03;-1.2414658982876076e+03;-1.2414658203125000e+03;-1.2414613037109375e+03;-1.2414658982876228e+03;-1.2414619140625000e+03
5;413000000;-2.6010186626676732e+03;-2.6010209960937500e+03;-2.6010186626676691e+03;-2.6010185546875000e+03;-2.6010180664062500e+03;-2.6010186626676723e+03;-2.6010146484375000e+03
6;413000000;-1.3695849650302612e+03;-1.3695898437500000e+03;-1.3695849650302641e+03;-1.3695848388671875e+03;-1.3695867919921875e+03;-1.3695849650302644e+03;-1.3695804443359375e+03
7;413000000;-2.8487941307916949e+03;-2.8487893066406250e+03;-2.8487941307916863e+03;-2.8487939453125000e+03;-2.8488017578125000e+03;-2.8487941307916967e+03;-2.8487893066406250e+03
8;413000000;-4.8296595313307025e+03;-4.8296430664062500e+03;-4.8296595313306971e+03;-4.8296591796875000e+03;-4.8296489257812500e+03;-4.8296595313306680e+03;-4.8296567382812500e+03
9;413000000;-4.5307639310268551e+03;-4.5307622070312500e+03;-4.5307639310268514e+03;-4.5307636718750000e+03;-4.5307700195312500e+03;-4.5307639310268596e+03;-4.5307636718750000e+03
0;415000000;1.2451942634096115e+03;1.2451909179687500e+03;1.2451942634096006e+03;1.2451944580078125e+03;1.2451954345703125e+03;1.2451942634096117e+03;1.2451973876953125e+03
1;415000000;1.7438090815074668e+03;1.7438098144531250e+03;1.7438090815074595e+03;1.7438092041015625e+03;1.7438098144531250e+03;1.7438090815074625e+03;1.7438120117187500e+03
2;415000000;5.3385546374929379e+02;5.3384692382812500e+02;5.3385546374930254e+02;5.3385559082031250e+02;5.3385174560546875e+02;5.3385546374929527e+02;5.3385754394531250e+02
3;415000000;-4.8803657598395671e+02;-4.8804254150390625e+02;-4.8803657598396336e+02;-4.8803656005859375e+02;-4.8803533935546875e+02;-4.8803657598396421e+02;-4.8803247070312500e+02
4;415000000;-1.1442094654734735e+03;-1.1442098388671875e+03;-1.1442094654734813e+03;-1.1442093505859375e+03;-1.1442075195312500e+03;-1.1442094654734899e+03;-1.1442049560546875e+03
5;415000000;-1.9351787825448962e+03;-1.9351763916015625e+03;-1.9351787825449028e+03;-1.9351787109375000e+03;-1.9351759033203125e+03;-1.9351787825449048e+03;-1.9351738281250000e+03
6;415000000;-2.3976696140211693e+03;-2.3976591796875000e+03;-2.3976696140211802e+03;-2.3976694335937500e+03;-2.3976547851562500e+03;-2.3976696140211675e+03;-2.3976665039062500e+03
7;415000000;-2.4707707251173779e+03;-2.4707802734375000e+03;-2.4707707251173761e+03;-2.4707705078125000e+03;-2.4707739257812500e+03;-2.4707707251173870e+03;-2.4707644042968750e+03
8;415000000;-5.0729663385426002e+03;-5.0729633789062500e+03;-5.0729663385425829e+03;-5.0729663085937500e+03;-5.0729638671875000e+03;-5.0729663385425793e+03;-5.0729638671875000e+03
9;415000000;-4.7180029212895524e+03;-4.7179990234375000e+03;-4.7180029212895424e+03;-4.7180029296875000e+03;-4.7179902343750000e+03;-4.7180029212895415e+03;-4.7180019531250000e+03
0;417000000;1.6993832690106824e+03;1.6993831787109375e+03;1.6993832690106788e+03;1.6993834228515625e+03;1.6993841552734375e+03;1.6993832690106710e+03;1.6993840332031250e+03
1;417000000;1.7047802466621856e+03;1.7047811279296875e+03;1.7047802466621831e+03;1.7047803955078125e+03;1.7047766113281250e+03;1.7047802466621820e+03;1.7047846679687500e+03
2;417000000;1.1767299851336143e+03;1.1767302246093750e+03;1.1767299851336206e+03;1.1767301025390625e+03;1.1767310791015625e+03;1.1767299851336111e+03;1.1767326660156250e+03
3;417000000;-1.1405723884844533e+03;-1.1405708007812500e+03;-1.1405723884844572e+03;-1.1405722656250000e+03;-1.1405690917968750e+03;-1.1405723884844597e+03;-1.1405693359375000e+03
4;417000000;-6.8013290553397633e+02;-6.8012908935546875e+02;-6.8013290553398156e+02;-6.8013287353515625e+02;-6.8013092041015625e+02;-6.8013290553398792e+02;-6.8012774658203125e+02
5;417000000;-1.9186587881032167e+03;-1.9186562500000000e+03;-1.9186587881032092e+03;-1.9186586914062500e+03;-1.9186561279296875e+03;-1.9186587881032121e+03;-1.9186542968750000e+03
6;417000000;-2.8087768052869974e+03;-2.8087692871093750e+03;-2.8087768052869869e+03;-2.8087766113281250e+03;-2.8087648925781250e+03;-2.8087768052869869e+03;-2.8087739257812500e+03
7;417000000;-2.1721058994151858e+03;-2.1721093750000000e+03;-2.1721058994151822e+03;-2.1721057128906250e+03;-2.1721110839843750e+03;-2.1721058994151936e+03;-2.1721008300781250e+03
8;417000000;-4.5347220964782700e+03;-4.5347211914062500e+03;-4.5347220964782709e+03;-4.5347216796875000e+03;-4.5347221679687500e+03;-4.5347220964782600e+03;-4.5347202148437500e+03
9;417000000;-4.5820253285047311e+03;-4.5820253906250000e+03;-4.5820253285047256e+03;-4.5820253906250000e+03;-4.5820180664062500e+03;-4.5820253285047102e+03;-4.5820244140625000e+03
0;419000000;2.2840996429291490e+03;2.2841003417968750e+03;2.2840996429291558e+03;2.2840998535156250e+03;2.2840998535156250e+03;2.2840996429291490e+03;2.2841027832031250e+03
1;419000000;1.2962864853781225e+03;1.2962856445312500e+03;1.2962864853781209e+03;1.2962866210937500e+03;1.2962861328125000e+03;1.2962864853781339e+03;1.2962896728515625e+03
2;419000000;1.9606569562540396e+03;1.9606589355468750e+03;1.9606569562540487e+03;1.9606571044921875e+03;1.9606604003906250e+03;1.9606569562540371e+03;1.9606596679687500e+03
3;419000000;-5.9494800984006417e+02;-5.9495275878906250e+02;-5.9494800984006577e+02;-5.9494793701171875e+02;-5.9494787597656250e+02;-5.9494800984006633e+02;-5.9494421386718750e+02
4;419000000;-2.0730422942594117e+02;-2.0729736328125000e+02;-2.0730422942594578e+02;-2.0730421447753906e+02;-2.0730085754394531e+02;-2.0730422942593805e+02;-2.0730084228515625e+02
5;419000000;-1.7621270256002024e+03;-1.7621292724609375e+03;-1.7621270256002015e+03;-1.7621269531250000e+03;-1.7621295166015625e+03;-1.7621270256002010e+03;-1.7621235351562500e+03
6;419000000;-2.2059936492008533e+03;-2.2059970703125000e+03;-2.2059936492008551e+03;-2.2059936523437500e+03;-2.2059978027343750e+03;-2.2059936492008583e+03;-2.2059890136718750e+03
7;419000000;-3.1499648473262118e+03;-3.1499694824218750e+03;-3.1499648473262041e+03;-3.1499645996093750e+03;-3.1499760742187500e+03;-3.1499648473262005e+03;-3.1499604492187500e+03
8;419000000;-4.4785895893525558e+03;-4.4785839843750000e+03;-4.4785895893525476e+03;-4.4785893554687500e+03;-4.4785859375000000e+03;-4.4785895893525394e+03;-4.4785874023437500e+03
9;419000000;-4.9812822942418688e+03;-4.9812739257812500e+03;-4.9812822942418534e+03;-4.9812822265625000e+03;-4.9812753906250000e+03;-4.9812822942418516e+03;-4.9812812500000000e+03
0;421000000;2.3060743979947506e+03;2.3060734863281250e+03;2.3060743979947401e+03;2.3060744628906250e+03;2.3060720214843750e+03;2.3060743979947379e+03;2.3060756835937500e+03
1;421000000;1.7396327548369609e+03;1.7396335449218750e+03;1.7396327548369557e+03;1.7396329345703125e+03;1.7396328125000000e+03;1.7396327548369686e+03;1.7396368408203125e+03
2;421000000;1.6053447279281502e+03;1.6053441162109375e+03;1.6053447279281500e+03;1.6053448486328125e+03;1.6053474121093750e+03;1.6053447279281436e+03;1.6053489990234375e+03
3;421000000;1.1025659504404051e+02;1.1025612640380859e+02;1.1025659504404987e+02;1.1025666046142578e+02;1.1025619506835938e+02;1.1025659504402893e+02;1.1026159667968750e+02
4;421000000;-7.0190699674442362e+02;-7.0190252685546875e+02;-7.0190699674442453e+02;-7.0190692138671875e+02;-7.0190002441406250e+02;-7.0190699674442203e+02;-7.0190386962890625e+02
5;421000000;-9.7880267936945518e+02;-9.7881036376953125e+02;-9.7880267936946086e+02;-9.7880261230468750e+02;-9.7880145263671875e+02;-9.7880267936946279e+02;-9.7879980468750000e+02
6;421000000;-2.3608797780036830e+03;-2.3608820800781250e+03;-2.3608797780036921e+03;-2.3608796386718750e+03;-2.3608818359375000e+03;-2.3608797780036980e+03;-2.3608764648437500e+03
7;421000000;-3.3494254885159876e+03;-3.3494343261718750e+03;-3.3494254885159835e+03;-3.3494252929687500e+03;-3.3494343261718750e+03;-3.3494254885159712e+03;-3.3494189453125000e+03
8;421000000;-4.1828362647124168e+03;-4.1828334960937500e+03;-4.1828362647124140e+03;-4.1828359375000000e+03;-4.1828281250000000e+03;-4.1828362647124104e+03;-4.1828330078125000e+03
9;421000000;-4.4662087936926055e+03;-4.4662075195312500e+03;-4.4662087936926046e+03;-4.4662084960937500e+03;-4.4662055664062500e+03;-4.4662087936926064e+03;-4.4662065429687500e+03
0;423000000;1.7791738729475064e+03;1.7791766357421875e+03;1.7791738729475010e+03;1.7791740722656250e+03;1.7791719970703125e+03;1.7791738729475151e+03;1.7791766357421875e+03
1;423000000;2.1984063140932049e+03;2.1984069824218750e+03;2.1984063140931989e+03;2.1984064941406250e+03;2.1984016113281250e+03;2.1984063140932112e+03;2.1984113769531250e+03
2;423000000;1.5663525954041734e+03;1.5663537597656250e+03;1.5663525954041675e+03;1.5663527832031250e+03;1.5663518066406250e+03;1.5663525954041629e+03;1.5663566894531250e+03
3;423000000;6.8514779724301013e+02;6.8515039062500000e+02;6.8514779724301832e+02;6.8514788818359375e+02;6.8515026855468750e+02;6.8514779724300706e+02;6.8515246582031250e+02
4;423000000;-6.9836651253768707e+01;-6.9831024169921875e+01;-6.9836651253768849e+01;-6.9836578369140625e+01;-6.9829711914062500e+01;-6.9836651253770924e+01;-6.9832275390625000e+01
5;423000000;-7.2312638914384866e+02;-7.2312615966796875e+02;-7.2312638914385673e+02;-7.2312634277343750e+02;-7.2312652587890625e+02;-7.2312638914384752e+02;-7.2312402343750000e+02
6;423000000;-1.9464044530358806e+03;-1.9464058837890625e+03;-1.9464044530358829e+03;-1.9464042968750000e+03;-1.9464084472656250e+03;-1.9464044530358792e+03;-1.9463996582031250e+03
7;423000000;-2.6657161607860298e+03;-2.6657189941406250e+03;-2.6657161607860371e+03;-2.6657160644531250e+03;-2.6657167968750000e+03;-2.6657161607860271e+03;-2.6657099609375000e+03
8;423000000;-5.4148769442869025e+03;-5.4148769531250000e+03;-5.4148769442869034e+03;-5.4148769531250000e+03;-5.4148808593750000e+03;-5.4148769442869107e+03;-5.4148740234375000e+03
9;423000000;-3.9006714735791320e+03;-3.9006757812500000e+03;-3.9006714735791297e+03;-3.9006713867187500e+03;-3.9006699218750000e+03;-3.9006714735791347e+03;-3.9006694335937500e+03
0;425000000;2.1319703146154643e+03;2.1319667968750000e+03;2.1319703146154779e+03;2.1319704589843750e+03;2.1319670410156250e+03;2.1319703146154670e+03;2.1319711914062500e+03
1;425000000;2.1384968350133599e+03;2.1384975585937500e+03;2.1384968350133477e+03;2.1384970703125000e+03;2.1384931640625000e+03;2.1384968350133481e+03;2.1385009765625000e+03
2;425000000;1.9112595232993663e+03;1.9112562255859375e+03;1.9112595232993635e+03;1.9112596435546875e+03;1.9112623291015625e+03;1.9112595232993674e+03;1.9112631835937500e+03
3;425000000;4.4954881352293012e+02;4.4954797363281250e+02;4.4954881352291727e+02;4.4954891967773438e+02;4.4954858398437500e+02;4.4954881352291341e+02;4.4955310058593750e+02
4;425000000;5.7545542294903407e+02;5.7545495605468750e+02;5.7545542294903703e+02;5.7545550537109375e+02;5.7545306396484375e+02;5.7545542294903771e+02;5.7546032714843750e+02
5;425000000;-9.0742243090830198e+02;-9.0741949462890625e+02;-9.0742243090829038e+02;-9.0742236328125000e+02;-9.0742083740234375e+02;-9.0742243090830812e+02;-9.0741992187500000e+02
6;425000000;-1.4728967714325352e+03;-1.4728928222656250e+03;-1.4728967714325413e+03;-1.4728967285156250e+03;-1.4728953857421875e+03;-1.4728967714325499e+03;-1.4728944091796875e+03
7;425000000;-2.8699992975355817e+03;-2.8700073242187500e+03;-2.8699992975355881e+03;-2.8699992675781250e+03;-2.8700080566406250e+03;-2.8699992975355813e+03;-2.8699929199218750e+03
8;425000000;-5.1168545892553630e+03;-5.1168676757812500e+03;-5.1168545892553711e+03;-5.1168544921875000e+03;-5.1168662109375000e+03;-5.1168545892553757e+03;-5.1168500976562500e+03
9;425000000;-4.1779332704552635e+03;-4.1779433593750000e+03;-4.1779332704552535e+03;-4.1779331054687500e+03;-4.1779291992187500e+03;-4.1779332704552598e+03;-4.1779311523437500e+03
0;427000000;2.0671833316507518e+03;2.0671862792968750e+03;2.0671833316507491e+03;2.0671835937500000e+03;2.0671875000000000e+03;2.0671833316507314e+03;2.0671843261718750e+03
1;427000000;1.5492943829941432e+03;1.5492891845703125e+03;1.5492943829941460e+03;1.5492945556640625e+03;1.5492934570312500e+03;1.5492943829941401e+03;1.5492991943359375e+03
2;427000000;2.1301291999629998e+03;2.1301289062500000e+03;2.1301291999629993e+03;2.1301293945312500e+03;2.1301335449218750e+03;2.1301291999630066e+03;2.1301328125000000e+03
3;427000000;2.5593363476747984e+02;2.5592939758300781e+02;2.5593363476747083e+02;2.5593373107910156e+02;2.5593347167968750e+02;2.5593363476747663e+02;2.5593847656250000e+02
4;427000000;9.8508282939888602e+02;9.8507696533203125e+02;9.8508282939888591e+02;9.8508288574218750e+02;9.8507824707031250e+02;9.8508282939888750e+02;9.8508825683593750e+02
5;427000000;-5.2223039204824124e+02;-5.2223486328125000e+02;-5.2223039204824738e+02;-5.2223028564453125e+02;-5.2222912597656250e+02;-5.2223039204826227e+02;-5.2222802734375000e+02
6;427000000;-9.1184017546658231e+02;-9.1184008789062500e+02;-9.1184017546659470e+02;-9.1184008789062500e+02;-9.1183776855468750e+02;-9.1184017546658879e+02;-9.1183630371093750e+02
7;427000000;-2.7333421176502111e+03;-2.7333398437500000e+03;-2.7333421176502065e+03;-2.7333420410156250e+03;-2.7333437500000000e+03;-2.7333421176502115e+03;-2.7333349609375000e+03
8;427000000;-4.7061620705344276e+03;-4.7061752929687500e+03;-4.7061620705344249e+03;-4.7061621093750000e+03;-4.7061738281250000e+03;-4.7061620705344403e+03;-4.7061582031250000e+03
9;427000000;-5.4630421303682915e+03;-5.4630527343750000e+03;-5.4630421303682606e+03;-5.4630419921875000e+03;-5.4630468750000000e+03;-5.4630421303682842e+03;-5.4630419921875000e+03
0;429000000;2.3642418212099437e+03;2.3642416992187500e+03;2.3642418212099401e+03;2.3642419433593750e+03;2.3642434082031250e+03;2.3642418212099278e+03;2.3642446289062500e+03
1;429000000;1.7585751936505412e+03;1.7585769042968750e+03;1.7585751936505410e+03;1.7585753173828125e+03;1.7585717773437500e+03;1.7585751936505421e+03;1.7585791015625000e+03
2;429000000;2.0945985435193825e+03;2.0945996093750000e+03;2.0945985435193747e+03;2.0945986328125000e+03;2.0945893554687500e+03;2.0945985435193752e+03;2.0946040039062500e+03
3;429000000;6.5038404920900996e+02;6.5038500976562500e+02;6.5038404920900780e+02;6.5038415527343750e+02;6.5038500976562500e+02;6.5038404920900348e+02;6.5038964843750000e+02
4;429000000;7.6353627558845858e+02;7.6353198242187500e+02;7.6353627558847461e+02;7.6353637695312500e+02;7.6353515625000000e+02;7.6353627558847097e+02;7.6354211425781250e+02
5;429000000;7.7648997320231302e+01;7.7649856567382812e+01;7.7648997320223728e+01;7.7649085998535156e+01;7.7643829345703125e+01;7.7648997320217859e+01;7.7651367187500000e+01
6;429000000;-1.3592304811934573e+03;-1.3592233886718750e+03;-1.3592304811934505e+03;-1.3592303466796875e+03;-1.3592265625000000e+03;-1.3592304811934578e+03;-1.3592264404296875e+03
7;429000000;-1.7623537832536190e+03;-1.7623544921875000e+03;-1.7623537832536215e+03;-1.7623537597656250e+03;-1.7623552246093750e+03;-1.7623537832536390e+03;-1.7623460693359375e+03
8;429000000;-4.6662500932052226e+03;-4.6662495117187500e+03;-4.6662500932052271e+03;-4.6662500000000000e+03;-4.6662539062500000e+03;-4.6662500932052344e+03;-4.6662441406250000e+03
9;429000000;-5.3081189392071174e+03;-5.3081201171875000e+03;-5.3081189392071092e+03;-5.3081186523437500e+03;-5.3081289062500000e+03;-5.3081189392071183e+03;-5.3081181640625000e+03
0;431000000;2.8692678726227355e+03;2.8692722167968750e+03;2.8692678726227364e+03;2.8692680664062500e+03;2.8692602539062500e+03;2.8692678726227236e+03;2.8692692871093750e+03
1;431000000;1.8583879561091303e+03;1.8583948974609375e+03;1.8583879561091228e+03;1.8583880615234375e+03;1.8583914794921875e+03;1.8583879561091230e+03;1.8583912353515625e+03
2;431000000;1.9273444958022483e+03;1.9273420410156250e+03;1.9273444958022430e+03;1.9273446044921875e+03;1.9273458251953125e+03;1.9273444958022308e+03;1.9273486328125000e+03
3;431000000;8.0334444926076674e+02;8.0334930419921875e+02;8.0334444926077606e+02;8.0334454345703125e+02;8.0334875488281250e+02;8.0334444926076549e+02;8.0335058593750000e+02
4;431000000;8.6150383279530706e+02;8.6150476074218750e+02;8.6150383279529945e+02;8.6150390625000000e+02;8.6150549316406250e+02;8.6150383279530865e+02;8.6150854492187500e+02
5;431000000;7.1399036322482732e+02;7.1398791503906250e+02;7.1399036322483641e+02;7.1399047851562500e+02;7.1399035644531250e+02;7.1399036322483084e+02;7.1399462890625000e+02
6;431000000;-7.4035332090550162e+02;-7.4034582519531250e+02;-7.4035332090548820e+02;-7.4035321044921875e+02;-7.4035473632812500e+02;-7.4035332090550219e+02;-7.4034899902343750e+02
7;431000000;-1.6591756993984777e+03;-1.6591784667968750e+03;-1.6591756993984764e+03;-1.6591756591796875e+03;-1.6591770019531250e+03;-1.6591756993984809e+03;-1.6591672363281250e+03
8;431000000;-4.5045557582087768e+03;-4.5045512695312500e+03;-4.5045557582087831e+03;-4.5045556640625000e+03;-4.5045527343750000e+03;-4.5045557582087786e+03;-4.5045512695312500e+03
9;431000000;-4.4984678007308494e+03;-4.4984814453125000e+03;-4.4984678007308485e+03;-4.4984677734375000e+03;-4.4984731445312500e+03;-4.4984678007308503e+03;-4.4984663085937500e+03
0;433000000;2.1877013351700875e+03;2.1876992187500000e+03;2.1877013351700980e+03;2.1877014160156250e+03;2.1877009277343750e+03;2.1877013351700825e+03;2.1877033691406250e+03
1;433000000;2.0690700293249779e+03;2.0690788574218750e+03;2.0690700293249802e+03;2.0690700683593750e+03;2.0690771484375000e+03;2.0690700293249747e+03;2.0690764160156250e+03
2;433000000;2.0954482829078033e+03;2.0954482421875000e+03;2.0954482829078056e+03;2.0954484863281250e+03;2.0954404296875000e+03;2.0954482829077997e+03;2.0954516601562500e+03
3;433000000;7.3035572594433347e+02;7.3035235595703125e+02;7.3035572594433143e+02;7.3035583496093750e+02;7.3035784912109375e+02;7.3035572594431869e+02;7.3036181640625000e+02
4;433000000;1.4923409580766231e+03;1.4923464355468750e+03;1.4923409580766124e+03;1.4923410644531250e+03;1.4923428955078125e+03;1.4923409580766190e+03;1.4923452148437500e+03
5;433000000;3.5941064827817502e+02;3.5940576171875000e+02;3.5941064827816649e+02;3.5941076660156250e+02;3.5940792846679688e+02;3.5941064827818468e+02;3.5941650390625000e+02
6;433000000;-1.0775493919944076e+02;-1.0775637817382812e+02;-1.0775493919945220e+02;-1.0775484466552734e+02;-1.0774900817871094e+02;-1.0775493919945438e+02;-1.0774951171875000e+02
7;433000000;-1.8292925773872801e+03;-1.8292899169921875e+03;-1.8292925773872862e+03;-1.8292924804687500e+03;-1.8292877197265625e+03;-1.8292925773872830e+03;-1.8292844238281250e+03
8;433000000;-3.8215083402094178e+03;-3.8215087890625000e+03;-3.8215083402094224e+03;-3.8215083007812500e+03;-3.8215046386718750e+03;-3.8215083402094183e+03;-3.8215043945312500e+03
9;433000000;-4.4982469049332749e+03;-4.4982500000000000e+03;-4.4982469049332722e+03;-4.4982465820312500e+03;-4.4982456054687500e+03;-4.4982469049332703e+03;-4.4982451171875000e+03
0;435000000;1.9574111553816019e+03;1.9574094238281250e+03;1.9574111553815983e+03;1.9574112548828125e+03;1.9574108886718750e+03;1.9574111553815869e+03;1.9574135742187500e+03
1;435000000;2.7333131973254922e+03;2.7333129882812500e+03;2.7333131973255022e+03;2.7333132324218750e+03;2.7333107910156250e+03;2.7333131973254931e+03;2.7333188476562500e+03
2;435000000;1.9952998832508463e+03;1.9953026123046875e+03;1.9952998832508451e+03;1.9953000488281250e+03;1.9952983398437500e+03;1.9952998832508449e+03;1.9953031005859375e+03
3;435000000;9.5761173511391064e+02;9.5760919189453125e+02;9.5761173511390427e+02;9.5761181640625000e+02;9.5761199951171875e+02;9.5761173511389961e+02;9.5761804199218750e+02
4;435000000;1.1241214046308730e+03;1.1241280517578125e+03;1.1241214046308589e+03;1.1241214599609375e+03;1.1241322021484375e+03;1.1241214046308596e+03;1.1241271972656250e+03
5;435000000;3.0643403366155235e+02;3.0642852783203125e+02;3.0643403366157457e+02;3.0643417358398438e+02;3.0642547607421875e+02;3.0643403366157145e+02;3.0643750000000000e+02
6;435000000;3.2966474624308859e+02;3.2966766357421875e+02;3.2966474624307239e+02;3.2966485595703125e+02;3.2966650390625000e+02;3.2966474624308285e+02;3.2966906738281250e+02
7;435000000;-1.3610620183934677e+03;-1.3610616455078125e+03;-1.3610620183934584e+03;-1.3610618896484375e+03;-1.3610574951171875e+03;-1.3610620183934675e+03;-1.3610539550781250e+03
8;435000000;-3.4090206624846628e+03;-3.4090212402343750e+03;-3.4090206624846742e+03;-3.4090205078125000e+03;-3.4090170898437500e+03;-3.4090206624846742e+03;-3.4090175781250000e+03
9;435000000;-4.2026065489950297e+03;-4.2026113281250000e+03;-4.2026065489950342e+03;-4.2026064453125000e+03;-4.2026083984375000e+03;-4.2026065489950315e+03;-4.2026044921875000e+03
0;437000000;2.2441494615041634e+03;2.2441457519531250e+03;2.2441494615041584e+03;2.2441496582031250e+03;2.2441459960937500e+03;2.2441494615041574e+03;2.2441511230468750e+03
1;437000000;1.9204221295142777e+03;1.9204243164062500e+03;1.9204221295142729e+03;1.9204222412109375e+03;1.9204189453125000e+03;1.9204221295142722e+03;1.9204254150390625e+03
2;437000000;2.3927511144541586e+03;2.3927509765625000e+03;2.3927511144541654e+03;2.3927512207031250e+03;2.3927507324218750e+03;2.3927511144541459e+03;2.3927558593750000e+03
3;437000000;1.0620210776290255e+03;1.0620294189453125e+03;1.0620210776290310e+03;1.0620211181640625e+03;1.0620261230468750e+03;1.0620210776290141e+03;1.0620273437500000e+03
4;437000000;1.2511710685009989e+03;1.2511754150390625e+03;1.2511710685009853e+03;1.2511711425781250e+03;1.2511711425781250e+03;1.2511710685009823e+03;1.2511759033203125e+03
5;437000000;8.8540891919516537e+02;8.8541082763671875e+02;8.8540891919516162e+02;8.8540905761718750e+02;8.8540979003906250e+02;8.8540891919516343e+02;8.8541210937500000e+02
6;437000000;2.3069947210583805e+01;2.3072544097900391e+01;2.3069947210586065e+01;2.3070056915283203e+01;2.3071212768554688e+01;2.3069947210575265e+01;2.3073852539062500e+01
7;437000000;-5.3840147841524879e+02;-5.3840161132812500e+02;-5.3840147841524595e+02;-5.3840136718750000e+02;-5.3840008544921875e+02;-5.3840147841525277e+02;-5.3839355468750000e+02
8;437000000;-3.6760731991637031e+03;-3.6760673828125000e+03;-3.6760731991637153e+03;-3.6760729980468750e+03;-3.6760605468750000e+03;-3.6760731991637103e+03;-3.6760686035156250e+03
9;437000000;-3.6164251090973585e+03;-3.6164235839843750e+03;-3.6164251090973535e+03;-3.6164250488281250e+03;-3.6164196777343750e+03;-3.6164251090973494e+03;-3.6164223632812500e+03
0;439000000;2.4462528420205990e+03;2.4462468261718750e+03;2.4462528420205967e+03;2.4462529296875000e+03;2.4462539062500000e+03;2.4462528420205913e+03;2.4462548828125000e+03
1;439000000;1.9949353904177615e+03;1.9949367675781250e+03;1.9949353904177617e+03;1.9949355468750000e+03;1.9949376220703125e+03;1.9949353904177565e+03;1.9949414062500000e+03
2;439000000;2.7800621665791391e+03;2.7800590820312500e+03;2.7800621665791441e+03;2.7800622558593750e+03;2.7800593261718750e+03;2.7800621665791327e+03;2.7800664062500000e+03
3;439000000;8.3222543023311323e+02;8.3222705078125000e+02;8.3222543023310391e+02;8.3222546386718750e+02;8.3222888183593750e+02;8.3222543023310254e+02;8.3223095703125000e+02
4;439000000;1.6559941298540757e+03;1.6559981689453125e+03;1.6559941298540739e+03;1.6559941406250000e+03;1.6560009765625000e+03;1.6559941298540662e+03;1.6559997558593750e+03
5;439000000;5.8708315648088330e+02;5.8708398437500000e+02;5.8708315648088490e+02;5.8708325195312500e+02;5.8708593750000000e+02;5.8708315648087091e+02;5.8708740234375000e+02
6;439000000;-4.1269320216737810e+00;-4.1229114532470703e+00;-4.1269320216674146e+00;-4.1268024444580078e+00;-4.1265907287597656e+00;-4.1269320216820233e+00;-4.1235351562500000e+00
7;439000000;-4.0322491825229423e+02;-4.0323165893554688e+02;-4.0322491825229082e+02;-4.0322479248046875e+02;-4.0322982788085938e+02;-4.0322491825229963e+02;-4.0321704101562500e+02
8;439000000;-2.9688335705639938e+03;-2.9688281250000000e+03;-2.9688335705639893e+03;-2.9688334960937500e+03;-2.9688227539062500e+03;-2.9688335705639884e+03;-2.9688276367187500e+03
9;439000000;-3.4695215329107818e+03;-3.4695227050781250e+03;-3.4695215329107741e+03;-3.4695214843750000e+03;-3.4695224609375000e+03;-3.4695215329107668e+03;-3.4695195312500000e+03
0;441000000;1.7365860860314510e+03;1.7365905761718750e+03;1.7365860860314499e+03;1.7365861816406250e+03;1.7365845947265625e+03;1.7365860860314428e+03;1.7365881347656250e+03
1;441000000;2.0286475762332425e+03;2.0286464843750000e+03;2.0286475762332459e+03;2.0286477050781250e+03;2.0286442871093750e+03;2.0286475762332386e+03;2.0286511230468750e+03
2;441000000;1.9141539161239814e+03;1.9141531982421875e+03;1.9141539161239750e+03;1.9141540527343750e+03;1.9141534423828125e+03;1.9141539161239687e+03;1.9141579589843750e+03
3;441000000;1.7808038248909672e+03;1.7807993164062500e+03;1.7808038248909679e+03;1.7808038330078125e+03;1.7808021240234375e+03;1.7808038248909572e+03;1.7808095703125000e+03
4;441000000;1.5432609942392601e+03;1.5432614746093750e+03;1.5432609942392639e+03;1.5432611083984375e+03;1.5432617187500000e+03;1.5432609942392637e+03;1.5432651367187500e+03
5;441000000;6.9168681502901347e+02;6.9168737792968750e+02;6.9168681502901268e+02;6.9168695068359375e+02;6.9168078613281250e+02;6.9168681502900745e+02;6.9169287109375000e+02
6;441000000;5.6887687967480724e+02;5.6887597656250000e+02;5.6887687967479997e+02;5.6887701416015625e+02;5.6887512207031250e+02;5.6887687967479678e+02;5.6888220214843750e+02
7;441000000;-8.4124065452503100e+02;-8.4124584960937500e+02;-8.4124065452503362e+02;-8.4124053955078125e+02;-8.4124450683593750e+02;-8.4124065452504192e+02;-8.4123291015625000e+02
8;441000000;-2.2162036107234089e+03;-2.2161982421875000e+03;-2.2162036107234007e+03;-2.2162033691406250e+03;-2.2161967773437500e+03;-2.2162036107234012e+03;-2.2161977539062500e+03
9;441000000;-3.5676815170236191e+03;-3.5676755371093750e+03;-3.5676815170236109e+03;-3.5676813964843750e+03;-3.5676770019531250e+03;-3.5676815170236105e+03;-3.5676796875000000e+03
0;443000000;1.5927605205233258e+03;1.5927531738281250e+03;1.5927605205233228e+03;1.5927606201171875e+03;1.5927578125000000e+03;1.5927605205233290e+03;1.5927634277343750e+03
1;443000000;2.2328178852280353e+03;2.2328176269531250e+03;2.2328178852280303e+03;2.2328181152343750e+03;2.2328183593750000e+03;2.2328178852280303e+03;2.2328220214843750e+03
2;443000000;2.0123897817598126e+03;2.0123884277343750e+03;2.0123897817598181e+03;2.0123898925781250e+03;2.0123874511718750e+03;2.0123897817598115e+03;2.0123933105468750e+03
3;443000000;1.5714311953691983e+03;1.5714287109375000e+03;1.5714311953691993e+03;1.5714312744140625e+03;1.5714304199218750e+03;1.5714311953691922e+03;1.5714376220703125e+03
4;443000000;1.3602102201824066e+03;1.3602080078125000e+03;1.3602102201824123e+03;1.3602103271484375e+03;1.3602077636718750e+03;1.3602102201824086e+03;1.3602155761718750e+03
5;443000000;9.0835713064082847e+02;9.0835711669921875e+02;9.0835713064082415e+02;9.0835723876953125e+02;9.0835137939453125e+02;9.0835713064082302e+02;9.0836279296875000e+02
6;443000000;2.7553386431247156e+02;2.7553784179687500e+02;2.7553386431248248e+02;2.7553396606445312e+02;2.7553912353515625e+02;2.7553386431246190e+02;2.7553973388671875e+02
7;443000000;-6.5795880841854216e+02;-6.5796258544921875e+02;-6.5795880841854944e+02;-6.5795867919921875e+02;-6.5796124267578125e+02;-6.5795880841855796e+02;-6.5794848632812500e+02
8;443000000;-2.2697130061025950e+03;-2.2697126464843750e+03;-2.2697130061026050e+03;-2.2697128906250000e+03;-2.2697163085937500e+03;-2.2697130061026005e+03;-2.2697070312500000e+03
9;443000000;-2.6950020951705351e+03;-2.6950051269531250e+03;-2.6950020951705424e+03;-2.6950019531250000e+03;-2.6949978027343750e+03;-2.6950020951705446e+03;-2.6949992675781250e+03
0;445000000;1.8354822302415894e+03;1.8354810791015625e+03;1.8354822302415860e+03;1.8354824218750000e+03;1.8354760742187500e+03;1.8354822302415919e+03;1.8354854736328125e+03
1;445000000;1.7789569005554085e+03;1.7789572753906250e+03;1.7789569005554090e+03;1.7789570312500000e+03;1.7789570312500000e+03;1.7789569005554079e+03;1.7789616699218750e+03
2;445000000;2.1057385040708491e+03;2.1057363281250000e+03;2.1057385040708432e+03;2.1057385253906250e+03;2.1057348632812500e+03;2.1057385040708459e+03;2.1057429199218750e+03
3;445000000;8.2922678860795372e+02;8.2922515869140625e+02;8.2922678860795213e+02;8.2922686767578125e+02;8.2922302246093750e+02;8.2922678860794031e+02;8.2923205566406250e+02
4;445000000;2.2697660824667196e+03;2.2697692871093750e+03;2.2697660824667137e+03;2.2697661132812500e+03;2.2697624511718750e+03;2.2697660824666982e+03;2.2697705078125000e+03
5;445000000;1.0890152885080547e+03;1.0890113525390625e+03;1.0890152885080565e+03;1.0890153808593750e+03;1.0890128173828125e+03;1.0890152885080520e+03;1.0890190429687500e+03
6;445000000;3.0631974962149172e+02;3.0632553100585938e+02;3.0631974962148331e+02;3.0631985473632812e+02;3.0632189941406250e+02;3.0631974962146887e+02;3.0632531738281250e+02
7;445000000;-5.2251326119921089e+00;-5.2295227050781250e+00;-5.2251326119858845e+00;-5.2249994277954102e+00;-5.2241783142089844e+00;-5.2251326119976511e+00;-5.2182617187500000e+00
8;445000000;-2.7571252544008562e+03;-2.7571284179687500e+03;-2.7571252544008603e+03;-2.7571250000000000e+03;-2.7571313476562500e+03;-2.7571252544008521e+03;-2.7571188964843750e+03
9;445000000;-2.0895953938824164e+03;-2.0895966796875000e+03;-2.0895953938824159e+03;-2.0895952148437500e+03;-2.0895976562500000e+03;-2.0895953938824223e+03;-2.0895927734375000e+03
0;447000000;1.6075979037167149e+03;1.6076020507812500e+03;1.6075979037167110e+03;1.6075980224609375e+03;1.6076011962890625e+03;1.6075979037167031e+03;1.6075998535156250e+03
1;447000000;1.6364597915819568e+03;1.6364614257812500e+03;1.6364597915819543e+03;1.6364599609375000e+03;1.6364616699218750e+03;1.6364597915819436e+03;1.6364645996093750e+03
2;447000000;2.0381266971307934e+03;2.0381225585937500e+03;2.0381266971307857e+03;2.0381268310546875e+03;2.0381225585937500e+03;2.0381266971307853e+03;2.0381319580078125e+03
3;447000000;1.1731171823884081e+03;1.1731147460937500e+03;1.1731171823884144e+03;1.1731171875000000e+03;1.1731152343750000e+03;1.1731171823884083e+03;1.1731225585937500e+03
4;447000000;2.0675424677083492e+03;2.0675458984375000e+03;2.0675424677083420e+03;2.0675424804687500e+03;2.0675419921875000e+03;2.0675424677083338e+03;2.0675461425781250e+03
5;447000000;9.1348251952454427e+02;9.1348205566406250e+02;9.1348251952454871e+02;9.1348260498046875e+02;9.1347930908203125e+02;9.1348251952453757e+02;9.1348681640625000e+02
6;447000000;5.1870615913715494e+02;5.1870788574218750e+02;5.1870615913715721e+02;5.1870623779296875e+02;5.1870397949218750e+02;5.1870615913714346e+02;5.1871148681640625e+02
7;447000000;-1.0328286154147541e+02;-1.0328100585937500e+02;-1.0328286154148333e+02;-1.0328273773193359e+02;-1.0327716827392578e+02;-1.0328286154149009e+02;-1.0327441406250000e+02
8;447000000;-2.3240427658041640e+03;-2.3240471191406250e+03;-2.3240427658041658e+03;-2.3240424804687500e+03;-2.3240439453125000e+03;-2.3240427658041554e+03;-2.3240371093750000e+03
9;447000000;-1.9635278433138553e+03;-1.9635234375000000e+03;-1.9635278433138608e+03;-1.9635277099609375e+03;-1.9635295410156250e+03;-1.9635278433138683e+03;-1.9635260009765625e+03
0;449000000;1.7365618571133848e+03;1.7365628662109375e+03;1.7365618571133803e+03;1.7365620117187500e+03;1.7365656738281250e+03;1.7365618571133714e+03;1.7365654296875000e+03
1;449000000;1.6717183908034267e+03;1.6717164306640625e+03;1.6717183908034258e+03;1.6717185058593750e+03;1.6717142333984375e+03;1.6717183908034208e+03;1.6717233886718750e+03
2;449000000;1.8229051994542679e+03;1.8229001464843750e+03;1.8229051994542704e+03;1.8229052734375000e+03;1.8229011230468750e+03;1.8229051994542663e+03;1.8229097900390625e+03
3;449000000;1.2482008937228470e+03;1.2482036132812500e+03;1.2482008937228522e+03;1.2482009277343750e+03;1.2482065429687500e+03;1.2482008937228413e+03;1.2482060546875000e+03
4;449000000;1.1427479869965148e+03;1.1427478027343750e+03;1.1427479869965232e+03;1.1427480468750000e+03;1.1427493896484375e+03;1.1427479869965014e+03;1.1427513427734375e+03
5;449000000;1.9884440966089940e+03;1.9884468994140625e+03;1.9884440966089969e+03;1.9884442138671875e+03;1.9884438476562500e+03;1.9884440966089892e+03;1.9884482421875000e+03
6;449000000;7.7129376818936930e+02;7.7129034423828125e+02;7.7129376818937612e+02;7.7129388427734375e+02;7.7129132080078125e+02;7.7129376818936544e+02;7.7129937744140625e+02
7;449000000;-6.3230108226937000e+02;-6.3229156494140625e+02;-6.3230108226937955e+02;-6.3230096435546875e+02;-6.3229718017578125e+02;-6.3230108226938091e+02;-6.3229370117187500e+02
8;449000000;-1.8625358821905079e+03;-1.8625384521484375e+03;-1.8625358821905111e+03;-1.8625357666015625e+03;-1.8625329589843750e+03;-1.8625358821905065e+03;-1.8625302734375000e+03
9;449000000;-2.4670088085601719e+03;-2.4670002441406250e+03;-2.4670088085601774e+03;-2.4670085449218750e+03;-2.4670095214843750e+03;-2.4670088085601756e+03;-2.4670046386718750e+03
0;451000000;2.2541298796125593e+03;2.2541350097656250e+03;2.2541298796125589e+03;2.2541301269531250e+03;2.2541323242187500e+03;2.2541298796125466e+03;2.2541318359375000e+03
1;451000000;1.4789935378697132e+03;1.4789890136718750e+03;1.4789935378697062e+03;1.4789936523437500e+03;1.4789953613281250e+03;1.4789935378697066e+03;1.4789980468750000e+03
2;451000000;1.7511646879774792e+03;1.7511716308593750e+03;1.7511646879774860e+03;1.7511647949218750e+03;1.7511671142578125e+03;1.7511646879774883e+03;1.7511691894531250e+03
3;451000000;8.6735055897248253e+02;8.6735314941406250e+02;8.6735055897248481e+02;8.6735058593750000e+02;8.6735345458984375e+02;8.6735055897246184e+02;8.6735583496093750e+02
4;451000000;1.6584629823970001e+03;1.6584660644531250e+03;1.6584629823969999e+03;1.6584630126953125e+03;1.6584664306640625e+03;1.6584629823969974e+03;1.6584682617187500e+03
5;451000000;1.1236523213619362e+03;1.1236540527343750e+03;1.1236523213619282e+03;1.1236524658203125e+03;1.1236499023437500e+03;1.1236523213619271e+03;1.1236572265625000e+03
6;451000000;3.8538182115307137e+02;3.8538244628906250e+02;3.8538182115307859e+02;3.8538189697265625e+02;3.8537741088867188e+02;3.8538182115306245e+02;3.8538665771484375e+02
7;451000000;2.9252779085292538e+01;2.9254905700683594e+01;2.9252779085290257e+01;2.9252889633178711e+01;2.9255119323730469e+01;2.9252779085275961e+01;2.9261962890625000e+01
8;451000000;-1.7869744256686874e+03;-1.7869689941406250e+03;-1.7869744256686836e+03;-1.7869742431640625e+03;-1.7869675292968750e+03;-1.7869744256686931e+03;-1.7869677734375000e+03
9;451000000;-2.1125435928255615e+03;-2.1125385742187500e+03;-2.1125435928255624e+03;-2.1125434570312500e+03;-2.1125434570312500e+03;-2.1125435928255547e+03;-2.1125395507812500e+03
0;453000000;1.9882825298595671e+03;1.9882890625000000e+03;1.9882825298595649e+03;1.9882827148437500e+03;1.9882872314453125e+03;1.9882825298595544e+03;1.9882846679687500e+03
1;453000000;1.4261595642832135e+03;1.4261606445312500e+03;1.4261595642832053e+03;1.4261596679687500e+03;1.4261553955078125e+03;1.4261595642832135e+03;1.4261635742187500e+03
2;453000000;1.5659577656296537e+03;1.5659655761718750e+03;1.5659577656296467e+03;1.5659578857421875e+03;1.5659610595703125e+03;1.5659577656296403e+03;1.5659626464843750e+03
3;453000000;8.6970293369790556e+02;8.6970178222656250e+02;8.6970293369790045e+02;8.6970300292968750e+02;8.6970843505859375e+02;8.6970293369789442e+02;8.6970819091796875e+02
4;453000000;1.7894063397114655e+03;1.7894101562500000e+03;1.7894063397114644e+03;1.7894063720703125e+03;1.7894099121093750e+03;1.7894063397114605e+03;1.7894125976562500e+03
5;453000000;6.0346912405916919e+02;6.0347241210937500e+02;6.0346912405915953e+02;6.0346923828125000e+02;6.0346697998046875e+02;6.0346912405916305e+02;6.0347314453125000e+02
6;453000000;1.3131761763040156e+03;1.3131778564453125e+03;1.3131761763040097e+03;1.3131762695312500e+03;1.3131704101562500e+03;1.3131761763039970e+03;1.3131804199218750e+03
7;453000000;1.9280110384086271e+01;1.9277206420898438e+01;1.9280110384094286e+01;1.9280212402343750e+01;1.9274612426757812e+01;1.9280110384079308e+01;1.9287841796875000e+01
8;453000000;-2.2037828366744830e+03;-2.2037712402343750e+03;-2.2037828366744830e+03;-2.2037827148437500e+03;-2.2037780761718750e+03;-2.2037828366744852e+03;-2.2037763671875000e+03
9;453000000;-1.7012896897587923e+03;-1.7012825927734375e+03;-1.7012896897587864e+03;-1.7012895507812500e+03;-1.7012863769531250e+03;-1.7012896897588003e+03;-1.7012871093750000e+03
0;455000000;2.0597455286798981e+03;2.0597446289062500e+03;2.0597455286798972e+03;2.0597456054687500e+03;2.0597517089843750e+03;2.0597455286798790e+03;2.0597465820312500e+03
1;455000000;1.9694519945226032e+03;1.9694541015625000e+03;1.9694519945225954e+03;1.9694521484375000e+03;1.9694511718750000e+03;1.9694519945226041e+03;1.9694543457031250e+03
2;455000000;1.4857023164011755e+03;1.4857089843750000e+03;1.4857023164011782e+03;1.4857023925781250e+03;1.4857092285156250e+03;1.4857023164011675e+03;1.4857055664062500e+03
3;455000000;5.9916179590926731e+02;5.9916650390625000e+02;5.9916179590926401e+02;5.9916186523437500e+02;5.9916094970703125e+02;5.9916179590926004e+02;5.9916778564453125e+02
4;455000000;1.1302767421168610e+03;1.1302822265625000e+03;1.1302767421168749e+03;1.1302767333984375e+03;1.1302813720703125e+03;1.1302767421168589e+03;1.1302824707031250e+03
5;455000000;1.0485442552166844e+03;1.0485423583984375e+03;1.0485442552166880e+03;1.0485443115234375e+03;1.0485339355468750e+03;1.0485442552166805e+03;1.0485483398437500e+03
6;455000000;6.2828720138757080e+02;6.2829071044921875e+02;6.2828720138756796e+02;6.2828729248046875e+02;6.2828979492187500e+02;6.2828720138755034e+02;6.2829248046875000e+02
7;455000000;1.1824244655474132e+02;1.1823883056640625e+02;1.1824244655474044e+02;1.1824254608154297e+02;1.1823885345458984e+02;1.1824244655472239e+02;1.1825024414062500e+02
8;455000000;-2.0654841809242093e+03;-2.0654829101562500e+03;-2.0654841809242253e+03;-2.0654841308593750e+03;-2.0654860839843750e+03;-2.0654841809242234e+03;-2.0654772949218750e+03
9;455000000;-1.6886386283811466e+03;-1.6886420898437500e+03;-1.6886386283811398e+03;-1.6886384277343750e+03;-1.6886362304687500e+03;-1.6886386283811507e+03;-1.6886351318359375e+03
0;457000000;2.4713273969213037e+03;2.4713251953125000e+03;2.4713273969213096e+03;2.4713276367187500e+03;2.4713271484375000e+03;2.4713273969212878e+03;2.4713300781250000e+03
1;457000000;1.9588986335099835e+03;1.9588970947265625e+03;1.9588986335099844e+03;1.9588988037109375e+03;1.9588951416015625e+03;1.9588986335099780e+03;1.9589013671875000e+03
2;457000000;1.3007165863702480e+03;1.3007177734375000e+03;1.3007165863702221e+03;1.3007166748046875e+03;1.3007227783203125e+03;1.3007165863702292e+03;1.3007207031250000e+03
3;457000000;5.6372218153836468e+02;5.6372021484375000e+02;5.6372218153836002e+02;5.6372222900390625e+02;5.6372052001953125e+02;5.6372218153836047e+02;5.6372814941406250e+02
4;457000000;1.2682938391822286e+03;1.2682956542968750e+03;1.2682938391822358e+03;1.2682938232421875e+03;1.2682978515625000e+03;1.2682938391822252e+03;1.2682989501953125e+03
5;457000000;1.3156608799583075e+03;1.3156595458984375e+03;1.3156608799583062e+03;1.3156610107421875e+03;1.3156539306640625e+03;1.3156608799583000e+03;1.3156650390625000e+03
6;457000000;-4.7418617924500623e+01;-4.7418304443359375e+01;-4.7418617924495436e+01;-4.7418533325195312e+01;-4.7419845581054688e+01;-4.7418617924514365e+01;-4.7412658691406250e+01
7;457000000;5.0253145904030191e+02;5.0253002929687500e+02;5.0253145904030362e+02;5.0253155517578125e+02;5.0252688598632812e+02;5.0253145904028361e+02;5.0253906250000000e+02
8;457000000;-2.1125016696205644e+03;-2.1124980468750000e+03;-2.1125016696205657e+03;-2.1125014648437500e+03;-2.1124968261718750e+03;-2.1125016696205657e+03;-2.1124965820312500e+03
9;457000000;-2.2398794340802865e+03;-2.2398776855468750e+03;-2.2398794340802870e+03;-2.2398793945312500e+03;-2.2398808593750000e+03;-2.2398794340803038e+03;-2.2398747558593750e+03
0;459000000;2.2111276251020631e+03;2.2111237792968750e+03;2.2111276251020645e+03;2.2111276855468750e+03;2.2111245117187500e+03;2.2111276251020518e+03;2.2111301269531250e+03
1;459000000;2.0265790683878190e+03;2.0265789794921875e+03;2.0265790683878240e+03;2.0265792236328125e+03;2.0265842285156250e+03;2.0265790683878181e+03;2.0265839843750000e+03
2;459000000;1.9638486878291862e+03;1.9638469238281250e+03;1.9638486878291860e+03;1.9638487548828125e+03;1.9638510742187500e+03;1.9638486878291828e+03;1.9638525390625000e+03
3;459000000;5.5573439675343513e+02;5.5573413085937500e+02;5.5573439675343332e+02;5.5573443603515625e+02;5.5573419189453125e+02;5.5573439675341297e+02;5.5573876953125000e+02
4;459000000;1.4789117850796508e+03;1.4789144287109375e+03;1.4789117850796499e+03;1.4789118652343750e+03;1.4789176025390625e+03;1.4789117850796372e+03;1.4789172363281250e+03
5;459000000;5.9274646120454361e+02;5.9274316406250000e+02;5.9274646120454372e+02;5.9274652099609375e+02;5.9274420166015625e+02;5.9274646120453053e+02;5.9275195312500000e+02
6;459000000;6.4127831397576483e+02;6.4126965332031250e+02;6.4127831397576551e+02;6.4127838134765625e+02;6.4127227783203125e+02;6.4127831397574982e+02;6.4128411865234375e+02
7;459000000;1.0494781749342120e+02;1.0494705200195312e+02;1.0494781749341186e+02;1.0494792175292969e+02;1.0494493103027344e+02;1.0494781749339836e+02;1.0495629882812500e+02
8;459000000;-1.8317802268600663e+03;-1.8317835693359375e+03;-1.8317802268600751e+03;-1.8317801513671875e+03;-1.8317901611328125e+03;-1.8317802268600701e+03;-1.8317746582031250e+03
9;459000000;-1.9965606596080693e+03;-1.9965605468750000e+03;-1.9965606596080656e+03;-1.9965605468750000e+03;-1.9965593261718750e+03;-1.9965606596080643e+03;-1.9965581054687500e+03
0;461000000;2.2846608626841635e+03;2.2846662597656250e+03;2.2846608626841617e+03;2.2846611328125000e+03;2.2846599121093750e+03;2.2846608626841476e+03;2.2846630859375000e+03
1;461000000;2.3083669201619600e+03;2.3083681640625000e+03;2.3083669201619550e+03;2.3083671875000000e+03;2.3083737792968750e+03;2.3083669201619459e+03;2.3083725585937500e+03
2;461000000;1.7124804986871600e+03;1.7124801025390625e+03;1.7124804986871604e+03;1.7124805908203125e+03;1.7124843750000000e+03;1.7124804986871491e+03;1.7124836425781250e+03
3;461000000;1.6043631275007826e+02;1.6043568420410156e+02;1.6043631275006908e+02;1.6043635559082031e+02;1.6043432617187500e+02;1.6043631275006101e+02;1.6043884277343750e+02
4;461000000;1.1042446915168293e+03;1.1042554931640625e+03;1.1042446915168273e+03;1.1042447509765625e+03;1.1042564697265625e+03;1.1042446915168118e+03;1.1042493896484375e+03
5;461000000;5.5735408221523483e+02;5.5735736083984375e+02;5.5735408221524051e+02;5.5735412597656250e+02;5.5734912109375000e+02;5.5735408221522630e+02;5.5735791015625000e+02
6;461000000;9.9388044973016974e+02;9.9387982177734375e+02;9.9388044973017224e+02;9.9388055419921875e+02;9.9387573242187500e+02;9.9388044973015781e+02;9.9388726806640625e+02
7;461000000;-4.1162483747880572e+02;-4.1162319946289062e+02;-4.1162483747881055e+02;-4.1162475585937500e+02;-4.1162432861328125e+02;-4.1162483747882447e+02;-4.1161621093750000e+02
8;461000000;-1.2865281581675308e+03;-1.2865281982421875e+03;-1.2865281581675317e+03;-1.2865280761718750e+03;-1.2865310058593750e+03;-1.2865281581675270e+03;-1.2865241699218750e+03
9;461000000;-1.9747523223351111e+03;-1.9747506103515625e+03;-1.9747523223351213e+03;-1.9747521972656250e+03;-1.9747530517578125e+03;-1.9747523223351127e+03;-1.9747484130859375e+03
0;463000000;2.7865118642609004e+03;2.7865141601562500e+03;2.7865118642609082e+03;2.7865119628906250e+03;2.7865151367187500e+03;2.7865118642608877e+03;2.7865139160156250e+03
1;463000000;1.9688302910990506e+03;1.9688294677734375e+03;1.9688302910990476e+03;1.9688304443359375e+03;1.9688294677734375e+03;1.9688302910990392e+03;1.9688344726562500e+03
2;463000000;2.0007422221253198e+03;2.0007437744140625e+03;2.0007422221253230e+03;2.0007423095703125e+03;2.0007456054687500e+03;2.0007422221253023e+03;2.0007459716796875e+03
3;463000000;5.5643163880572138e+02;5.5643072509765625e+02;5.5643163880572104e+02;5.5643170166015625e+02;5.5643395996093750e+02;5.5643163880570773e+02;5.5643579101562500e+02
4;463000000;1.0695897112571724e+03;1.0695869140625000e+03;1.0695897112571743e+03;1.0695897216796875e+03;1.0695866699218750e+03;1.0695897112571733e+03;1.0695938720703125e+03
5;463000000;9.9461537242900999e+02;9.9461785888671875e+02;9.9461537242900454e+02;9.9461547851562500e+02;9.9461480712890625e+02;9.9461537242900499e+02;9.9461865234375000e+02
6;463000000;8.8832661520748388e+00;8.8794708251953125e+00;8.8832661520738014e+00;8.8833332061767578e+00;8.8792877197265625e+00;8.8832661520550573e+00;8.8901367187500000e+00
7;463000000;1.3389584549618471e+02;1.3388761901855469e+02;1.3389584549617990e+02;1.3389595031738281e+02;1.3389263916015625e+02;1.3389584549616984e+02;1.3390405273437500e+02
8;463000000;-1.9539012260488798e+03;-1.9538872070312500e+03;-1.9539012260488730e+03;-1.9539011230468750e+03;-1.9538913574218750e+03;-1.9539012260488853e+03;-1.9538934326171875e+03
9;463000000;-1.8185840426938969e+03;-1.8185859375000000e+03;-1.8185840426939046e+03;-1.8185839843750000e+03;-1.8185863037109375e+03;-1.8185840426938844e+03;-1.8185800781250000e+03
0;465000000;3.0797238499799232e+03;3.0797263183593750e+03;3.0797238499799300e+03;3.0797241210937500e+03;3.0797272949218750e+03;3.0797238499799073e+03;3.0797268066406250e+03
1;465000000;1.8401956832559958e+03;1.8401945800781250e+03;1.8401956832559836e+03;1.8401959228515625e+03;1.8401990966796875e+03;1.8401956832559749e+03;1.8402004394531250e+03
2;465000000;2.1958394071463922e+03;2.1958432617187500e+03;2.1958394071463904e+03;2.1958395996093750e+03;2.1958427734375000e+03;2.1958394071463727e+03;2.1958442382812500e+03
3;465000000;6.4250894799422099e+02;6.4251184082031250e+02;6.4250894799421781e+02;6.4250903320312500e+02;6.4250921630859375e+02;6.4250894799421167e+02;6.4251269531250000e+02
4;465000000;7.4507241473131023e+02;7.4507452392578125e+02;7.4507241473130466e+02;7.4507244873046875e+02;7.4506848144531250e+02;7.4507241473130512e+02;7.4507812500000000e+02
5;465000000;4.0882356375235076e+02;4.0881933593750000e+02;4.0882356375235418e+02;4.0882363891601562e+02;4.0881973266601562e+02;4.0882356375234485e+02;4.0882617187500000e+02
6;465000000;2.4766748087171294e+02;2.4766078186035156e+02;2.4766748087171646e+02;2.4766755676269531e+02;2.4766046142578125e+02;2.4766748087169526e+02;2.4767443847656250e+02
7;465000000;2.8143693203739991e+02;2.8143292236328125e+02;2.8143693203739770e+02;2.8143704223632812e+02;2.8143566894531250e+02;2.8143693203737394e+02;2.8144409179687500e+02
8;465000000;-2.2058005521745959e+03;-2.2057937011718750e+03;-2.2058005521745886e+03;-2.2058005371093750e+03;-2.2057985839843750e+03;-2.2058005521746013e+03;-2.2057951660156250e+03
9;465000000;-1.0084635127021802e+03;-1.0084603881835938e+03;-1.0084635127021770e+03;-1.0084633789062500e+03;-1.0084674072265625e+03;-1.0084635127021731e+03;-1.0084605712890625e+03
0;467000000;3.1320574643339596e+03;3.1320603027343750e+03;3.1320574643339514e+03;3.1320576171875000e+03;3.1320576171875000e+03;3.1320574643339323e+03;3.1320590820312500e+03
1;467000000;2.8984603811250468e+03;2.8984665527343750e+03;2.8984603811250527e+03;2.8984604492187500e+03;2.8984636230468750e+03;2.8984603811250372e+03;2.8984643554687500e+03
2;467000000;2.0276349968942086e+03;2.0276386718750000e+03;2.0276349968942063e+03;2.0276351318359375e+03;2.0276384277343750e+03;2.0276349968941931e+03;2.0276391601562500e+03
3;467000000;8.5055469850593965e+02;8.5055053710937500e+02;8.5055469850594102e+02;8.5055474853515625e+02;8.5055334472656250e+02;8.5055469850592681e+02;8.5055749511718750e+02
4;467000000;9.0178686751203850e+02;9.0179406738281250e+02;9.0178686751203372e+02;9.0178692626953125e+02;9.0179370117187500e+02;9.0178686751200939e+02;9.0179174804687500e+02
5;467000000;3.2093194324964844e+02;3.2092877197265625e+02;3.2093194324964509e+02;3.2093203735351562e+02;3.2092477416992188e+02;3.2093194324963952e+02;3.2093652343750000e+02
6;467000000;5.2995995980674547e+02;5.2996020507812500e+02;5.2995995980674400e+02;5.2996008300781250e+02;5.2996069335937500e+02;5.2995995980673024e+02;5.2996661376953125e+02
7;467000000;-2.8454760955326179e+02;-2.8454412841796875e+02;-2.8454760955327737e+02;-2.8454751586914062e+02;-2.8454647827148438e+02;-2.8454760955328652e+02;-2.8454028320312500e+02
8;467000000;-1.9135440316097486e+03;-1.9135306396484375e+03;-1.9135440316097379e+03;-1.9135439453125000e+03;-1.9135351562500000e+03;-1.9135440316097513e+03;-1.9135386962890625e+03
9;467000000;-2.0029744144661950e+03;-2.0029713134765625e+03;-2.0029744144661936e+03;-2.0029743652343750e+03;-2.0029770507812500e+03;-2.0029744144661909e+03;-2.0029707031250000e+03
0;469000000;3.0516095259573622e+03;3.0516115722656250e+03;3.0516095259573585e+03;3.0516096191406250e+03;3.0516093750000000e+03;3.0516095259573322e+03;3.0516110839843750e+03
1;469000000;2.8775320791984473e+03;2.8775354003906250e+03;2.8775320791984391e+03;2.8775322265625000e+03;2.8775363769531250e+03;2.8775320791984282e+03;2.8775361328125000e+03
2;469000000;2.1414582365633673e+03;2.1414577636718750e+03;2.1414582365633655e+03;2.1414584960937500e+03;2.1414592285156250e+03;2.1414582365633532e+03;2.1414614257812500e+03
3;469000000;9.2805067713339304e+02;9.2805255126953125e+02;9.2805067713339633e+02;9.2805072021484375e+02;9.2805084228515625e+02;9.2805067713336712e+02;9.2805505371093750e+02
4;469000000;1.1876050101531316e+03;1.1876068115234375e+03;1.1876050101531357e+03;1.1876051025390625e+03;1.1876113281250000e+03;1.1876050101531162e+03;1.1876082763671875e+03
5;469000000;1.0515167968659922e+02;1.0514288330078125e+02;1.0515167968660526e+02;1.0515175628662109e+02;1.0514198303222656e+02;1.0515167968658602e+02;1.0515332031250000e+02
6;469000000;9.5812634318680523e+01;9.5813400268554688e+01;9.5812634318686491e+01;9.5812713623046875e+01;9.5823089599609375e+01;9.5812634318678647e+01;9.5819335937500000e+01
7;469000000;-4.5224869479193399e+02;-4.5224841308593750e+02;-4.5224869479193342e+02;-4.5224859619140625e+02;-4.5224087524414062e+02;-4.5224869479195058e+02;-4.5224096679687500e+02
8;469000000;-1.5232045681852760e+03;-1.5231945800781250e+03;-1.5232045681852835e+03;-1.5232044677734375e+03;-1.5231983642578125e+03;-1.5232045681852853e+03;-1.5232000732421875e+03
9;469000000;-1.8182129413590287e+03;-1.8182131347656250e+03;-1.8182129413590453e+03;-1.8182128906250000e+03;-1.8182143554687500e+03;-1.8182129413590328e+03;-1.8182093505859375e+03
0;471000000;2.9034127124654415e+03;2.9034121093750000e+03;2.9034127124654397e+03;2.9034128417968750e+03;2.9034157714843750e+03;2.9034127124654192e+03;2.9034155273437500e+03
1;471000000;2.8764374289016150e+03;2.8764360351562500e+03;2.8764374289016187e+03;2.8764377441406250e+03;2.8764367675781250e+03;2.8764374289016032e+03;2.8764418945312500e+03
2;471000000;2.6664818567402713e+03;2.6664792480468750e+03;2.6664818567402663e+03;2.6664819335937500e+03;2.6664812011718750e+03;2.6664818567402599e+03;2.6664853515625000e+03
3;471000000;8.7822990414098911e+02;8.7822790527343750e+02;8.7822990414098365e+02;8.7822998046875000e+02;8.7822918701171875e+02;8.7822990414097376e+02;8.7823425292968750e+02
4;471000000;8.4070971535909143e+02;8.4071044921875000e+02;8.4070971535908473e+02;8.4070977783203125e+02;8.4071118164062500e+02;8.4070971535907643e+02;8.4071289062500000e+02
5;471000000;4.7187577062543636e+02;4.7187457275390625e+02;4.7187577062544193e+02;4.7187585449218750e+02;4.7187527465820312e+02;4.7187577062542800e+02;4.7187890625000000e+02
6;471000000;8.5022120144350993e+01;8.5018707275390625e+01;8.5022120144354844e+01;8.5022193908691406e+01;8.5025268554687500e+01;8.5022120144342580e+01;8.5029296875000000e+01
7;471000000;-2.3983521221498552e+02;-2.3983700561523438e+02;-2.3983521221497978e+02;-2.3983509826660156e+02;-2.3984207153320312e+02;-2.3983521221499063e+02;-2.3982885742187500e+02
8;471000000;-2.2595398667659956e+03;-2.2595407714843750e+03;-2.2595398667659879e+03;-2.2595397949218750e+03;-2.2595400390625000e+03;-2.2595398667659883e+03;-2.2595327148437500e+03
9;471000000;-1.8615756326570679e+03;-1.8615831298828125e+03;-1.8615756326570631e+03;-1.8615755615234375e+03;-1.8615778808593750e+03;-1.8615756326570638e+03;-1.8615733642578125e+03
0;473000000;3.1744519314847171e+03;3.1744536132812500e+03;3.1744519314847062e+03;3.1744521484375000e+03;3.1744587402343750e+03;3.1744519314846921e+03;3.1744545898437500e+03
1;473000000;2.7484084589646918e+03;2.7484069824218750e+03;2.7484084589646927e+03;2.7484086914062500e+03;2.7484062500000000e+03;2.7484084589646795e+03;2.7484145507812500e+03
2;473000000;2.9431703641785962e+03;2.9431708984375000e+03;2.9431703641785957e+03;2.9431704101562500e+03;2.9431699218750000e+03;2.9431703641785898e+03;2.9431743164062500e+03
3;473000000;1.4013380446665858e+03;1.4013382568359375e+03;1.4013380446665781e+03;1.4013381347656250e+03;1.4013428955078125e+03;1.4013380446665674e+03;1.4013439941406250e+03
4;473000000;1.5243970945503729e+03;1.5244011230468750e+03;1.5243970945503825e+03;1.5243972167968750e+03;1.5243969726562500e+03;1.5243970945503706e+03;1.5244008789062500e+03
5;473000000;6.1848221865472283e+02;6.1847924804687500e+02;6.1848221865471544e+02;6.1848229980468750e+02;6.1848016357421875e+02;6.1848221865471191e+02;6.1848339843750000e+02
6;473000000;4.8172740448143593e+01;4.8171722412109375e+01;4.8172740448139294e+01;4.8172809600830078e+01;4.8177856445312500e+01;4.8172740448128934e+01;4.8178588867187500e+01
7;473000000;-5.4400961994516445e+02;-5.4401232910156250e+02;-5.4400961994516297e+02;-5.4400952148437500e+02;-5.4401538085937500e+02;-5.4400961994517320e+02;-5.4400146484375000e+02
8;473000000;-2.3611666485721375e+03;-2.3611650390625000e+03;-2.3611666485721389e+03;-2.3611665039062500e+03;-2.3611713867187500e+03;-2.3611666485721298e+03;-2.3611621093750000e+03
9;473000000;-1.5655554553573688e+03;-1.5655567626953125e+03;-1.5655554553573784e+03;-1.5655552978515625e+03;-1.5655606689453125e+03;-1.5655554553573645e+03;-1.5655526123046875e+03
0;475000000;3.5049988635961963e+03;3.5049982910156250e+03;3.5049988635961931e+03;3.5049990234375000e+03;3.5049995117187500e+03;3.5049988635961777e+03;3.5050012207031250e+03
1;475000000;3.0520373593287181e+03;3.0520380859375000e+03;3.0520373593287250e+03;3.0520375976562500e+03;3.0520378417968750e+03;3.0520373593287090e+03;3.0520405273437500e+03
2;475000000;2.7400950599311118e+03;2.7400917968750000e+03;2.7400950599311182e+03;2.7400952148437500e+03;2.7400920410156250e+03;2.7400950599310963e+03;2.7400976562500000e+03
3;475000000;1.4822106590921496e+03;1.4822167968750000e+03;1.4822106590921433e+03;1.4822106933593750e+03;1.4822103271484375e+03;1.4822106590921312e+03;1.4822139892578125e+03
4;475000000;1.5920044277871593e+03;1.5920039062500000e+03;1.5920044277871700e+03;1.5920045166015625e+03;1.5920007324218750e+03;1.5920044277871466e+03;1.5920078125000000e+03
5;475000000;4.1063775158733461e+02;4.1063772583007812e+02;4.1063775158734217e+02;4.1063784790039062e+02;4.1063714599609375e+02;4.1063775158732369e+02;4.1064062500000000e+02
6;475000000;1.5308789506958442e+02;1.5308738708496094e+02;1.5308789506959104e+02;1.5308798217773438e+02;1.5309027099609375e+02;1.5308789506956805e+02;1.5309307861328125e+02
7;475000000;-3.0377433342619719e+02;-3.0377532958984375e+02;-3.0377433342620924e+02;-3.0377423095703125e+02;-3.0377508544921875e+02;-3.0377433342621498e+02;-3.0376806640625000e+02
8;475000000;-2.1391355081915935e+03;-2.1391379394531250e+03;-2.1391355081915945e+03;-2.1391352539062500e+03;-2.1391423339843750e+03;-2.1391355081915990e+03;-2.1391311035156250e+03
9;475000000;-2.1564915962838945e+03;-2.1564892578125000e+03;-2.1564915962838886e+03;-2.1564914550781250e+03;-2.1564919433593750e+03;-2.1564915962838804e+03;-2.1564885253906250e+03
0;477000000;2.9792786951100697e+03;2.9792761230468750e+03;2.9792786951100661e+03;2.9792788085937500e+03;2.9792822265625000e+03;2.9792786951100538e+03;2.9792792968750000e+03
1;477000000;3.2836153777110253e+03;3.2836184082031250e+03;3.2836153777110289e+03;3.2836154785156250e+03;3.2836179199218750e+03;3.2836153777110198e+03;3.2836220703125000e+03
2;477000000;2.7646673139064392e+03;2.7646701660156250e+03;2.7646673139064383e+03;2.7646674804687500e+03;2.7646701660156250e+03;2.7646673139064196e+03;2.7646708984375000e+03
3;477000000;1.7246179227647121e+03;1.7246212158203125e+03;1.7246179227647031e+03;1.7246180419921875e+03;1.7246199951171875e+03;1.7246179227646981e+03;1.7246225585937500e+03
4;477000000;1.7622016653711041e+03;1.7621964111328125e+03;1.7622016653711094e+03;1.7622017822265625e+03;1.7621958007812500e+03;1.7622016653710837e+03;1.7622071533203125e+03
5;477000000;1.0211109570284923e+03;1.0211061401367188e+03;1.0211109570284856e+03;1.0211110839843750e+03;1.0211107177734375e+03;1.0211109570284802e+03;1.0211147460937500e+03
6;477000000;2.1265161314771964e+02;2.1265493774414062e+02;2.1265161314772061e+02;2.1265168762207031e+02;2.1265759277343750e+02;2.1265161314769693e+02;2.1265673828125000e+02
7;477000000;-1.4783725951070588e+02;-1.4783549499511719e+02;-1.4783725951070846e+02;-1.4783717346191406e+02;-1.4784170532226562e+02;-1.4783725951073484e+02;-1.4783007812500000e+02
8;477000000;-2.3823646556994217e+03;-2.3823681640625000e+03;-2.3823646556994277e+03;-2.3823645019531250e+03;-2.3823708496093750e+03;-2.3823646556994408e+03;-2.3823581542968750e+03
9;477000000;-2.2079310544786695e+03;-2.2079362792968750e+03;-2.2079310544786604e+03;-2.2079309082031250e+03;-2.2079296875000000e+03;-2.2079310544786595e+03;-2.2079277343750000e+03
0;479000000;2.7409391953673621e+03;2.7409360351562500e+03;2.7409391953673708e+03;2.7409394531250000e+03;2.7409387207031250e+03;2.7409391953673530e+03;2.7409404296875000e+03
1;479000000;3.1490334953729889e+03;3.1490346679687500e+03;3.1490334953729966e+03;3.1490336914062500e+03;3.1490349121093750e+03;3.1490334953729903e+03;3.1490417480468750e+03
2;479000000;3.2819187673454931e+03;3.2819194335937500e+03;3.2819187673454926e+03;3.2819189453125000e+03;3.2819230957031250e+03;3.2819187673454844e+03;3.2819213867187500e+03
3;479000000;1.5555226634108312e+03;1.5555203857421875e+03;1.5555226634108362e+03;1.5555228271484375e+03;1.5555234375000000e+03;1.5555226634108185e+03;1.5555268554687500e+03
4;479000000;2.0407138743495175e+03;2.0407130126953125e+03;2.0407138743495134e+03;2.0407139892578125e+03;2.0407120361328125e+03;2.0407138743494959e+03;2.0407193603515625e+03
5;479000000;1.1285446753591505e+03;1.1285412597656250e+03;1.1285446753591482e+03;1.1285447998046875e+03;1.1285454101562500e+03;1.1285446753591418e+03;1.1285473632812500e+03
6;479000000;3.1426726434220348e+02;3.1427026367187500e+02;3.1426726434219461e+02;3.1426733398437500e+02;3.1427047729492188e+02;3.1426726434217017e+02;3.1427246093750000e+02
7;479000000;-2.0001310572911567e+02;-2.0001333618164062e+02;-2.0001310572911908e+02;-2.0001300048828125e+02;-2.0001443481445312e+02;-2.0001310572914963e+02;-2.0000561523437500e+02
8;479000000;-2.3343486477260763e+03;-2.3343544921875000e+03;-2.3343486477260831e+03;-2.3343486328125000e+03;-2.3343525390625000e+03;-2.3343486477260662e+03;-2.3343427734375000e+03
9;479000000;-2.2420000318721677e+03;-2.2420065917968750e+03;-2.2420000318721568e+03;-2.2420000000000000e+03;-2.2420070800781250e+03;-2.2420000318721468e+03;-2.2419980468750000e+03
0;481000000;2.6134481770445277e+03;2.6134455566406250e+03;2.6134481770445209e+03;2.6134484863281250e+03;2.6134450683593750e+03;2.6134481770445063e+03;2.6134511718750000e+03
1;481000000;2.6201234120851823e+03;2.6201235351562500e+03;2.6201234120851873e+03;2.6201235351562500e+03;2.6201181640625000e+03;2.6201234120851855e+03;2.6201284179687500e+03
2;481000000;3.5822218818656602e+03;3.5822185058593750e+03;3.5822218818656629e+03;3.5822221679687500e+03;3.5822197265625000e+03;3.5822218818656529e+03;3.5822260742187500e+03
3;481000000;1.6747669101209453e+03;1.6747675781250000e+03;1.6747669101209369e+03;1.6747670898437500e+03;1.6747689208984375e+03;1.6747669101209158e+03;1.6747718505859375e+03
4;481000000;2.2958250152680362e+03;2.2958210449218750e+03;2.2958250152680307e+03;2.2958251953125000e+03;2.2958217773437500e+03;2.2958250152680171e+03;2.2958298339843750e+03
5;481000000;1.3092019214206766e+03;1.3091987304687500e+03;1.3092019214206639e+03;1.3092020263671875e+03;1.3092027587890625e+03;1.3092019214206607e+03;1.3092060546875000e+03
6;481000000;6.7234127379633924e+02;6.7234674072265625e+02;6.7234127379633662e+02;6.7234136962890625e+02;6.7233801269531250e+02;6.7234127379631809e+02;6.7234753417968750e+02
7;481000000;3.4687084945106122e+01;3.4682685852050781e+01;3.4687084945096757e+01;3.4687179565429688e+01;3.4685615539550781e+01;3.4687084945075640e+01;3.4693847656250000e+01
8;481000000;-1.8970019000878517e+03;-1.8970074462890625e+03;-1.8970019000878599e+03;-1.8970018310546875e+03;-1.8970107421875000e+03;-1.8970019000878560e+03;-1.8969980468750000e+03
9;481000000;-2.4259910904616172e+03;-2.4259970703125000e+03;-2.4259910904616127e+03;-2.4259909667968750e+03;-2.4259968261718750e+03;-2.4259910904616263e+03;-2.4259902343750000e+03
0;483000000;2.8880304336043964e+03;2.8880270996093750e+03;2.8880304336044060e+03;2.8880307617187500e+03;2.8880278320312500e+03;2.8880304336043846e+03;2.8880327148437500e+03
1;483000000;2.8033675336628712e+03;2.8033708496093750e+03;2.8033675336628667e+03;2.8033676757812500e+03;2.8033693847656250e+03;2.8033675336628544e+03;2.8033718261718750e+03
2;483000000;3.0527802291741837e+03;3.0527785644531250e+03;3.0527802291741859e+03;3.0527805175781250e+03;3.0527802734375000e+03;3.0527802291741750e+03;3.0527841796875000e+03
3;483000000;1.8972693394752089e+03;1.8972707519531250e+03;1.8972693394752098e+03;1.8972694091796875e+03;1.8972679443359375e+03;1.8972693394751855e+03;1.8972717285156250e+03
4;483000000;2.0750410483277938e+03;2.0750371093750000e+03;2.0750410483278029e+03;2.0750412597656250e+03;2.0750400390625000e+03;2.0750410483277819e+03;2.0750451660156250e+03
5;483000000;1.6518014624710488e+03;1.6518012695312500e+03;1.6518014624710609e+03;1.6518016357421875e+03;1.6518023681640625e+03;1.6518014624710488e+03;1.6518056640625000e+03
6;483000000;9.1780631631082031e+02;9.1780609130859375e+02;9.1780631631081883e+02;9.1780645751953125e+02;9.1780407714843750e+02;9.1780631631080632e+02;9.1780926513671875e+02
7;483000000;8.5894423338072556e-01;8.5520172119140625e-01;8.5894423337443015e-01;8.5904347896575928e-01;8.4883117675781250e-01;8.5894423336185355e-01;8.6645507812500000e-01
8;483000000;-2.0673137209545494e+03;-2.0673181152343750e+03;-2.0673137209545362e+03;-2.0673134765625000e+03;-2.0673115234375000e+03;-2.0673137209545566e+03;-2.0673100585937500e+03
9;483000000;-2.4114221090467768e+03;-2.4114191894531250e+03;-2.4114221090467759e+03;-2.4114221191406250e+03;-2.4114208984375000e+03;-2.4114221090467904e+03;-2.4114189453125000e+03
0;485000000;2.2563951814942593e+03;2.2563937988281250e+03;2.2563951814942475e+03;2.2563952636718750e+03;2.2563950195312500e+03;2.2563951814942329e+03;2.2563959960937500e+03
1;485000000;2.1836945908362231e+03;2.1836887207031250e+03;2.1836945908362090e+03;2.1836948242187500e+03;2.1836938476562500e+03;2.1836945908361977e+03;2.1836989746093750e+03
2;485000000;2.9926599544176329e+03;2.9926621093750000e+03;2.9926599544176333e+03;2.9926601562500000e+03;2.9926613769531250e+03;2.9926599544176179e+03;2.9926645507812500e+03
3;485000000;2.4447487776012863e+03;2.4447507324218750e+03;2.4447487776012958e+03;2.4447487792968750e+03;2.4447507324218750e+03;2.4447487776012681e+03;2.4447529296875000e+03
4;485000000;1.9323717974264689e+03;1.9323684082031250e+03;1.9323717974264621e+03;1.9323719482421875e+03;1.9323699951171875e+03;1.9323717974264475e+03;1.9323757324218750e+03
5;485000000;1.8041849233157418e+03;1.8041868896484375e+03;1.8041849233157545e+03;1.8041850585937500e+03;1.8041828613281250e+03;1.8041849233157388e+03;1.8041899414062500e+03
6;485000000;1.1151826839141352e+03;1.1151854248046875e+03;1.1151826839141322e+03;1.1151828613281250e+03;1.1151854248046875e+03;1.1151826839141249e+03;1.1151887207031250e+03
7;485000000;1.4306338596819324e+02;1.4306262207031250e+02;1.4306338596818426e+02;1.4306350708007812e+02;1.4306510925292969e+02;1.4306338596816249e+02;1.4307080078125000e+02
8;485000000;-1.9255687269578743e+03;-1.9255683593750000e+03;-1.9255687269578734e+03;-1.9255686035156250e+03;-1.9255715332031250e+03;-1.9255687269578814e+03;-1.9255642089843750e+03
9;485000000;-1.8968919110004879e+03;-1.8968944091796875e+03;-1.8968919110004867e+03;-1.8968918457031250e+03;-1.8968929443359375e+03;-1.8968919110004952e+03;-1.8968905029296875e+03
0;487000000;2.0952537965299839e+03;2.0952531738281250e+03;2.0952537965299866e+03;2.0952539062500000e+03;2.0952534179687500e+03;2.0952537965299589e+03;2.0952558593750000e+03
1;487000000;2.5278405432497593e+03;2.5278398437500000e+03;2.5278405432497625e+03;2.5278408203125000e+03;2.5278415527343750e+03;2.5278405432497516e+03;2.5278422851562500e+03
2;487000000;2.8404281622746289e+03;2.8404274902343750e+03;2.8404281622746403e+03;2.8404282226562500e+03;2.8404262695312500e+03;2.8404281622746184e+03;2.8404301757812500e+03
3;487000000;2.0182671480116533e+03;2.0182700195312500e+03;2.0182671480116737e+03;2.0182672119140625e+03;2.0182672119140625e+03;2.0182671480116387e+03;2.0182724609375000e+03
4;487000000;2.3371600913846851e+03;2.3371611328125000e+03;2.3371600913846860e+03;2.3371601562500000e+03;2.3371606445312500e+03;2.3371600913846673e+03;2.3371655273437500e+03
5;487000000;1.8001478798777739e+03;1.8001470947265625e+03;1.8001478798777714e+03;1.8001480712890625e+03;1.8001496582031250e+03;1.8001478798777559e+03;1.8001513671875000e+03
6;487000000;1.3920022969515298e+03;1.3920009765625000e+03;1.3920022969515264e+03;1.3920024414062500e+03;1.3920014648437500e+03;1.3920022969515187e+03;1.3920065917968750e+03
7;487000000;3.5127600080080862e+02;3.5127154541015625e+02;3.5127600080081595e+02;3.5127612304687500e+02;3.5127520751953125e+02;3.5127600080078673e+02;3.5128417968750000e+02
8;487000000;-1.6134435553028525e+03;-1.6134508056640625e+03;-1.6134435553028545e+03;-1.6134434814453125e+03;-1.6134459228515625e+03;-1.6134435553028688e+03;-1.6134395751953125e+03
9;487000000;-1.7562811825663016e+03;-1.7562880859375000e+03;-1.7562811825663098e+03;-1.7562811279296875e+03;-1.7562857666015625e+03;-1.7562811825663143e+03;-1.7562790527343750e+03
0;489000000;1.8656318259686229e+03;1.8656354980468750e+03;1.8656318259686275e+03;1.8656319580078125e+03;1.8656323242187500e+03;1.8656318259686159e+03;1.8656328125000000e+03
1;489000000;2.2754396343587696e+03;2.2754460449218750e+03;2.2754396343587678e+03;2.2754396972656250e+03;2.2754450683593750e+03;2.2754396343587614e+03;2.2754448242187500e+03
2;489000000;2.3918938966990991e+03;2.3918955078125000e+03;2.3918938966990986e+03;2.3918940429687500e+03;2.3918935546875000e+03;2.3918938966990781e+03;2.3918979492187500e+03
3;489000000;1.7602822039110874e+03;1.7602808837890625e+03;1.7602822039110847e+03;1.7602823486328125e+03;1.7602795410156250e+03;1.7602822039110683e+03;1.7602866210937500e+03
4;489000000;2.7945293496807139e+03;2.7945251464843750e+03;2.7945293496807130e+03;2.7945295410156250e+03;2.7945288085937500e+03;2.7945293496806953e+03;2.7945344238281250e+03
5;489000000;1.1032709215357881e+03;1.1032673339843750e+03;1.1032709215357818e+03;1.1032711181640625e+03;1.1032640380859375e+03;1.1032709215357704e+03;1.1032758789062500e+03
6;489000000;1.4975726415619245e+03;1.4975736083984375e+03;1.4975726415619149e+03;1.4975727539062500e+03;1.4975772705078125e+03;1.4975726415619015e+03;1.4975784912109375e+03
7;489000000;5.3237299936858267e+02;5.3237329101562500e+02;5.3237299936858585e+02;5.3237310791015625e+02;5.3237554931640625e+02;5.3237299936856789e+02;5.3238110351562500e+02
8;489000000;-1.9763602255146859e+03;-1.9763590087890625e+03;-1.9763602255146882e+03;-1.9763601074218750e+03;-1.9763549804687500e+03;-1.9763602255146775e+03;-1.9763569335937500e+03
9;489000000;-1.7078293693741577e+03;-1.7078231201171875e+03;-1.7078293693741612e+03;-1.7078292236328125e+03;-1.7078212890625000e+03;-1.7078293693741634e+03;-1.7078305664062500e+03
0;491000000;1.3161868132357110e+03;1.3161834716796875e+03;1.3161868132357158e+03;1.3161870117187500e+03;1.3161840820312500e+03;1.3161868132357049e+03;1.3161901855468750e+03
1;491000000;2.1112967604832811e+03;2.1112978515625000e+03;2.1112967604832852e+03;2.1112968750000000e+03;2.1112988281250000e+03;2.1112967604832693e+03;2.1112993164062500e+03
2;491000000;2.5813693485458862e+03;2.5813720703125000e+03;2.5813693485458862e+03;2.5813696289062500e+03;2.5813698730468750e+03;2.5813693485458643e+03;2.5813715820312500e+03
3;491000000;1.9150316831223720e+03;1.9150292968750000e+03;1.9150316831223738e+03;1.9150317382812500e+03;1.9150275878906250e+03;1.9150316831223513e+03;1.9150373535156250e+03
4;491000000;2.3092898977119203e+03;2.3092871093750000e+03;2.3092898977119125e+03;2.3092900390625000e+03;2.3092836914062500e+03;2.3092898977118994e+03;2.3092939453125000e+03
5;491000000;1.9117505280493160e+03;1.9117454833984375e+03;1.9117505280493124e+03;1.9117507324218750e+03;1.9117519531250000e+03;1.9117505280493044e+03;1.9117534179687500e+03
6;491000000;1.5894304294765191e+03;1.5894296875000000e+03;1.5894304294765193e+03;1.5894305419921875e+03;1.5894362792968750e+03;1.5894304294765047e+03;1.5894350585937500e+03
7;491000000;7.7857322048108028e+02;7.7857495117187500e+02;7.7857322048107744e+02;7.7857336425781250e+02;7.7857580566406250e+02;7.7857322048105652e+02;7.7858129882812500e+02
8;491000000;-1.9167587239532936e+03;-1.9167596435546875e+03;-1.9167587239532943e+03;-1.9167585449218750e+03;-1.9167574462890625e+03;-1.9167587239532852e+03;-1.9167539062500000e+03
9;491000000;-1.4440448216649752e+03;-1.4440400390625000e+03;-1.4440448216649725e+03;-1.4440446777343750e+03;-1.4440424804687500e+03;-1.4440448216649693e+03;-1.4440445556640625e+03
0;493000000;1.7927553504587872e+03;1.7927540283203125e+03;1.7927553504587961e+03;1.7927554931640625e+03;1.7927581787109375e+03;1.7927553504587777e+03;1.7927585449218750e+03
1;493000000;1.5290389545747814e+03;1.5290329589843750e+03;1.5290389545747862e+03;1.5290390625000000e+03;1.5290378417968750e+03;1.5290389545747717e+03;1.5290439453125000e+03
2;493000000;2.4030044800982882e+03;2.4030021972656250e+03;2.4030044800982923e+03;2.4030046386718750e+03;2.4030014648437500e+03;2.4030044800982851e+03;2.4030068359375000e+03
3;493000000;1.4562546358752738e+03;1.4562514648437500e+03;1.4562546358752875e+03;1.4562547607421875e+03;1.4562520751953125e+03;1.4562546358752488e+03;1.4562600097656250e+03
4;493000000;2.1502045756405405e+03;2.1502031250000000e+03;2.1502045756405378e+03;2.1502045898437500e+03;2.1501989746093750e+03;2.1502045756405309e+03;2.1502094726562500e+03
5;493000000;2.0694007168712883e+03;2.0693984375000000e+03;2.0694007168712856e+03;2.0694008789062500e+03;2.0693994140625000e+03;2.0694007168712633e+03;2.0694033203125000e+03
6;493000000;1.0429188046924739e+03;1.0429189453125000e+03;1.0429188046924701e+03;1.0429189453125000e+03;1.0429216308593750e+03;1.0429188046924539e+03;1.0429230957031250e+03
7;493000000;9.6872533192640117e+02;9.6872631835937500e+02;9.6872533192639537e+02;9.6872546386718750e+02;9.6872833251953125e+02;9.6872533192638593e+02;9.6873266601562500e+02
8;493000000;-1.2930135832958269e+03;-1.2930187988281250e+03;-1.2930135832958208e+03;-1.2930134277343750e+03;-1.2930185546875000e+03;-1.2930135832958244e+03;-1.2930090332031250e+03
9;493000000;-1.9381611082988618e+03;-1.9381662597656250e+03;-1.9381611082988638e+03;-1.9381610107421875e+03;-1.9381640625000000e+03;-1.9381611082988566e+03;-1.9381612548828125e+03
0;495000000;2.1763570755197807e+03;2.1763598632812500e+03;2.1763570755197866e+03;2.1763571777343750e+03;2.1763603515625000e+03;2.1763570755197579e+03;2.1763608398437500e+03
1;495000000;1.3752596177489534e+03;1.3752614746093750e+03;1.3752596177489465e+03;1.3752597656250000e+03;1.3752562255859375e+03;1.3752596177489395e+03;1.3752653808593750e+03
2;495000000;2.1947291982706229e+03;2.1947265625000000e+03;2.1947291982706265e+03;2.1947292480468750e+03;2.1947258300781250e+03;2.1947291982706183e+03;2.1947338867187500e+03
3;495000000;1.5115453815607616e+03;1.5115461425781250e+03;1.5115453815607655e+03;1.5115455322265625e+03;1.5115437011718750e+03;1.5115453815607411e+03;1.5115484619140625e+03
4;495000000;2.3148142717148326e+03;2.3148161621093750e+03;2.3148142717148330e+03;2.3148144531250000e+03;2.3148154296875000e+03;2.3148142717148121e+03;2.3148178710937500e+03
5;495000000;1.6202530644606356e+03;1.6202529296875000e+03;1.6202530644606488e+03;1.6202531738281250e+03;1.6202535400390625e+03;1.6202530644606220e+03;1.6202583007812500e+03
6;495000000;1.5951948605336249e+03;1.5951945800781250e+03;1.5951948605336215e+03;1.5951949462890625e+03;1.5951966552734375e+03;1.5951948605336036e+03;1.5952011718750000e+03
7;495000000;8.3043234076145711e+02;8.3043243408203125e+02;8.3043234076146200e+02;8.3043249511718750e+02;8.3043371582031250e+02;8.3043234076143835e+02;8.3044091796875000e+02
8;495000000;-9.7279590192864839e+02;-9.7280035400390625e+02;-9.7279590192863247e+02;-9.7279577636718750e+02;-9.7280621337890625e+02;-9.7279590192864293e+02;-9.7279016113281250e+02
9;495000000;-2.0579574000174202e+03;-2.0579597167968750e+03;-2.0579574000174171e+03;-2.0579572753906250e+03;-2.0579597167968750e+03;-2.0579574000174166e+03;-2.0579565429687500e+03
0;497000000;2.1603306556116813e+03;2.1603295898437500e+03;2.1603306556116727e+03;2.1603308105468750e+03;2.1603342285156250e+03;2.1603306556116568e+03;2.1603310546875000e+03
1;497000000;1.7499740915159744e+03;1.7499730224609375e+03;1.7499740915159796e+03;1.7499742431640625e+03;1.7499739990234375e+03;1.7499740915159659e+03;1.7499804687500000e+03
2;497000000;1.5022352487668236e+03;1.5022322998046875e+03;1.5022352487668281e+03;1.5022353515625000e+03;1.5022363281250000e+03;1.5022352487668177e+03;1.5022402343750000e+03
3;497000000;1.2549258118273131e+03;1.2549235839843750e+03;1.2549258118273024e+03;1.2549259033203125e+03;1.2549254150390625e+03;1.2549258118272819e+03;1.2549320068359375e+03
4;497000000;2.0433115611023441e+03;2.0433129882812500e+03;2.0433115611023406e+03;2.0433116455078125e+03;2.0433115234375000e+03;2.0433115611023206e+03;2.0433160400390625e+03
5;497000000;1.5188176423251907e+03;1.5188159179687500e+03;1.5188176423251878e+03;1.5188177490234375e+03;1.5188156738281250e+03;1.5188176423251712e+03;1.5188237304687500e+03
6;497000000;1.8629554422998212e+03;1.8629554443359375e+03;1.8629554422998169e+03;1.8629555664062500e+03;1.8629543457031250e+03;1.8629554422998012e+03;1.8629613037109375e+03
7;497000000;7.1623662672375394e+02;7.1623284912109375e+02;7.1623662672375235e+02;7.1623681640625000e+02;7.1624023437500000e+02;7.1623662672373712e+02;7.1624291992187500e+02
8;497000000;-1.0513203794906633e+03;-1.0513189697265625e+03;-1.0513203794906733e+03;-1.0513201904296875e+03;-1.0513173828125000e+03;-1.0513203794906847e+03;-1.0513148193359375e+03
9;497000000;-9.6803889501705055e+02;-9.6803985595703125e+02;-9.6803889501704521e+02;-9.6803875732421875e+02;-9.6803582763671875e+02;-9.6803889501705362e+02;-9.6803668212890625e+02
0;499000000;1.9274296198699847e+03;1.9274267578125000e+03;1.9274296198699858e+03;1.9274298095703125e+03;1.9274262695312500e+03;1.9274296198699590e+03;1.9274338378906250e+03
1;499000000;2.2060902916904470e+03;2.2060930175781250e+03;2.2060902916904433e+03;2.2060903320312500e+03;2.2060942382812500e+03;2.2060902916904311e+03;2.2060942382812500e+03
2;499000000;1.4276356190340812e+03;1.4276356201171875e+03;1.4276356190340812e+03;1.4276357421875000e+03;1.4276383056640625e+03;1.4276356190340741e+03;1.4276386718750000e+03
3;499000000;1.2924323003731963e+03;1.2924343261718750e+03;1.2924323003732000e+03;1.2924323730468750e+03;1.2924278564453125e+03;1.2924323003731752e+03;1.2924375000000000e+03
4;499000000;1.8156680868735971e+03;1.8156669921875000e+03;1.8156680868735973e+03;1.8156682128906250e+03;1.8156662597656250e+03;1.8156680868735814e+03;1.8156719970703125e+03
5;499000000;1.3891397532403589e+03;1.3891379394531250e+03;1.3891397532403482e+03;1.3891398925781250e+03;1.3891368408203125e+03;1.3891397532403430e+03;1.3891440429687500e+03
6;499000000;1.4541802078837984e+03;1.4541812744140625e+03;1.4541802078837786e+03;1.4541802978515625e+03;1.4541840820312500e+03;1.4541802078837663e+03;1.4541862792968750e+03
7;499000000;1.2356052881813705e+03;1.2356059570312500e+03;1.2356052881813587e+03;1.2356054687500000e+03;1.2356054687500000e+03;1.2356052881813494e+03;1.2356135253906250e+03
8;499000000;-1.0540527402317391e+03;-1.0540550537109375e+03;-1.0540527402317366e+03;-1.0540526123046875e+03;-1.0540473632812500e+03;-1.0540527402317487e+03;-1.0540482177734375e+03
9;499000000;-9.8739531160867261e+02;-9.8739166259765625e+02;-9.8739531160866613e+02;-9.8739520263671875e+02;-9.8739501953125000e+02;-9.8739531160866989e+02;-9.8739184570312500e+02
0;501000000;1.6435409743104253e+03;1.6435461425781250e+03;1.6435409743104249e+03;1.6435411376953125e+03;1.6435435791015625e+03;1.6435409743104037e+03;1.6435424804687500e+03
1;501000000;2.0668974635117793e+03;2.0668972167968750e+03;2.0668974635117693e+03;2.0668977050781250e+03;2.0668930664062500e+03;2.0668974635117625e+03;2.0669016113281250e+03
2;501000000;1.7819715129818132e+03;1.7819675292968750e+03;1.7819715129818030e+03;1.7819716796875000e+03;1.7819746093750000e+03;1.7819715129817891e+03;1.7819737548828125e+03
3;501000000;3.0881735232838940e+02;3.0882376098632812e+02;3.0881735232838543e+02;3.0881741333007812e+02;3.0881457519531250e+02;3.0881735232836354e+02;3.0882208251953125e+02
4;501000000;1.5078137864137184e+03;1.5078076171875000e+03;1.5078137864137177e+03;1.5078138427734375e+03;1.5078146972656250e+03;1.5078137864136977e+03;1.5078183593750000e+03
5;501000000;1.3847299021030558e+03;1.3847299804687500e+03;1.3847299021030485e+03;1.3847301025390625e+03;1.3847286376953125e+03;1.3847299021030278e+03;1.3847338867187500e+03
6;501000000;1.1397700824982237e+03;1.1397701416015625e+03;1.1397700824982346e+03;1.1397701416015625e+03;1.1397723388671875e+03;1.1397700824982035e+03;1.1397741699218750e+03
7;501000000;1.5882740673094177e+03;1.5882724609375000e+03;1.5882740673094247e+03;1.5882741699218750e+03;1.5882745361328125e+03;1.5882740673093995e+03;1.5882841796875000e+03
8;501000000;-9.9340372490758637e+02;-9.9340960693359375e+02;-9.9340372490759398e+02;-9.9340356445312500e+02;-9.9340643310546875e+02;-9.9340372490758909e+02;-9.9340075683593750e+02
9;501000000;-1.0399756700723037e+03;-1.0399702148437500e+03;-1.0399756700723085e+03;-1.0399754638671875e+03;-1.0399687500000000e+03;-1.0399756700723128e+03;-1.0399727783203125e+03
0;503000000;1.7771976026133386e+03;1.7772061767578125e+03;1.7771976026133427e+03;1.7771977539062500e+03;1.7772003173828125e+03;1.7771976026133138e+03;1.7772004394531250e+03
1;503000000;1.7031158095815965e+03;1.7031143798828125e+03;1.7031158095816004e+03;1.7031159667968750e+03;1.7031149902343750e+03;1.7031158095815813e+03;1.7031207275390625e+03
2;503000000;2.1882805694204667e+03;2.1882746582031250e+03;2.1882805694204758e+03;2.1882807617187500e+03;2.1882768554687500e+03;2.1882805694204503e+03;2.1882839355468750e+03
3;503000000;4.7025275105778366e+02;4.7024987792968750e+02;4.7025275105777774e+02;4.7025283813476562e+02;4.7024893188476562e+02;4.7025275105776018e+02;4.7025659179687500e+02
4;503000000;1.5851090591822219e+03;1.5851054687500000e+03;1.5851090591822201e+03;1.5851091308593750e+03;1.5851062011718750e+03;1.5851090591821990e+03;1.5851136474609375e+03
5;503000000;1.1237741778041739e+03;1.1237805175781250e+03;1.1237741778041736e+03;1.1237742919921875e+03;1.1237711181640625e+03;1.1237741778041468e+03;1.1237783203125000e+03
6;503000000;1.1279397103266006e+03;1.1279379882812500e+03;1.1279397103266022e+03;1.1279398193359375e+03;1.1279364013671875e+03;1.1279397103265733e+03;1.1279448242187500e+03
7;503000000;1.1283349468053473e+03;1.1283345947265625e+03;1.1283349468053530e+03;1.1283350830078125e+03;1.1283311767578125e+03;1.1283349468053325e+03;1.1283425292968750e+03
8;503000000;-9.9231874461031407e+02;-9.9231701660156250e+02;-9.9231874461030407e+02;-9.9231854248046875e+02;-9.9232507324218750e+02;-9.9231874461031134e+02;-9.9231408691406250e+02
9;503000000;-9.4522963678372435e+02;-9.4522033691406250e+02;-9.4522963678371309e+02;-9.4522949218750000e+02;-9.4522790527343750e+02;-9.4522963678372616e+02;-9.4522668457031250e+02
0;505000000;1.1998588105153012e+03;1.1998563232421875e+03;1.1998588105153008e+03;1.1998590087890625e+03;1.1998577880859375e+03;1.1998588105152780e+03;1.1998623046875000e+03
1;505000000;1.5954878075050269e+03;1.5954873046875000e+03;1.5954878075050069e+03;1.5954879150390625e+03;1.5954887695312500e+03;1.5954878075050051e+03;1.5954929199218750e+03
2;505000000;1.8382546947220776e+03;1.8382554931640625e+03;1.8382546947220826e+03;1.8382548828125000e+03;1.8382534179687500e+03;1.8382546947220621e+03;1.8382585449218750e+03
3;505000000;9.4616678140948704e+02;9.4616284179687500e+02;9.4616678140948443e+02;9.4616687011718750e+02;9.4616540527343750e+02;9.4616678140947397e+02;9.4617279052734375e+02
4;505000000;9.5987911850635317e+02;9.5988293457031250e+02;9.5987911850634214e+02;9.5987921142578125e+02;9.5988275146484375e+02;9.5987911850632827e+02;9.5988391113281250e+02
5;505000000;8.7252647247742118e+02;8.7252648925781250e+02;8.7252647247741606e+02;8.7252661132812500e+02;8.7253082275390625e+02;8.7252647247739446e+02;8.7252929687500000e+02
6;505000000;1.1242193315834149e+03;1.1242225341796875e+03;1.1242193315834193e+03;1.1242194824218750e+03;1.1242255859375000e+03;1.1242193315833908e+03;1.1242248535156250e+03
7;505000000;6.9667777161146762e+02;6.9667498779296875e+02;6.9667777161144863e+02;6.9667791748046875e+02;6.9667419433593750e+02;6.9667777161143658e+02;6.9668652343750000e+02
8;505000000;-7.7535994650384725e+02;-7.7535375976562500e+02;-7.7535994650384873e+02;-7.7535974121093750e+02;-7.7535211181640625e+02;-7.7535994650386101e+02;-7.7535473632812500e+02
9;505000000;-6.5024087426061817e+02;-6.5024627685546875e+02;-6.5024087426061783e+02;-6.5024072265625000e+02;-6.5024194335937500e+02;-6.5024087426063272e+02;-6.5023681640625000e+02
0;507000000;1.2876383388939018e+03;1.2876403808593750e+03;1.2876383388939114e+03;1.2876384277343750e+03;1.2876389160156250e+03;1.2876383388938830e+03;1.2876413574218750e+03
1;507000000;1.8428364584381293e+03;1.8428360595703125e+03;1.8428364584381245e+03;1.8428365478515625e+03;1.8428416748046875e+03;1.8428364584381102e+03;1.8428391113281250e+03
2;507000000;1.5428953650585345e+03;1.5428996582031250e+03;1.5428953650585345e+03;1.5428955078125000e+03;1.5429016113281250e+03;1.5428953650585186e+03;1.5428988037109375e+03
3;507000000;1.2656810613260150e+03;1.2656768798828125e+03;1.2656810613260161e+03;1.2656811523437500e+03;1.2656791992187500e+03;1.2656810613259909e+03;1.2656842041015625e+03
4;507000000;1.0433029882064109e+03;1.0433100585937500e+03;1.0433029882064104e+03;1.0433031005859375e+03;1.0433062744140625e+03;1.0433029882063961e+03;1.0433077392578125e+03
5;507000000;9.0750505792690308e+02;9.0750531005859375e+02;9.0750505792691251e+02;9.0750518798828125e+02;9.0750836181640625e+02;9.0750505792688637e+02;9.0750781250000000e+02
6;507000000;4.9778263233556271e+02;4.9778341674804688e+02;4.9778263233556106e+02;4.9778274536132812e+02;4.9778036499023438e+02;4.9778263233554208e+02;4.9778692626953125e+02
7;507000000;6.2784417134616399e+02;6.2783636474609375e+02;6.2784417134616251e+02;6.2784429931640625e+02;6.2784307861328125e+02;6.2784417134613977e+02;6.2785009765625000e+02
8;507000000;-1.0234474461500462e+03;-1.0234441528320312e+03;-1.0234474461500384e+03;-1.0234472656250000e+03;-1.0234483642578125e+03;-1.0234474461500672e+03;-1.0234426269531250e+03
9;507000000;-4.3034571352527104e+02;-4.3035296630859375e+02;-4.3034571352526433e+02;-4.3034555053710938e+02;-4.3035278320312500e+02;-4.3034571352527496e+02;-4.3034167480468750e+02
0;509000000;1.7955908587997876e+03;1.7955867919921875e+03;1.7955908587997721e+03;1.7955909423828125e+03;1.7955894775390625e+03;1.7955908587997556e+03;1.7955954589843750e+03
1;509000000;1.3066987151584171e+03;1.3067014160156250e+03;1.3066987151584153e+03;1.3066988525390625e+03;1.3067059326171875e+03;1.3066987151584044e+03;1.3067045898437500e+03
2;509000000;1.4656392489065877e+03;1.4656469726562500e+03;1.4656392489065788e+03;1.4656394042968750e+03;1.4656468505859375e+03;1.4656392489065756e+03;1.4656433105468750e+03
3;509000000;7.7917419972576158e+02;7.7917529296875000e+02;7.7917419972575442e+02;7.7917425537109375e+02;7.7917309570312500e+02;7.7917419972572770e+02;7.7917913818359375e+02
4;509000000;1.4371690635750026e+03;1.4371667480468750e+03;1.4371690635750058e+03;1.4371691894531250e+03;1.4371677246093750e+03;1.4371690635749771e+03;1.4371737060546875e+03
5;509000000;4.2805694712636682e+02;4.2805654907226562e+02;4.2805694712636716e+02;4.2805703735351562e+02;4.2806109619140625e+02;4.2805694712635545e+02;4.2806054687500000e+02
6;509000000;3.4043783708281177e+02;3.4043380737304688e+02;3.4043783708281762e+02;3.4043795776367188e+02;3.4043411254882812e+02;3.4043783708278352e+02;3.4044241333007812e+02
7;509000000;7.0232489328104350e+02;7.0232287597656250e+02;7.0232489328104850e+02;7.0232507324218750e+02;7.0232379150390625e+02;7.0232489328103520e+02;7.0233105468750000e+02
8;509000000;-1.2865585563737986e+03;-1.2865631103515625e+03;-1.2865585563737989e+03;-1.2865583496093750e+03;-1.2865654296875000e+03;-1.2865585563738134e+03;-1.2865551757812500e+03
9;509000000;-6.2027643449449943e+02;-6.2027856445312500e+02;-6.2027643449449033e+02;-6.2027624511718750e+02;-6.2028240966796875e+02;-6.2027643449450693e+02;-6.2027349853515625e+02
0;511000000;1.7364790926335666e+03;1.7364805908203125e+03;1.7364790926335593e+03;1.7364792480468750e+03;1.7364815673828125e+03;1.7364790926335431e+03;1.7364833984375000e+03
1;511000000;1.2090131753235805e+03;1.2090119628906250e+03;1.2090131753235835e+03;1.2090133056640625e+03;1.2090184326171875e+03;1.2090131753235646e+03;1.2090169677734375e+03
2;511000000;1.8439206692253535e+03;1.8439185791015625e+03;1.8439206692253538e+03;1.8439207763671875e+03;1.8439143066406250e+03;1.8439206692253415e+03;1.8439229736328125e+03
3;511000000;2.5514550034505237e+02;2.5515093994140625e+02;2.5514550034505655e+02;2.5514553833007812e+02;2.5514816284179688e+02;2.5514550034502872e+02;2.5514898681640625e+02
4;511000000;1.5912305340638184e+03;1.5912297363281250e+03;1.5912305340638209e+03;1.5912305908203125e+03;1.5912281494140625e+03;1.5912305340637970e+03;1.5912358398437500e+03
5;511000000;4.2520040991993210e+02;4.2520355224609375e+02;4.2520040991992778e+02;4.2520050048828125e+02;4.2519845581054688e+02;4.2520040991991209e+02;4.2520361328125000e+02
6;511000000;3.5077683917361634e+02;3.5077313232421875e+02;3.5077683917361463e+02;3.5077694702148438e+02;3.5078030395507812e+02;3.5077683917359400e+02;3.5078210449218750e+02
7;511000000;-3.8414584304976856e+01;-3.8413627624511719e+01;-3.8414584304978007e+01;-3.8414455413818359e+01;-3.8421112060546875e+01;-3.8414584305004610e+01;-3.8407226562500000e+01
8;511000000;-1.5382346275547445e+03;-1.5382390136718750e+03;-1.5382346275547411e+03;-1.5382344970703125e+03;-1.5382338867187500e+03;-1.5382346275547463e+03;-1.5382307128906250e+03
9;511000000;-1.1686214921042881e+03;-1.1686192626953125e+03;-1.1686214921042979e+03;-1.1686213378906250e+03;-1.1686214599609375e+03;-1.1686214921043038e+03;-1.1686181640625000e+03
0;513000000;1.0258129515689318e+03;1.0258122558593750e+03;1.0258129515689366e+03;1.0258131103515625e+03;1.0258151855468750e+03;1.0258129515689161e+03;1.0258166503906250e+03
1;513000000;1.5951230745828746e+03;1.5951195068359375e+03;1.5951230745828761e+03;1.5951231689453125e+03;1.5951177978515625e+03;1.5951230745828707e+03;1.5951281738281250e+03
2;513000000;1.3439160242054900e+03;1.3439118652343750e+03;1.3439160242054884e+03;1.3439161376953125e+03;1.3439133300781250e+03;1.3439160242054713e+03;1.3439183349609375e+03
3;513000000;1.9652860640242488e+02;1.9652781677246094e+02;1.9652860640242000e+02;1.9652865600585938e+02;1.9652896118164062e+02;1.9652860640240033e+02;1.9653356933593750e+02
4;513000000;1.1373563070848704e+03;1.1373575439453125e+03;1.1373563070848650e+03;1.1373563232421875e+03;1.1373565673828125e+03;1.1373563070848550e+03;1.1373596191406250e+03
5;513000000;8.0614631201453835e+02;8.0614599609375000e+02;8.0614631201454449e+02;8.0614642333984375e+02;8.0614648437500000e+02;8.0614631201452403e+02;8.0614746093750000e+02
6;513000000;5.1071456064247855e+01;5.1071632385253906e+01;5.1071456064247670e+01;5.1071552276611328e+01;5.1067459106445312e+01;5.1071456064229096e+01;5.1075714111328125e+01
7;513000000;-1.2003845273156571e+02;-1.2004219055175781e+02;-1.2003845273155285e+02;-1.2003832244873047e+02;-1.2004370117187500e+02;-1.2003845273158277e+02;-1.2003125000000000e+02
8;513000000;-1.3224796882029266e+03;-1.3224805908203125e+03;-1.3224796882029175e+03;-1.3224794921875000e+03;-1.3224830322265625e+03;-1.3224796882029150e+03;-1.3224770507812500e+03
9;513000000;-1.0122026999050656e+03;-1.0122013549804688e+03;-1.0122026999050606e+03;-1.0122025146484375e+03;-1.0121988525390625e+03;-1.0122026999050559e+03;-1.0121995849609375e+03
0;515000000;1.6898729118282538e+03;1.6898765869140625e+03;1.6898729118282351e+03;1.6898730468750000e+03;1.6898760986328125e+03;1.6898729118282104e+03;1.6898762207031250e+03
1;515000000;1.6172719222131773e+03;1.6172692871093750e+03;1.6172719222131843e+03;1.6172720947265625e+03;1.6172645263671875e+03;1.6172719222131686e+03;1.6172761230468750e+03
2;515000000;1.4619179524789370e+03;1.4619195556640625e+03;1.4619179524789263e+03;1.4619180908203125e+03;1.4619187011718750e+03;1.4619179524789124e+03;1.4619206542968750e+03
3;515000000;7.1136556182555125e+02;7.1136761474609375e+02;7.1136556182554261e+02;7.1136560058593750e+02;7.1136047363281250e+02;7.1136556182551112e+02;7.1136975097656250e+02
4;515000000;7.5259039105660622e+02;7.5258819580078125e+02;7.5259039105659349e+02;7.5259045410156250e+02;7.5258898925781250e+02;7.5259039105658803e+02;7.5259472656250000e+02
5;515000000;1.0139161454981866e+03;1.0139138793945312e+03;1.0139161454981813e+03;1.0139162597656250e+03;1.0139141845703125e+03;1.0139161454981554e+03;1.0139189453125000e+03
6;515000000;2.9361599604688956e+02;2.9361691284179688e+02;2.9361599604689428e+02;2.9361608886718750e+02;2.9361410522460938e+02;2.9361599604687081e+02;2.9362271118164062e+02
7;515000000;-2.7507709129037050e+02;-2.7507495117187500e+02;-2.7507709129035868e+02;-2.7507699584960938e+02;-2.7507855224609375e+02;-2.7507709129038858e+02;-2.7506884765625000e+02
8;515000000;-1.8334879838402976e+03;-1.8334892578125000e+03;-1.8334879838402981e+03;-1.8334877929687500e+03;-1.8334930419921875e+03;-1.8334879838403069e+03;-1.8334835205078125e+03
9;515000000;-1.5273277044270699e+03;-1.5273203125000000e+03;-1.5273277044270681e+03;-1.5273275146484375e+03;-1.5273256835937500e+03;-1.5273277044270817e+03;-1.5273239746093750e+03
0;517000000;1.4342884239035966e+03;1.4342916259765625e+03;1.4342884239036023e+03;1.4342885742187500e+03;1.4342913818359375e+03;1.4342884239035702e+03;1.4342919921875000e+03
1;517000000;1.2773525879873000e+03;1.2773466796875000e+03;1.2773525879873075e+03;1.2773526611328125e+03;1.2773553466796875e+03;1.2773525879872907e+03;1.2773559570312500e+03
2;517000000;1.6104155350007061e+03;1.6104146728515625e+03;1.6104155350007138e+03;1.6104156494140625e+03;1.6104145507812500e+03;1.6104155350006888e+03;1.6104194335937500e+03
3;517000000;4.2610438694398812e+02;4.2610113525390625e+02;4.2610438694397737e+02;4.2610440063476562e+02;4.2610455322265625e+02;4.2610438694395361e+02;4.2610815429687500e+02
4;517000000;1.0954913770701639e+03;1.0954931640625000e+03;1.0954913770701626e+03;1.0954914550781250e+03;1.0954869384765625e+03;1.0954913770701401e+03;1.0954957275390625e+03
5;517000000;8.1479077282206686e+02;8.1478918457031250e+02;8.1479077282206686e+02;8.1479089355468750e+02;8.1478765869140625e+02;8.1479077282202707e+02;8.1479248046875000e+02
6;517000000;8.2717121967538776e+02;8.2716918945312500e+02;8.2717121967537003e+02;8.2717132568359375e+02;8.2717004394531250e+02;8.2717121967534968e+02;8.2717559814453125e+02
7;517000000;-6.8212923285043166e+02;-6.8213305664062500e+02;-6.8212923285043735e+02;-6.8212915039062500e+02;-6.8213262939453125e+02;-6.8212923285045895e+02;-6.8212011718750000e+02
8;517000000;-1.8826287559122411e+03;-1.8826326904296875e+03;-1.8826287559122416e+03;-1.8826285400390625e+03;-1.8826348876953125e+03;-1.8826287559122397e+03;-1.8826228027343750e+03
9;517000000;-1.3117025002945797e+03;-1.3116945800781250e+03;-1.3117025002945716e+03;-1.3117023925781250e+03;-1.3116977539062500e+03;-1.3117025002945979e+03;-1.3117012939453125e+03
0;519000000;8.8799206563587688e+02;8.8798864746093750e+02;8.8799206563587654e+02;8.8799218750000000e+02;8.8799298095703125e+02;8.8799206563585221e+02;8.8799462890625000e+02
1;519000000;1.4277717221173623e+03;1.4277684326171875e+03;1.4277717221173566e+03;1.4277718505859375e+03;1.4277751464843750e+03;1.4277717221173427e+03;1.4277755126953125e+03
2;519000000;1.6147549340882354e+03;1.6147542724609375e+03;1.6147549340882445e+03;1.6147550048828125e+03;1.6147550048828125e+03;1.6147549340882172e+03;1.6147593994140625e+03
3;519000000;3.9540494115532601e+02;3.9541174316406250e+02;3.9540494115532340e+02;3.9540496826171875e+02;3.9541009521484375e+02;3.9540494115530146e+02;3.9541009521484375e+02
4;519000000;1.0007450260627850e+03;1.0007459106445312e+03;1.0007450260627757e+03;1.0007450561523438e+03;1.0007469482421875e+03;1.0007450260627643e+03;1.0007506713867188e+03
5;519000000;1.3231559862696537e+02;1.3231512451171875e+02;1.3231559862696605e+02;1.3231567382812500e+02;1.3231843566894531e+02;1.3231559862693575e+02;1.3231933593750000e+02
6;519000000;5.2063390002618678e+02;5.2063757324218750e+02;5.2063390002619622e+02;5.2063397216796875e+02;5.2063525390625000e+02;5.2063390002616325e+02;5.2063830566406250e+02
7;519000000;-4.6095556923364506e+02;-4.6096325683593750e+02;-4.6095556923363887e+02;-4.6095544433593750e+02;-4.6095611572265625e+02;-4.6095556923366803e+02;-4.6094824218750000e+02
8;519000000;-2.3350666411657744e+03;-2.3350715332031250e+03;-2.3350666411657799e+03;-2.3350664062500000e+03;-2.3350698242187500e+03;-2.3350666411657921e+03;-2.3350627441406250e+03
9;519000000;-1.5411465697322392e+03;-1.5411365966796875e+03;-1.5411465697322531e+03;-1.5411464843750000e+03;-1.5411425781250000e+03;-1.5411465697322599e+03;-1.5411444091796875e+03
0;521000000;8.7178126736298452e+02;8.7178216552734375e+02;8.7178126736298304e+02;8.7178137207031250e+02;8.7177770996093750e+02;8.7178126736296281e+02;8.7178442382812500e+02
1;521000000;1.3520048294328835e+03;1.3520041503906250e+03;1.3520048294328917e+03;1.3520050048828125e+03;1.3520024414062500e+03;1.3520048294328712e+03;1.3520097656250000e+03
2;521000000;1.6934936299844990e+03;1.6934924316406250e+03;1.6934936299844940e+03;1.6934937744140625e+03;1.6934877929687500e+03;1.6934936299844730e+03;1.6934957275390625e+03
3;521000000;5.0303723616083533e+02;5.0303894042968750e+02;5.0303723616084562e+02;5.0303729248046875e+02;5.0303787231445312e+02;5.0303723616081925e+02;5.0304058837890625e+02
4;521000000;8.6406860353558841e+02;8.6407427978515625e+02;8.6406860353559682e+02;8.6406860351562500e+02;8.6407299804687500e+02;8.6406860353557613e+02;8.6407421875000000e+02
5;521000000;6.2393009634639475e+02;6.2392602539062500e+02;6.2393009634639225e+02;6.2393017578125000e+02;6.2392730712890625e+02;6.2393009634637019e+02;6.2393212890625000e+02
6;521000000;4.4604482063293602e+02;4.4604791259765625e+02;4.4604482063292602e+02;4.4604489135742188e+02;4.4604656982421875e+02;4.4604482063289925e+02;4.4604864501953125e+02
7;521000000;-8.9562743322780562e+00;-8.9599609375000000e+00;-8.9562743322649112e+00;-8.9561624526977539e+00;-8.9575805664062500e+00;-8.9562743322931055e+00;-8.9484863281250000e+00
8;521000000;-2.7559473524851528e+03;-2.7559477539062500e+03;-2.7559473524851583e+03;-2.7559472656250000e+03;-2.7559423828125000e+03;-2.7559473524851783e+03;-2.7559421386718750e+03
9;521000000;-1.6404602489129309e+03;-1.6404521484375000e+03;-1.6404602489129388e+03;-1.6404600830078125e+03;-1.6404505615234375e+03;-1.6404602489129475e+03;-1.6404602050781250e+03
0;523000000;8.7879918957906511e+01;8.7880393981933594e+01;8.7879918957896109e+01;8.7880050659179688e+01;8.7885025024414062e+01;8.7879918957887639e+01;8.7881835937500000e+01
1;523000000;7.1507735321292932e+02;7.1507727050781250e+02;7.1507735321292523e+02;7.1507745361328125e+02;7.1508117675781250e+02;7.1507735321290625e+02;7.1508251953125000e+02
2;523000000;1.4074289393331444e+03;1.4074337158203125e+03;1.4074289393331417e+03;1.4074290771484375e+03;1.4074307861328125e+03;1.4074289393331132e+03;1.4074306640625000e+03
3;523000000;3.6745060711400805e+02;3.6745300292968750e+02;3.6745060711399890e+02;3.6745065307617188e+02;3.6745123291015625e+02;3.6745060711398241e+02;3.6745806884765625e+02
4;523000000;1.0436482414913562e+03;1.0436486816406250e+03;1.0436482414913401e+03;1.0436483154296875e+03;1.0436534423828125e+03;1.0436482414913262e+03;1.0436547851562500e+03
5;523000000;5.7911371912147092e+02;5.7911663818359375e+02;5.7911371912147524e+02;5.7911376953125000e+02;5.7910870361328125e+02;5.7911371912144568e+02;5.7911621093750000e+02
6;523000000;-2.1858150640350516e+02;-2.1857836914062500e+02;-2.1858150640349692e+02;-2.1858145141601562e+02;-2.1857656860351562e+02;-2.1858150640353279e+02;-2.1857632446289062e+02
7;523000000;-2.5613558747343438e+02;-2.5613555908203125e+02;-2.5613558747344075e+02;-2.5613546752929688e+02;-2.5613687133789062e+02;-2.5613558747346860e+02;-2.5612597656250000e+02
8;523000000;-2.3384127377326390e+03;-2.3384143066406250e+03;-2.3384127377326372e+03;-2.3384125976562500e+03;-2.3384121093750000e+03;-2.3384127377326495e+03;-2.3384108886718750e+03
9;523000000;-2.2432211587214347e+03;-2.2432248535156250e+03;-2.2432211587214383e+03;-2.2432209472656250e+03;-2.2432150878906250e+03;-2.2432211587214465e+03;-2.2432207031250000e+03
0;525000000;-1.6755001470614727e+02;-1.6754573059082031e+02;-1.6755001470615045e+02;-1.6754989624023438e+02;-1.6754981994628906e+02;-1.6755001470617344e+02;-1.6754687500000000e+02
1;525000000;3.3851395119703284e+02;3.3850918579101562e+02;3.3851395119705069e+02;3.3851403808593750e+02;3.3851409912109375e+02;3.3851395119702738e+02;3.3851977539062500e+02
2;525000000;1.2038733351620790e+03;1.2038818359375000e+03;1.2038733351620747e+03;1.2038734130859375e+03;1.2038769531250000e+03;1.2038733351620576e+03;1.2038779296875000e+03
3;525000000;4.7958289105700868e+02;4.7958746337890625e+02;4.7958289105701579e+02;4.7958294677734375e+02;4.7958383178710938e+02;4.7958289105698327e+02;4.7958709716796875e+02
4;525000000;1.1030205474089555e+03;1.1030200195312500e+03;1.1030205474089512e+03;1.1030206298828125e+03;1.1030181884765625e+03;1.1030205474089380e+03;1.1030263671875000e+03
5;525000000;2.3330020915804107e+02;2.3329467773437500e+02;2.3330020915804636e+02;2.3330026245117188e+02;2.3329901123046875e+02;2.3330020915802515e+02;2.3330273437500000e+02
6;525000000;1.0701253943703762e+02;1.0701593780517578e+02;1.0701253943703922e+02;1.0701259613037109e+02;1.0701181030273438e+02;1.0701253943700794e+02;1.0701687622070312e+02
7;525000000;-9.7211084339090036e+01;-9.7214553833007812e+01;-9.7211084339093816e+01;-9.7210975646972656e+01;-9.7216552734375000e+01;-9.7211084339121953e+01;-9.7202636718750000e+01
8;525000000;-1.9516064476849906e+03;-1.9516093750000000e+03;-1.9516064476850020e+03;-1.9516063232421875e+03;-1.9516135253906250e+03;-1.9516064476850086e+03;-1.9516027832031250e+03
9;525000000;-2.3571542547597519e+03;-2.3571525878906250e+03;-2.3571542547597460e+03;-2.3571540527343750e+03;-2.3571572265625000e+03;-2.3571542547597637e+03;-2.3571528320312500e+03
0;527000000;-9.3051243107610077e+01;-9.3049667358398438e+01;-9.3051243107607405e+01;-9.3051116943359375e+01;-9.3043380737304688e+01;-9.3051243107620849e+01;-9.3046875000000000e+01
1;527000000;-9.9929359935761397e-01;-9.9808883666992188e-01;-9.9929359936049877e-01;-9.9916714429855347e-01;-1.0017776489257812e+00;-9.9929359937232221e-01;-9.9621582031250000e-01
2;527000000;8.9217898409438953e+02;8.9218493652343750e+02;8.9217898409438965e+02;8.9217907714843750e+02;8.9217816162109375e+02;8.9217898409436566e+02;8.9218310546875000e+02
3;527000000;4.8647389806756763e+02;4.8647109985351562e+02;4.8647389806755893e+02;4.8647393798828125e+02;4.8647064208984375e+02;4.8647389806753108e+02;4.8647723388671875e+02
4;527000000;5.9351580320245193e+02;5.9351977539062500e+02;5.9351580320245455e+02;5.9351580810546875e+02;5.9351879882812500e+02;5.9351580320242965e+02;5.9352160644531250e+02
5;527000000;1.9343702574196300e+02;1.9343365478515625e+02;1.9343702574196513e+02;1.9343710327148438e+02;1.9343644714355469e+02;1.9343702574194526e+02;1.9343994140625000e+02
6;527000000;-5.8782992852463707e+01;-5.8782554626464844e+01;-5.8782992852469022e+01;-5.8782932281494141e+01;-5.8785827636718750e+01;-5.8782992852497046e+01;-5.8777557373046875e+01
7;527000000;-7.3023054822984216e+02;-7.3023425292968750e+02;-7.3023054822984761e+02;-7.3023046875000000e+02;-7.3024029541015625e+02;-7.3023054822987524e+02;-7.3022314453125000e+02
8;527000000;-1.8378890781407501e+03;-1.8378898925781250e+03;-1.8378890781407492e+03;-1.8378889160156250e+03;-1.8378873291015625e+03;-1.8378890781407626e+03;-1.8378859863281250e+03
9;527000000;-2.0399025133970492e+03;-2.0399028320312500e+03;-2.0399025133970563e+03;-2.0399023437500000e+03;-2.0399028320312500e+03;-2.0399025133970874e+03;-2.0399036865234375e+03
0;529000000;-1.0193341809312641e+03;-1.0193372802734375e+03;-1.0193341809312537e+03;-1.0193340454101562e+03;-1.0193398437500000e+03;-1.0193341809312760e+03;-1.0193298339843750e+03
1;529000000;-1.2134463842972825e+02;-1.2134236907958984e+02;-1.2134463842972369e+02;-1.2134452819824219e+02;-1.2134470367431641e+02;-1.2134463842973901e+02;-1.2134130859375000e+02
2;529000000;4.2782098580570488e+02;4.2782031250000000e+02;4.2782098580572460e+02;4.2782104492187500e+02;4.2781646728515625e+02;4.2782098580570118e+02;4.2782348632812500e+02
3;529000000;-1.0133747820807372e+01;-1.0132995605468750e+01;-1.0133747820815785e+01;-1.0133728981018066e+01;-1.0131927490234375e+01;-1.0133747820838380e+01;-1.0129699707031250e+01
4;529000000;1.1280463671292532e+03;1.1280488281250000e+03;1.1280463671292587e+03;1.1280463867187500e+03;1.1280482177734375e+03;1.1280463671292368e+03;1.1280518798828125e+03
5;529000000;6.7534951181659301e+02;6.7534667968750000e+02;6.7534951181659790e+02;6.7534954833984375e+02;6.7535058593750000e+02;6.7534951181657107e+02;6.7535253906250000e+02
6;529000000;-2.9801840078664475e+02;-2.9801501464843750e+02;-2.9801840078664480e+02;-2.9801834106445312e+02;-2.9801696777343750e+02;-2.9801840078667283e+02;-2.9801309204101562e+02
7;529000000;-4.4943580438722165e+02;-4.4943450927734375e+02;-4.4943580438721227e+02;-4.4943572998046875e+02;-4.4942935180664062e+02;-4.4943580438725257e+02;-4.4942675781250000e+02
8;529000000;-2.1856832437864500e+03;-2.1856779785156250e+03;-2.1856832437864596e+03;-2.1856831054687500e+03;-2.1856843261718750e+03;-2.1856832437864641e+03;-2.1856796875000000e+03
9;529000000;-1.6583490415571646e+03;-1.6583442382812500e+03;-1.6583490415571571e+03;-1.6583488769531250e+03;-1.6583488769531250e+03;-1.6583490415571964e+03;-1.6583485107421875e+03
0;531000000;9.3924572960710350e+01;9.3933013916015625e+01;9.3924572960695258e+01;9.3924728393554688e+01;9.3927742004394531e+01;9.3924572960679143e+01;9.3928955078125000e+01
1;531000000;-2.8981344968048541e+02;-2.8980709838867188e+02;-2.8981344968048057e+02;-2.8981332397460938e+02;-2.8980776977539062e+02;-2.8981344968049279e+02;-2.8980773925781250e+02
2;531000000;-1.3831633590625913e+01;-1.3828582763671875e+01;-1.3831633590615496e+01;-1.3831535339355469e+01;-1.3832305908203125e+01;-1.3831633590620186e+01;-1.3829040527343750e+01
3;531000000;-1.2452993730832964e+02;-1.2452966308593750e+02;-1.2452993730832588e+02;-1.2452991485595703e+02;-1.2453292846679688e+02;-1.2452993730834669e+02;-1.2452563476562500e+02
4;531000000;6.9081640012500554e+02;6.9081591796875000e+02;6.9081640012500611e+02;6.9081646728515625e+02;6.9081481933593750e+02;6.9081640012497542e+02;6.9082214355468750e+02
5;531000000;-1.9742238468336063e+02;-1.9742375183105469e+02;-1.9742238468335989e+02;-1.9742231750488281e+02;-1.9742572021484375e+02;-1.9742238468339519e+02;-1.9741845703125000e+02
6;531000000;-1.5387166614784422e+02;-1.5387133789062500e+02;-1.5387166614785195e+02;-1.5387158203125000e+02;-1.5386743164062500e+02;-1.5387166614787520e+02;-1.5386694335937500e+02
7;531000000;-7.3075660450258374e+02;-7.3076177978515625e+02;-7.3075660450257624e+02;-7.3075653076171875e+02;-7.3075897216796875e+02;-7.3075660450260420e+02;-7.3074975585937500e+02
8;531000000;-2.3928648681894074e+03;-2.3928674316406250e+03;-2.3928648681894033e+03;-2.3928647460937500e+03;-2.3928664550781250e+03;-2.3928648681893965e+03;-2.3928613281250000e+03
9;531000000;-1.9155703688642534e+03;-1.9155716552734375e+03;-1.9155703688642582e+03;-1.9155701904296875e+03;-1.9155678710937500e+03;-1.9155703688642727e+03;-1.9155693359375000e+03
0;533000000;2.6774412935761711e+02;2.6774700927734375e+02;2.6774412935760301e+02;2.6774429321289062e+02;2.6775057983398438e+02;2.6774412935759710e+02;2.6774804687500000e+02
1;533000000;-9.4030629271636440e+02;-9.4029589843750000e+02;-9.4030629271635564e+02;-9.4030615234375000e+02;-9.4030102539062500e+02;-9.4030629271637304e+02;-9.4030273437500000e+02
2;533000000;-8.7797363217704145e+00;-8.7832794189453125e+00;-8.7797363217633517e+00;-8.7796525955200195e+00;-8.7860870361328125e+00;-8.7797363217860038e+00;-8.7761840820312500e+00
3;533000000;-8.1875563928346560e+02;-8.1875659179687500e+02;-8.1875563928344422e+02;-8.1875561523437500e+02;-8.1875921630859375e+02;-8.1875563928348220e+02;-8.1875091552734375e+02
4;533000000;2.1526264530298999e+02;2.1526307678222656e+02;2.1526264530300060e+02;2.1526266479492188e+02;2.1526332092285156e+02;2.1526264530297408e+02;2.1526806640625000e+02
5;533000000;3.6590983868607060e+02;3.6591574096679688e+02;3.6590983868607293e+02;3.6590991210937500e+02;3.6591006469726562e+02;3.6590983868604576e+02;3.6591259765625000e+02
6;533000000;1.5241669987573175e+02;1.5240966796875000e+02;1.5241669987573954e+02;1.5241676330566406e+02;1.5241355895996094e+02;1.5241669987569912e+02;1.5242065429687500e+02
7;533000000;-9.9769284072680159e+02;-9.9769812011718750e+02;-9.9769284072679761e+02;-9.9769274902343750e+02;-9.9769726562500000e+02;-9.9769284072683217e+02;-9.9768481445312500e+02
8;533000000;-2.2845770363819611e+03;-2.2845781250000000e+03;-2.2845770363819570e+03;-2.2845769042968750e+03;-2.2845756835937500e+03;-2.2845770363819606e+03;-2.2845722656250000e+03
9;533000000;-2.2194018347165788e+03;-2.2194047851562500e+03;-2.2194018347165734e+03;-2.2194016113281250e+03;-2.2194030761718750e+03;-2.2194018347165820e+03;-2.2194023437500000e+03
0;535000000;6.7880326753101292e+02;6.7880432128906250e+02;6.7880326753101053e+02;6.7880340576171875e+02;6.7880279541015625e+02;6.7880326753098643e+02;6.7880712890625000e+02
1;535000000;-1.0299202945644865e+01;-1.0296951293945312e+01;-1.0299202945643060e+01;-1.0299059867858887e+01;-1.0296375274658203e+01;-1.0299202945685465e+01;-1.0294921875000000e+01
2;535000000;-2.5196340164698708e+02;-2.5196577453613281e+02;-2.5196340164698421e+02;-2.5196330261230469e+02;-2.5196932983398438e+02;-2.5196340164699905e+02;-2.5196136474609375e+02
3;535000000;-1.4404551488121886e+03;-1.4404581298828125e+03;-1.4404551488121917e+03;-1.4404550781250000e+03;-1.4404555664062500e+03;-1.4404551488122318e+03;-1.4404505615234375e+03
4;535000000;1.1989920121471849e+02;1.1989955139160156e+02;1.1989920121470630e+02;1.1989921569824219e+02;1.1990081787109375e+02;1.1989920121468595e+02;1.1990600585937500e+02
5;535000000;-1.0939888555009557e+02;-1.0939536285400391e+02;-1.0939888555009220e+02;-1.0939881896972656e+02;-1.0939947509765625e+02;-1.0939888555010180e+02;-1.0939550781250000e+02
6;535000000;-6.5053435427503780e+02;-6.5053314208984375e+02;-6.5053435427503484e+02;-6.5053430175781250e+02;-6.5053546142578125e+02;-6.5053435427506975e+02;-6.5052990722656250e+02
7;535000000;-5.2843234925983984e+02;-5.2844488525390625e+02;-5.2843234925983882e+02;-5.2843225097656250e+02;-5.2843920898437500e+02;-5.2843234925985234e+02;-5.2842382812500000e+02
8;535000000;-2.6894392104293629e+03;-2.6894440917968750e+03;-2.6894392104293752e+03;-2.6894392089843750e+03;-2.6894414062500000e+03;-2.6894392104293856e+03;-2.6894365234375000e+03
9;535000000;-2.2517793989587658e+03;-2.2517756347656250e+03;-2.2517793989587717e+03;-2.2517792968750000e+03;-2.2517788085937500e+03;-2.2517793989587867e+03;-2.2517788085937500e+03
