Vector Size;Error DOT fp64;Error DOT fp32;Error DOT Acc<fp64, fp64>;Error DOT Acc<fp64, fp32>;Error DOT Acc<fp32, fp32>;Error CUBLAS DOT fp64;Error CUBLAS DOT fp32
1000000;0.0000000000000000e+00;8.7041924533297542e-07;1.8629553007914017e-15;6.8728422765375703e-08;6.5678477936035604e-07;1.2388691076176532e-15;4.4491593517638578e-07
3000000;0.0000000000000000e+00;1.2996844332715228e-06;1.3765617006883033e-15;4.2805648507168342e-08;8.5144585391297595e-07;1.2355846931318048e-15;2.5646616927801648e-07
5000000;0.0000000000000000e+00;4.8633769560869530e-07;9.0783727533937375e-16;6.6803151953204158e-08;6.2516240972072929e-07;1.6452981607356211e-15;1.8336374283571488e-07
7000000;0.0000000000000000e+00;5.7799417401662731e-07;1.1221831341966211e-15;2.6975983905201228e-08;8.5301793396500078e-07;2.0919214478688272e-15;1.4280953998414221e-07
9000000;0.0000000000000000e+00;7.6136060664048530e-07;1.4344855005126961e-15;3.8873842750736065e-08;1.1291826918753456e-06;1.8739424352224661e-15;1.7580609087494384e-07
11000000;0.0000000000000000e+00;5.1034826164226173e-07;7.0558597725818418e-16;3.2939708170612330e-08;6.5159000218238968e-07;1.0387899722942758e-15;1.0386570228619479e-07
13000000;0.0000000000000000e+00;9.3945511449567752e-07;1.3559813450468628e-15;6.6457923664757132e-08;7.3416781341482520e-07;1.3615838784548617e-15;1.5805490483154131e-07
15000000;0.0000000000000000e+00;9.4070128800212072e-07;6.1779752559068362e-16;6.6897309782854481e-08;1.2085136096546651e-06;1.0433672313510035e-15;1.1156675973069624e-07
17000000;0.0000000000000000e+00;8.4543782861313019e-07;1.5113508377390884e-15;4.7849384260919020e-08;6.0135885165161630e-07;7.6531160362873129e-16;1.0722108589107543e-07
19000000;0.0000000000000000e+00;5.5623904004621297e-07;8.7187952715491385e-16;6.4303974382036532e-08;3.6125429170401740e-07;1.0057844837729382e-15;2.1888541048447267e-07
21000000;0.0000000000000000e+00;5.3629024085155273e-07;1.3286887624779396e-15;5.6621636481465616e-08;5.6141367691638185e-07;1.7265754556394469e-15;1.3895808646104436e-07
23000000;0.0000000000000000e+00;7.9523596156489636e-07;1.3002402577055132e-15;6.7676121115770986e-08;7.3010849151927863e-07;1.5415389907650645e-15;2.7937819584355113e-07
25000000;0.0000000000000000e+00;7.3633644992286000e-07;8.3500860058366575e-16;5.2902839942445881e-08;7.4685476350244482e-07;1.3926631935460148e-15;1.1577012177075187e-07
27000000;0.0000000000000000e+00;7.6629339060799446e-07;1.8756635125207959e-15;5.5978232519716541e-08;1.0846612577343250e-06;1.5914894306366311e-15;1.0129599013258353e-07
29000000;0.0000000000000000e+00;1.3538132829400320e-06;1.3650485932223716e-15;4.7562347816195192e-08;4.9388095562887347e-07;2.7258735499525074e-15;1.3949124459023855e-07
31000000;0.0000000000000000e+00;8.1462305444868689e-07;1.2747011216969634e-15;5.2097193687132865e-08;4.5197332218084701e-07;9.7032947041435454e-16;1.6006439027841259e-07
33000000;0.0000000000000000e+00;5.5842190868302575e-07;1.5882882787031098e-15;4.8492935932433197e-08;4.6745203355681419e-07;1.1456982438772202e-15;6.0462757466155975e-08
35000000;0.0000000000000000e+00;7.3566732588058388e-07;8.7514237370264786e-16;3.6409725598776605e-08;7.8240740552717699e-07;6.9274143038820183e-16;1.1597427632240116e-07
37000000;0.0000000000000000e+00;5.5973158670091080e-07;1.0567717583795654e-15;4.8837105271898826e-08;5.5154814746525073e-07;9.4067371982099078e-16;1.1932816162363285e-07
39000000;0.0000000000000000e+00;6.1708000929132406e-07;1.2434388532718597e-15;5.5183847666022060e-08;4.0566136912638911e-07;1.6562944880836608e-15;1.5866570692258836e-07
41000000;0.0000000000000000e+00;1.1116992505070942e-06;8.1846817191315868e-16;4.9498734256556261e-08;4.6682217559445629e-07;1.3002143031522847e-15;2.2413839386410997e-07
43000000;0.0000000000000000e+00;6.5428230018447264e-07;8.5288653784868912e-16;2.6533184202249911e-08;7.1841543479995364e-07;4.8054372252154974e-16;9.1653439371078276e-08
45000000;0.0000000000000000e+00;3.6052051331459720e-07;1.1772498261057152e-15;4.0068141597637126e-08;4.0028650768702940e-07;1.5499430432473376e-15;1.4288967703075259e-07
47000000;0.0000000000000000e+00;6.0308393679043924e-07;6.4040521183177088e-16;2.4849414748260749e-08;2.9006982650821067e-07;1.0623624565153976e-15;3.2232669374966039e-07
49000000;0.0000000000000000e+00;1.2523735660271687e-06;6.8154788952964936e-16;4.1606252841879503e-08;1.4670356418540541e-06;1.4067176282583854e-15;2.0109755165458291e-07
51000000;0.0000000000000000e+00;6.9657625542453945e-07;2.0320287699702199e-15;2.4053444773900228e-08;1.2792989465119136e-06;1.4263771835396810e-15;2.2872958620727470e-07
53000000;0.0000000000000000e+00;7.1165780217739022e-07;1.9182533348557853e-15;3.9367996806651185e-08;5.5123111604972413e-07;1.1038135545712220e-15;1.4272293601703696e-07
55000000;0.0000000000000000e+00;1.7728444085992427e-06;1.4954138439449302e-15;3.4268045061221633e-08;1.1049076389184452e-06;1.9278018037542908e-15;2.8421606686308794e-07
57000000;0.0000000000000000e+00;3.3176444841024827e-07;2.3883453029147262e-15;1.7505936055529281e-08;3.9058139564777149e-07;1.9493268839189835e-15;3.3470364966329461e-07
59000000;0.0000000000000000e+00;5.3004964056300552e-07;3.2317403731786683e-15;3.8689855152970724e-08;1.6582057856937174e-06;3.2046767438324528e-15;4.0404271854950031e-07
61000000;0.0000000000000000e+00;1.1171775345417603e-06;2.0920900941153907e-15;2.0269983768085301e-08;8.6514545603195000e-07;1.4974732383066734e-15;4.9880776831191100e-07
63000000;0.0000000000000000e+00;8.4153839999698231e-07;3.0513541020698198e-15;4.5215506352760550e-08;1.9619154950100422e-06;3.0177881524793819e-15;8.6752362376696249e-07
65000000;0.0000000000000000e+00;1.1554294027030595e-06;1.9300111501142166e-15;2.3099802827671542e-08;1.0070867107179730e-06;1.2350653649430336e-15;4.6127768328679707e-07
67000000;0.0000000000000000e+00;1.2254314386589201e-06;1.8512014987888799e-15;1.4442080114833557e-08;1.1071717651239850e-06;1.7021500485995262e-15;2.9506658373480331e-07
69000000;0.0000000000000000e+00;1.2861744731962128e-06;2.2153018933444298e-15;2.8990248731785095e-08;6.2451253668356561e-07;4.1074013654191038e-15;5.7835773513542970e-07
71000000;0.0000000000000000e+00;7.0450413263949923e-07;1.7091036024683638e-15;3.3135616942717624e-08;1.0931650330624724e-06;2.5833503763664112e-15;2.1409096560571899e-07
73000000;0.0000000000000000e+00;7.9640382278339865e-07;2.2375365135756922e-15;2.5173340910849775e-08;1.1685421853825685e-06;1.6890514780794245e-15;3.6932532215702642e-07
75000000;0.0000000000000000e+00;1.0815009167055516e-06;1.9095602608742947e-15;6.9068282506717055e-09;7.3287735557677228e-07;1.1214225379965137e-15;5.0469410787924299e-07
77000000;0.0000000000000000e+00;5.8898111081297987e-07;1.1942648714484970e-15;3.8260750744371483e-08;6.1078307858903536e-07;2.2821878659811013e-15;3.1048400780639182e-07
79000000;0.0000000000000000e+00;1.0150876440292249e-06;1.2123017151698436e-15;1.6353492117258886e-08;7.3143815156830734e-07;2.4875623235535010e-15;3.1667650232340498e-07
81000000;0.0000000000000000e+00;5.3358168887717845e-07;1.2620547849533010e-15;2.9620918816719876e-08;2.9576288208137702e-07;2.2697216951788275e-15;1.4027565188143438e-07
83000000;0.0000000000000000e+00;4.5742677980179070e-07;7.7038932631868957e-16;3.3791488727080659e-08;4.2663046980105717e-07;6.5779569803429544e-16;3.3151791129291097e-07
85000000;0.0000000000000000e+00;6.1837512920093185e-07;1.3294223679955663e-15;2.4868749605238729e-08;7.0372402402167413e-07;9.5410617339955420e-16;1.9906543777130001e-07
87000000;0.0000000000000000e+00;1.0045485662766080e-06;6.0275904811714603e-16;1.6005398288372239e-08;8.6629077465524548e-07;1.5644163351929165e-15;2.0470583763390257e-07
89000000;0.0000000000000000e+00;7.1992413168880831e-07;7.9020079361668246e-16;1.2658412383158992e-08;7.9198653668586764e-07;1.8039773438267665e-15;1.6482211643400186e-07
91000000;0.0000000000000000e+00;4.6626939990457046e-07;6.3287795487123987e-16;3.1891277265338950e-08;6.7243460973934423e-07;1.1547073941910090e-15;1.6747091732516313e-07
93000000;0.0000000000000000e+00;3.0322878036177086e-07;1.2077266846702063e-15;7.3516480887706689e-09;7.2099639318284615e-07;1.3121302369959296e-15;2.6139429982574343e-07
95000000;0.0000000000000000e+00;6.2366462781597010e-07;1.8442937745460637e-15;2.5046285153576761e-08;6.9925054429849587e-07;1.4023366364279811e-15;2.1047902802257550e-07
97000000;0.0000000000000000e+00;5.9518790332163364e-07;9.9209360378199211e-16;3.7427866124916680e-08;4.6071073820157540e-07;1.1335352764115161e-15;2.7382656963906508e-07
99000000;0.0000000000000000e+00;9.5735490810159487e-07;9.1875845186003723e-16;2.4482475264087568e-08;5.5169171672565732e-07;2.0648844396643741e-15;2.0365536217906549e-07
101000000;0.0000000000000000e+00;6.4681984691532550e-07;4.4076795058575480e-16;2.1746626351450963e-08;6.6238694290230255e-07;1.5871898895064437e-15;2.0147939705884387e-07
103000000;0.0000000000000000e+00;1.1573558292784836e-06;1.1523888151498102e-15;1.9928364257497892e-08;1.2570204946186424e-06;8.6633569134455068e-16;1.1894184401863782e-07
105000000;0.0000000000000000e+00;6.8568365264461690e-07;9.5073782410782271e-16;2.0629193020217308e-08;5.1095650514514507e-07;2.0069360057158110e-15;2.2039117880674609e-07
107000000;0.0000000000000000e+00;9.3867242796925646e-07;2.3827410663052342e-15;2.6444356806843076e-08;6.7029180944398132e-07;1.0172703552737844e-15;2.8511943676926624e-07
109000000;0.0000000000000000e+00;9.2741696842802548e-07;2.0647477328078548e-15;2.8404562323817931e-08;9.4348471704886225e-07;2.1988812122002527e-15;2.0172945036622736e-07
111000000;0.0000000000000000e+00;6.4256409159589749e-07;1.6901801814875362e-15;2.8062890556174167e-08;4.7757909639825654e-07;3.2256778092016140e-15;2.5517892682223818e-07
113000000;0.0000000000000000e+00;7.2135001089678525e-07;1.0976208912353496e-15;2.1597779170049032e-08;6.6012103167738389e-07;1.5545743803970226e-15;3.1185679798144227e-07
115000000;0.0000000000000000e+00;9.4373959497094054e-07;7.6281155777683563e-16;2.6975459143393406e-08;1.0861147479586040e-06;2.3139655293806507e-15;1.6592098131452404e-07
117000000;0.0000000000000000e+00;6.1643630460931973e-07;1.7651655568493478e-15;1.6130505290773869e-08;4.6019793016189326e-07;2.8177194861017796e-15;2.6554937185002598e-07
119000000;0.0000000000000000e+00;1.1456237144643171e-06;2.4354525751075061e-15;1.9325122947809256e-08;1.6641957466301674e-06;2.5389584588559052e-15;2.7635400885300918e-07
121000000;0.0000000000000000e+00;1.0278415056177778e-06;4.7531109151004286e-15;4.6079470124930050e-08;9.2948145627897435e-07;2.4339636885898109e-15;4.2859597481755490e-07
123000000;0.0000000000000000e+00;1.2243301433405344e-06;1.4448979785830818e-15;4.3286212357296175e-08;8.9394234421940959e-07;2.7553525370964354e-15;3.6945960447898138e-07
125000000;0.0000000000000000e+00;2.0150014482906720e-06;1.4889808897716412e-15;5.0080066499516323e-08;4.4033036200633111e-07;2.7019211883767176e-15;3.2498738026968134e-07
127000000;0.0000000000000000e+00;1.2471093269722753e-06;1.2683805928584525e-15;2.2281124561031405e-08;7.7248037292833135e-07;1.1069409093101443e-15;3.6281588526886495e-07
129000000;0.0000000000000000e+00;1.6616391121249349e-06;1.0824137633372014e-15;2.4507407516907524e-08;3.3731779654270683e-07;1.6928534480866341e-15;5.0960705517872653e-07
131000000;0.0000000000000000e+00;1.3725681632684392e-06;1.7239016384912510e-15;2.1156444278296788e-08;9.0608794092215511e-07;2.4627479333158407e-15;3.1904721379727303e-07
133000000;0.0000000000000000e+00;1.4555051458651804e-06;1.6886775428179976e-15;3.4930086962081512e-08;1.9713994455788914e-06;2.2708933302483353e-15;5.8397732763348891e-07
135000000;0.0000000000000000e+00;9.9946252621599778e-07;3.1734486491425719e-15;5.3058799300638355e-08;8.4169520116199884e-07;2.6034825232120643e-15;6.6343015338569865e-07
137000000;0.0000000000000000e+00;1.0939974714609543e-06;2.7051448726005434e-15;6.9359585694745063e-08;1.1385350076906686e-06;3.1714431542485291e-15;6.9975988179600038e-07
139000000;0.0000000000000000e+00;1.0824201419454555e-06;2.6423300806784686e-15;4.5804928119995037e-08;2.2204006250865109e-06;3.2920146938503295e-15;1.3817719448936091e-06
141000000;0.0000000000000000e+00;1.5004639038579594e-06;3.4770247640570700e-15;4.1374797612132834e-08;1.6207413556410716e-06;3.4461831738155322e-15;1.0007924197474731e-06
143000000;0.0000000000000000e+00;1.5688521996834813e-06;2.0438813716577093e-15;5.6105044189252332e-08;1.1531040309529019e-06;3.4355190185548341e-15;1.0545336854287777e-06
145000000;0.0000000000000000e+00;3.1972326720045299e-06;7.5278580608845540e-15;5.9690680597139241e-08;1.0199426216095415e-06;4.6688440303062670e-15;1.9620325759130551e-06
147000000;0.0000000000000000e+00;1.8873422411998059e-06;2.9666245227281808e-15;2.0218554150869254e-08;2.6510110442773503e-06;4.1386251389819104e-15;1.4906373017669084e-06
149000000;0.0000000000000000e+00;2.4756000106010600e-06;4.4519393574530888e-15;7.4044786662719561e-08;1.0512056403635945e-06;5.1877744788328159e-15;2.1925662420913823e-06
151000000;0.0000000000000000e+00;2.5572760038574747e-06;4.3684032042330536e-15;7.0308202680667353e-08;5.6561025976384883e-06;2.6325924413533784e-15;1.8247613680332970e-06
153000000;0.0000000000000000e+00;3.5575553296173291e-06;3.7839494447287932e-15;2.1264131273097418e-08;2.1131039810281089e-06;4.4687734515314003e-15;1.6637925184678468e-06
155000000;0.0000000000000000e+00;8.3710891690404795e-07;3.3470259605126904e-15;3.3882219563799078e-08;1.7264833173544924e-06;4.7919364947549453e-15;2.1285108296912774e-06
157000000;0.0000000000000000e+00;2.1969976116692748e-06;1.7788213691183664e-15;2.6464135934755926e-08;1.2478098860180969e-06;1.6671055553394133e-15;1.1954450172755273e-06
159000000;0.0000000000000000e+00;6.2939657869981538e-07;2.5269322726360152e-15;3.0985642152577350e-08;2.0308959866149920e-06;3.4894906398032673e-15;1.3119812706803234e-06
161000000;0.0000000000000000e+00;1.3508206245863477e-06;1.4401549831005665e-15;2.2502306604364030e-08;2.0596225825983887e-06;3.5881710040010180e-15;1.2003677134317469e-06
163000000;0.0000000000000000e+00;7.8092508858714679e-07;1.4729244926557940e-15;1.9634585576189338e-08;6.3598643933168113e-07;4.7483921652609412e-15;1.2395376498980436e-06
165000000;0.0000000000000000e+00;1.3707119889118118e-06;3.1265320579015917e-15;2.2131452069166239e-08;1.3037419168315038e-06;2.6689653622145062e-15;9.7037070084626032e-07
167000000;0.0000000000000000e+00;2.2373904561975557e-06;6.9064175180994570e-16;3.6017864235013985e-08;1.1992317940110294e-06;3.5071515380464277e-15;9.6494177766963555e-07
169000000;0.0000000000000000e+00;1.2165622758845287e-06;2.0578236327218807e-15;3.3427271299572296e-08;9.8349876062739089e-07;5.0464874386174062e-15;9.1327126525474204e-07
171000000;0.0000000000000000e+00;8.9381140395734542e-07;2.1290664536158910e-15;5.6530792923089033e-08;1.6073360979804460e-06;2.8317308293763627e-15;8.4441588926803633e-07
173000000;0.0000000000000000e+00;1.5971164119421802e-06;2.0410144582671889e-15;3.5674146178579684e-08;1.3700552305987871e-06;3.0229301110714423e-15;8.8806039401071997e-07
175000000;0.0000000000000000e+00;6.9199864696801039e-07;1.6979733814411101e-15;3.5414747899320740e-08;9.2436814846875011e-07;1.9151366782104844e-15;6.5977275762198644e-07
177000000;0.0000000000000000e+00;1.1255244550857538e-06;2.8277047689091163e-15;3.4924043083874644e-08;1.2900236274427333e-06;3.4178352358561720e-15;6.1458794552138553e-07
179000000;0.0000000000000000e+00;1.0372893204489923e-06;2.9912329693137898e-15;4.7239306848875008e-08;1.6556047387340118e-06;2.0534396920000737e-15;7.7092707773574729e-07
181000000;0.0000000000000000e+00;8.0372278372278569e-07;2.2309180731939404e-15;1.2229471576141363e-08;1.1517372114581160e-06;3.3819776694884271e-15;9.0281530593537170e-07
183000000;0.0000000000000000e+00;1.0246715356395362e-06;2.3740685448221357e-15;1.4643093785380642e-08;1.5737313759548620e-06;2.5367498405074475e-15;8.5204355223939784e-07
185000000;0.0000000000000000e+00;9.5449840233225402e-07;1.1468577802655176e-15;3.3853412319864573e-08;1.8011721779268209e-06;2.8725420386918927e-15;9.5578252481519398e-07
187000000;0.0000000000000000e+00;2.0197064108137467e-06;2.1774890617358935e-15;3.2954745178535614e-08;2.6598554620669429e-06;3.3338926559530131e-15;1.0329995861161158e-06
189000000;0.0000000000000000e+00;2.9429057424776191e-06;2.6589788677911183e-15;4.8950140853132845e-08;4.1679062616984076e-06;5.3113799342714861e-15;1.6634602378571562e-06
191000000;0.0000000000000000e+00;2.3706013632008194e-06;8.9722093680036581e-15;6.9100075191059012e-08;3.0111469505690241e-06;4.0628284433609585e-15;2.2085002614992473e-06
193000000;0.0000000000000000e+00;1.0343564239389268e-05;2.2676427327270067e-14;8.5593536104851565e-08;8.9418762220858563e-06;1.4269475494217777e-14;7.4121539856231048e-06
195000000;0.0000000000000000e+00;2.7704049096735311e-06;9.2914964482296552e-15;7.8067948855116174e-08;2.2612038464856644e-06;5.7425265876434568e-15;2.9172318408988096e-06
197000000;0.0000000000000000e+00;1.4859587871866453e-05;3.1763198421166041e-14;9.8734531364649388e-08;8.3639603266139906e-06;1.2301465693711346e-14;5.4134257806184311e-06
199000000;0.0000000000000000e+00;1.8777304009855072e-06;1.0824696096350595e-14;1.2291896957602768e-07;3.5599269365741650e-06;9.2183213416207021e-15;3.8379474482969319e-06
201000000;0.0000000000000000e+00;2.6976989899665748e-06;4.0103806958418489e-15;5.4125303073017877e-08;3.0138835110055600e-06;1.1197025935935275e-14;3.1891582809414925e-06
203000000;0.0000000000000000e+00;2.3696845423763710e-06;8.7357158357389795e-15;5.0779841208183216e-08;1.5170920770405816e-06;3.1183228681661745e-15;1.5825417144397202e-06
205000000;0.0000000000000000e+00;2.1174716535770586e-06;4.6082936368571828e-15;4.7125568639728915e-08;3.2060366412441629e-06;7.9519640360575288e-15;3.2301550471952141e-06
207000000;0.0000000000000000e+00;1.1028163568551101e-06;3.2176071230499062e-15;3.5192824014158175e-08;1.7898936112735112e-06;3.8728594818140374e-15;1.5707262454315013e-06
209000000;0.0000000000000000e+00;2.6290427199997875e-06;2.5969025088685545e-15;2.5607273810856941e-08;2.1142214014953974e-06;1.2351579854047875e-15;1.7865695476671479e-06
211000000;0.0000000000000000e+00;1.6816740057854511e-06;2.3739538395895746e-15;3.0687893771374163e-08;1.7081435968095731e-06;2.0538615643062350e-15;9.6272047546982965e-07
213000000;0.0000000000000000e+00;1.5781204454656607e-06;2.6525798382433758e-15;2.0583154902546880e-08;6.8788164095357128e-07;1.6006308501081737e-15;1.1573702381177380e-06
215000000;0.0000000000000000e+00;1.1307684601905345e-06;1.5840925493511911e-15;2.4043853422165773e-08;9.7302678608424316e-07;2.3323776383632224e-15;7.1034308198037001e-07
217000000;0.0000000000000000e+00;1.2448155895577429e-06;2.0195934542043580e-15;2.8857728066867493e-08;8.6701842092455068e-07;2.6883769270235926e-15;6.5648510624050734e-07
219000000;0.0000000000000000e+00;9.8438915334902881e-07;1.5713957682986590e-15;2.1309491471672964e-08;8.4402341569056469e-07;3.0106161771061907e-15;4.7093782653728847e-07
221000000;0.0000000000000000e+00;1.1236763125823923e-06;9.2975688580249017e-16;3.5181000139233770e-08;1.0628210396928458e-06;1.8335856513753520e-15;5.8367148475945326e-07
223000000;0.0000000000000000e+00;1.0219739488943849e-06;1.3194766739901662e-15;2.4277553179731895e-08;4.8149627152764445e-07;3.4780191125371954e-15;5.4164189591775804e-07
225000000;0.0000000000000000e+00;8.8067430166434069e-07;1.3377810842620601e-15;4.5387945806092371e-09;2.9099478426808410e-07;1.8656352571338318e-15;7.0435833458984773e-07
227000000;0.0000000000000000e+00;6.9480830356101708e-07;8.2636329363030296e-16;2.8875580192668247e-08;1.1811188219387649e-06;2.1235780458094135e-15;6.7603134583920875e-07
229000000;0.0000000000000000e+00;9.0533263166308697e-07;8.3955224155901772e-16;2.5055127490574030e-08;7.1240281783165708e-07;2.1123698115132700e-15;5.3827081595129826e-07
231000000;0.0000000000000000e+00;5.7821099461396473e-07;1.3643568480255418e-15;3.5947692674832459e-08;4.7986652398695078e-07;1.9062652764245433e-15;4.6237410852728744e-07
233000000;0.0000000000000000e+00;1.1824106874296505e-06;8.6391529809990437e-16;2.6137687773935534e-08;1.1412878689221339e-06;1.2291661993241266e-15;5.7127005397994093e-07
235000000;0.0000000000000000e+00;7.0623985447000784e-07;5.2007679013653708e-16;3.2383164656921430e-08;6.2766437813031220e-07;2.1660569859982586e-15;6.3520188935991800e-07
237000000;0.0000000000000000e+00;8.4468826267204031e-07;9.6453336597771608e-16;2.1949249724913789e-08;5.2100531234500940e-07;1.1122931048872702e-15;7.0564324644951777e-07
239000000;0.0000000000000000e+00;1.0641998337179922e-06;1.6551558747489752e-15;1.7434254746285972e-08;7.3109255008003874e-07;2.1946231436598180e-15;8.6357568941032413e-07
241000000;0.0000000000000000e+00;1.9511319478055499e-07;1.2548246878178144e-15;2.0109391551843435e-08;4.4986615874541279e-07;3.0857001911703548e-15;8.1264917215276909e-07
243000000;0.0000000000000000e+00;7.1240927550524989e-07;2.5365629429018896e-16;3.2723441023751399e-08;7.5325989767590514e-07;1.3538414143596971e-15;8.6102330151269636e-07
245000000;0.0000000000000000e+00;9.1619728328924735e-07;1.5433867326243815e-15;3.4843096226229550e-08;6.0303768852123497e-07;1.6778198266840797e-15;7.1043342678265424e-07
247000000;0.0000000000000000e+00;4.5772660876198961e-07;1.1643557616581937e-15;2.6489235562349765e-08;5.6379280367000068e-07;2.2554372806332927e-15;6.3632796242468109e-07
249000000;0.0000000000000000e+00;7.4952976651956510e-07;1.6345467219352569e-15;2.1506535457077758e-08;3.9409523514420592e-07;1.1653409948996937e-15;8.3931207814062286e-07
251000000;0.0000000000000000e+00;4.7533086741841075e-07;1.1334949643871741e-15;2.5855578489319119e-08;7.1345167831351461e-07;9.3766820149947454e-16;8.2585225197370547e-07
253000000;0.0000000000000000e+00;8.0813821724767643e-07;1.1874910585689025e-15;3.1284353405644390e-08;4.4879467300324710e-07;1.2893897208224418e-15;5.7478813477441039e-07
255000000;0.0000000000000000e+00;6.5864499603705080e-07;1.4628682745463134e-15;3.2576583271961511e-08;1.0208105012659280e-06;1.3547513461503128e-15;7.4053946847525427e-07
257000000;0.0000000000000000e+00;2.6163401587979136e-07;7.0482510514003736e-16;1.9767961305878129e-08;7.3795959876651902e-07;8.0188396480996726e-16;7.1560496349356110e-07
259000000;0.0000000000000000e+00;5.2228459908041074e-07;8.2980300425084409e-16;2.2464701920913484e-08;2.5943703341392174e-07;1.8244895840479946e-15;6.4485979417956719e-07
261000000;0.0000000000000000e+00;3.0799914815177050e-07;1.0969452964787394e-15;2.2421444623905217e-08;5.7405138842627609e-07;1.2520765967344809e-15;6.7077090093317906e-07
263000000;0.0000000000000000e+00;6.7071164105026354e-07;1.1160492014434774e-15;1.4821574150363679e-08;4.2922214449681576e-07;9.1061631654788755e-16;7.5302311069767860e-07
265000000;0.0000000000000000e+00;3.5252863683396802e-07;8.2460153137549963e-16;2.2290909318984209e-08;3.9318164730402768e-07;8.6427161974697498e-16;7.6588180395196646e-07
267000000;0.0000000000000000e+00;4.1707419260328495e-07;4.2827227054607431e-16;2.0029097576715261e-08;3.7377887519682944e-07;5.9634582764952146e-16;6.9502417734558314e-07
269000000;0.0000000000000000e+00;4.0636003030470538e-07;3.4375265141666238e-16;1.0462764836464931e-08;4.1768023516893280e-07;8.2576518710158362e-16;6.3419056175805855e-07
271000000;0.0000000000000000e+00;6.0343012819807223e-07;4.8820879684324107e-16;2.8121615525405033e-08;5.0632304717333596e-07;8.9369467142210606e-16;7.2739650201182546e-07
273000000;0.0000000000000000e+00;4.6693263278679406e-07;1.2124112873315091e-15;1.6137668798247455e-08;1.0144412539237280e-06;1.0917906987159437e-15;7.5621488114670689e-07
275000000;0.0000000000000000e+00;3.9636103881517619e-07;7.7825295752955836e-16;1.8475335319773886e-08;7.3121293361875502e-07;1.0045631130225268e-15;5.7506572986506638e-07
277000000;0.0000000000000000e+00;5.1205814432680091e-07;6.7789623127291357e-16;2.0235012233810322e-08;6.6133227626073062e-07;8.2650215185633942e-16;7.9144580448650363e-07
279000000;0.0000000000000000e+00;5.6982289036703193e-07;5.7890467597049400e-16;1.9937141894449220e-08;4.2798673957016417e-07;8.5359617961066303e-16;5.6446581544929702e-07
281000000;0.0000000000000000e+00;3.3286098460158112e-07;7.7343750067826542e-16;2.0204226776523727e-08;3.7137938433981238e-07;8.2317020202929083e-16;6.6343280360277062e-07
283000000;0.0000000000000000e+00;3.8283320193576998e-07;2.1524653785199109e-15;2.4751128161043544e-08;3.4848769615900584e-07;1.5323185594694314e-15;6.3112210954510385e-07
285000000;0.0000000000000000e+00;6.8189356032919832e-07;7.8616884067564785e-16;2.0105868384884551e-08;5.6443350294686915e-07;1.4034265013074954e-15;6.7887072705371606e-07
287000000;0.0000000000000000e+00;4.8126661390494699e-07;4.4697509621885016e-16;2.8219966158640900e-08;5.9246824592985101e-07;9.4544235332289493e-16;6.6225120557167060e-07
289000000;0.0000000000000000e+00;4.8432478198989804e-07;8.0851991933271615e-16;1.4731427672959734e-08;5.7665429056232116e-07;8.9395824802500286e-16;7.5266492197846718e-07
291000000;0.0000000000000000e+00;3.2962524129551764e-07;4.9114580156770887e-16;2.6471638610336318e-08;4.2427210568761731e-07;6.1580136687386278e-16;6.3396567466313255e-07
293000000;0.0000000000000000e+00;4.3622131350598108e-07;1.0961460503928774e-15;2.5182241120468421e-08;4.4827373987961040e-07;1.2720283557835087e-15;6.2447876634264406e-07
295000000;0.0000000000000000e+00;5.4165996841219343e-07;9.2620911984012026e-16;2.5776812058217696e-08;4.9128511041759015e-07;9.3539735699212076e-16;7.3908928201590826e-07
297000000;0.0000000000000000e+00;3.3604579281179927e-07;9.5724045734247835e-16;2.2930080197844989e-08;5.8119772140090380e-07;7.7644275524921176e-16;6.9554846100516328e-07
299000000;0.0000000000000000e+00;6.8706266350254077e-07;5.1302394665276938e-16;2.5883800574586617e-08;3.5688040508693088e-07;5.3766359586093113e-16;7.2242302279281260e-07
301000000;0.0000000000000000e+00;2.1964170784491812e-07;1.0848298836888800e-15;2.3491708502761702e-08;2.4550063362069541e-07;1.0003588429450043e-15;6.7992876325208790e-07
303000000;0.0000000000000000e+00;4.1278036494392612e-07;7.2640593872111561e-16;1.4250782323830577e-08;3.7964365365739042e-07;1.0113972372640264e-15;5.5221602505606573e-07
305000000;0.0000000000000000e+00;6.9402987918223841e-07;8.0920181712258427e-16;2.5381173103992038e-08;5.2938374149472819e-07;1.0862877058426839e-15;7.4095945901913033e-07
307000000;0.0000000000000000e+00;2.8467845269842210e-07;7.1434829590031450e-16;2.2222157247397703e-08;5.3342934059388208e-07;1.2838709321598317e-15;6.2868876262782771e-07
309000000;0.0000000000000000e+00;6.5732314189427772e-07;1.6110600094976579e-15;1.6010077000428768e-08;4.5327151606074764e-07;7.4855273069952202e-16;5.4474340972961478e-07
311000000;0.0000000000000000e+00;6.5396932712816764e-07;1.6877826981369775e-15;2.6792783597842135e-08;3.9362194384295777e-07;1.0256509742151450e-15;6.7552722639936863e-07
313000000;0.0000000000000000e+00;5.6976925664704667e-07;4.8659954313483911e-16;1.3939619513706641e-08;5.3556756290345251e-07;6.6917657181253137e-16;4.9287548262689456e-07
315000000;0.0000000000000000e+00;3.6155395766888139e-07;8.5464951346346194e-16;2.8201088873615651e-08;7.9436019835521174e-07;9.6343231791061545e-16;5.7549416945401406e-07
317000000;0.0000000000000000e+00;5.3704361259068554e-07;1.0345415606492412e-15;1.0976346543881670e-08;6.6646809430912899e-07;8.7859260612029871e-16;5.8220318221204677e-07
319000000;0.0000000000000000e+00;7.5359073764983308e-08;4.4873772046106591e-16;3.7828218332796270e-08;4.9124463668630790e-07;9.4973913230139962e-16;5.2903373639301134e-07
321000000;0.0000000000000000e+00;6.2940703557727780e-07;1.6398299215874221e-15;3.8620396722595884e-08;2.1331093381413614e-07;2.1269366303281713e-15;6.5824744879674859e-07
323000000;0.0000000000000000e+00;3.7613726338816847e-07;1.2011935973987073e-15;3.2494835519188274e-08;5.3267208019243270e-07;8.7112742052015426e-16;6.5605705031525317e-07
325000000;0.0000000000000000e+00;6.0806946586530391e-07;1.0421124306024028e-15;4.7014345710666910e-08;6.1489172661154178e-07;1.2775691704200644e-15;7.6975546410588763e-07
327000000;0.0000000000000000e+00;6.0655735876072595e-07;1.4529750221990045e-15;4.3928189097515070e-08;8.9558502897362462e-07;2.1621652419345708e-15;5.3542279964858647e-07
329000000;0.0000000000000000e+00;3.5461371526618227e-07;1.1568394324256796e-15;6.1323471855983055e-08;4.3952389940126928e-07;1.6781449420138668e-15;4.2767246524261248e-07
331000000;0.0000000000000000e+00;9.0483343328912246e-07;1.3350776083078993e-15;3.7400796068479503e-08;7.8454441501560323e-07;1.0604450786264494e-15;6.3778649653879394e-07
333000000;0.0000000000000000e+00;5.3449879216754046e-07;6.0339456570593535e-16;3.3293725918781629e-08;4.7958529005613661e-07;9.2802505630116169e-16;6.5335462205359304e-07
335000000;0.0000000000000000e+00;7.4816963226124619e-07;2.0566169920586040e-15;3.0222194970546848e-08;5.0370215736515774e-07;1.9037128582360729e-15;6.9706016857565238e-07
337000000;0.0000000000000000e+00;2.5847364786858031e-07;1.1809932373506798e-15;2.4405098229281036e-08;4.3707926871354869e-07;2.2193188977226865e-15;5.2772311684494527e-07
339000000;0.0000000000000000e+00;5.9918867672179872e-07;1.4414649563668430e-15;2.8288348070322019e-08;5.7520248320269352e-07;8.6332656596994727e-16;6.2633448351031298e-07
341000000;0.0000000000000000e+00;6.1329472645526194e-07;7.1088014991967246e-16;4.2286880608750047e-08;5.2748669094888848e-07;1.4547326139244883e-15;6.3565624752216226e-07
343000000;0.0000000000000000e+00;5.9991453448767081e-07;1.5071546934329846e-15;2.9937954230318719e-08;6.3307381359850576e-07;1.7650517557934121e-15;7.4815803442889504e-07
345000000;0.0000000000000000e+00;5.7339954041123123e-07;1.4418805489802332e-15;4.4322572896567145e-08;1.0078405152522790e-06;1.9789342579931481e-15;5.0197650626637929e-07
347000000;0.0000000000000000e+00;8.0304103969447372e-07;5.4109950378802068e-16;4.5374887901931530e-08;1.3440607813100877e-06;1.6128775993273339e-15;8.3694581882981707e-07
349000000;0.0000000000000000e+00;7.4323630781985232e-07;1.0193502125470057e-15;4.9148062186190863e-08;1.2822349555208813e-06;2.1575958349602731e-15;6.4902470926907103e-07
351000000;0.0000000000000000e+00;1.3543527235505575e-06;1.7170612158410278e-15;5.4023508937900918e-08;6.9840400122810233e-07;1.1835565748345858e-15;7.8000864374038690e-07
353000000;0.0000000000000000e+00;5.0477421509586081e-07;1.7376390428118349e-15;1.5260469938164924e-08;4.4559577611013291e-07;7.9247090797049999e-16;5.5300920687392728e-07
355000000;0.0000000000000000e+00;1.3208297709511440e-06;1.6903754758853071e-15;1.9241365188004098e-08;1.8941429448701215e-06;2.2210610401496734e-15;8.0982091373437546e-07
357000000;0.0000000000000000e+00;4.4325024204097118e-07;1.7919640255106392e-15;3.0452993810879916e-08;9.3466305441930380e-07;4.4006865853309871e-15;5.4566062489748542e-07
359000000;0.0000000000000000e+00;2.0999078834380282e-06;1.6629527019079392e-15;6.7996131057087606e-08;1.3170640300799555e-06;6.8424139222353176e-16;5.6499532345363799e-07
361000000;0.0000000000000000e+00;1.7508660571611443e-06;1.4911727689509420e-15;6.8232327270186841e-08;5.7093409485104843e-07;2.5582693343768612e-15;1.0060720390580202e-06
363000000;0.0000000000000000e+00;1.0982436038626673e-06;2.8914471889621373e-15;7.9367614014770139e-08;1.4267211138362556e-06;2.9601793391096865e-15;1.0316606344613093e-06
365000000;0.0000000000000000e+00;2.7282170026293963e-06;1.7273600220811304e-15;9.8456092093882307e-08;2.1460761241710023e-06;4.3551277229706418e-15;9.6420736899208105e-07
367000000;0.0000000000000000e+00;1.8677162569449597e-06;2.1796305426016457e-15;1.0043953530936639e-07;1.3779559756189213e-06;3.4190647013359769e-15;8.7128242107854261e-07
369000000;0.0000000000000000e+00;3.3567122641952292e-06;4.1027734721728988e-15;1.3380138470249589e-07;3.4312701401447751e-06;4.6187561569220147e-15;1.8906281496156169e-06
371000000;0.0000000000000000e+00;3.2523571815304722e-06;6.9864057296383505e-15;1.5196645623591745e-07;1.9934469427418358e-06;2.8636306130507474e-15;1.6440050848256630e-06
373000000;0.0000000000000000e+00;2.5209874542272976e-06;9.1612545610599832e-15;1.7017732104559804e-07;3.6251041347483030e-06;1.3034370066967341e-14;1.8612098291337296e-06
375000000;0.0000000000000000e+00;4.2884898676890531e-06;7.3714600318519473e-15;2.2722626977738929e-07;7.7121471932755328e-06;1.2917859844510011e-14;2.0726234137068536e-06
377000000;0.0000000000000000e+00;1.2803458304235778e-05;6.3569705403380122e-15;5.4170126336004063e-07;8.7592567912180151e-06;1.3912338496287631e-14;3.6166657176005181e-06
379000000;0.0000000000000000e+00;8.4655250082092474e-06;3.3563883420007189e-15;2.8630983783381555e-07;4.4038358166470946e-06;1.1534533052405400e-14;2.0922638061514775e-06
381000000;0.0000000000000000e+00;8.4047252347800344e-06;2.3046191901796004e-14;3.6452267666735159e-07;6.1858225465373259e-06;6.7859618921108687e-15;3.7655084248512993e-06
383000000;0.0000000000000000e+00;4.6622324801616292e-06;1.3324385645842180e-14;3.1173360816697493e-07;7.0219141115057139e-06;7.7562522947692347e-15;3.8276801028415830e-06
385000000;0.0000000000000000e+00;5.1798797520550897e-06;1.2485736440132219e-14;2.5243518035003683e-07;3.7373376493310995e-06;1.0081145080650735e-14;2.4922373580141326e-06
387000000;0.0000000000000000e+00;3.0601712072812024e-06;1.0879595099421999e-14;2.4080076414725711e-07;3.8085017726637995e-06;1.6603848500583370e-14;2.8954939587641130e-06
389000000;0.0000000000000000e+00;6.4304285944300959e-06;5.0385614880430729e-15;1.8004101953047633e-07;4.9422148628940592e-06;1.0141017746888410e-14;2.9015616012616818e-06
391000000;0.0000000000000000e+00;6.6181352507314908e-06;5.3576032947989291e-15;2.4178881125463528e-07;2.5623755490212833e-06;1.2592210430997808e-14;4.0998662049742718e-06
393000000;0.0000000000000000e+00;2.4309023979583708e-06;4.5560857120510449e-15;1.7877514626779451e-07;1.8337730059602331e-06;6.1077632966517610e-15;1.8193399354749257e-06
395000000;0.0000000000000000e+00;3.0205725109889571e-06;3.5547878856423346e-15;1.4353488925824628e-07;2.3088135629350580e-06;5.5595486099266671e-15;1.8600775669391344e-06
397000000;0.0000000000000000e+00;3.6712845036006642e-06;5.1429909412721299e-15;1.2853485190747928e-07;1.9677318844412409e-06;8.5700969668241926e-15;1.5047233085397853e-06
399000000;0.0000000000000000e+00;1.5099134926059881e-06;4.2981666858291204e-15;8.8402496458235122e-08;1.8350647874520533e-06;4.9372671350160900e-15;1.7363717815372751e-06
401000000;0.0000000000000000e+00;2.8382663284384076e-06;3.4135598886866501e-15;7.3662262874400369e-08;3.5668859523292705e-06;5.9028379234206956e-15;1.7214837840999393e-06
403000000;0.0000000000000000e+00;2.4657134717477880e-06;1.9744684432695320e-15;9.3728142396474857e-08;2.9874589023985980e-06;2.7681116981972639e-15;2.4334044857861621e-06
405000000;0.0000000000000000e+00;2.1960263851835009e-06;2.6307526080069547e-15;8.9049578169492561e-08;2.2739392889906175e-06;2.5962301027030248e-15;1.8214982926151045e-06
407000000;0.0000000000000000e+00;1.4815154968045464e-06;2.9857347553616521e-15;9.8268569525602065e-08;1.2056165314102882e-06;5.7547195829195362e-15;1.9057677535062155e-06
409000000;0.0000000000000000e+00;1.7566256985267182e-06;1.9494832018463042e-15;9.1656772018288426e-08;2.4390005402340103e-06;6.0745572570610714e-15;2.3510049507681869e-06
411000000;0.0000000000000000e+00;1.6148946035845298e-06;2.5620548933294456e-15;6.9004583718808925e-08;1.4345222310769846e-06;3.2202410372536126e-15;2.5304282902967773e-06
413000000;0.0000000000000000e+00;1.5017082245403775e-06;1.8429376900013848e-15;6.9540174684521360e-08;1.9927014763144155e-06;2.8744094246636504e-15;2.5231151739210098e-06
415000000;0.0000000000000000e+00;1.9473044796808136e-06;3.0762489721031994e-15;7.2776820153706277e-08;2.1322374975004250e-06;3.3759673834462528e-15;2.5336566536550311e-06
417000000;0.0000000000000000e+00;1.4295965300724054e-06;2.6706605113467163e-15;8.6591709106133588e-08;2.1648299845552072e-06;2.9481314529357078e-15;2.3060412582653805e-06
419000000;0.0000000000000000e+00;1.3002531616441972e-06;3.8781623299264366e-15;7.3857442014951971e-08;1.0081328534322506e-06;3.8879780223376584e-15;1.6885265385875672e-06
421000000;0.0000000000000000e+00;1.3489934353390907e-06;1.9153566090269364e-15;7.1853197974426307e-08;8.7979603224603621e-07;4.4962000131688739e-15;2.1511460600794359e-06
423000000;0.0000000000000000e+00;1.3307795408020810e-06;3.5792258772301906e-15;8.1064750089819809e-08;1.3674526016744025e-06;2.4619447218090062e-15;2.3946015173920770e-06
425000000;0.0000000000000000e+00;2.0617883777485459e-06;2.1006040866625681e-15;6.5317796401322269e-08;2.1385673577699794e-06;2.5094555465528735e-15;1.9258926358081530e-06
427000000;0.0000000000000000e+00;1.6810460187541907e-06;2.9999335786450895e-15;9.3692074419957618e-08;1.9996590625573736e-06;8.0327340447382567e-15;2.8619031623695688e-06
429000000;0.0000000000000000e+00;1.5666741725384077e-06;3.7237450689892190e-15;6.2200883163919286e-08;1.4361451614594691e-06;4.8690115588990944e-15;2.7898606925099857e-06
431000000;0.0000000000000000e+00;1.6728675314274854e-06;9.7733698915435015e-16;6.2130567594329965e-08;2.3010737882904074e-06;3.8299445056669228e-15;3.6236250081918559e-06
433000000;0.0000000000000000e+00;1.2566704570175925e-06;3.7352277310062798e-15;7.1532806668335168e-08;8.6142657915172592e-07;4.9270034637384552e-15;2.9695769042345303e-06
435000000;0.0000000000000000e+00;1.5923621567112300e-06;4.5923253933995340e-15;6.6908360784189007e-08;1.5339064933292510e-06;3.9597953167678478e-15;3.6101212283920470e-06
437000000;0.0000000000000000e+00;1.1326149899219784e-06;4.1261177445589271e-15;5.8684400606974843e-08;2.7175059205039225e-06;3.3759697625760651e-15;2.7930490142644635e-06
439000000;0.0000000000000000e+00;1.5424616253242587e-06;1.6620905103809343e-15;3.8125918939745508e-08;2.1043837420249360e-06;5.3751715377373496e-15;3.2064553263540230e-06
441000000;0.0000000000000000e+00;1.9951112195523670e-06;1.4920392954533223e-15;7.2670623236553682e-08;1.1401301803856987e-06;3.1827588385019704e-15;2.6634814998721084e-06
443000000;0.0000000000000000e+00;1.7390117336844430e-06;2.2594868590542983e-15;7.0584210181272369e-08;1.4953434518836820e-06;2.3604317626371072e-15;3.2850226859245143e-06
445000000;0.0000000000000000e+00;2.7955723945450780e-06;4.1495747936125877e-15;8.8975676149659318e-08;1.9470117375511981e-06;5.0328357485062279e-15;2.4934926260821987e-06
447000000;0.0000000000000000e+00;1.7952062059466878e-06;3.0161443966938462e-15;8.3706995774566848e-08;1.4192426386210647e-06;5.8309482343243739e-15;2.7596489633838521e-06
449000000;0.0000000000000000e+00;1.2962023734094511e-06;3.9864515696673110e-15;6.5442473234439139e-08;2.1947254833958809e-06;5.9946863032140436e-15;2.9631222974580089e-06
451000000;0.0000000000000000e+00;2.2527016704641160e-06;4.5970297580070839e-15;8.9765236612209096e-08;2.2281286386519429e-06;7.4200412500634169e-15;3.4529421102897421e-06
453000000;0.0000000000000000e+00;2.8770266048745904e-06;2.6741163087058098e-15;7.8153116998907194e-08;1.8659045630773525e-06;6.2509274315351995e-15;3.1742086695481252e-06
455000000;0.0000000000000000e+00;2.5137439689262742e-06;4.5214333341982436e-15;6.5925530690759862e-08;1.8896133244944264e-06;6.3898008014608604e-15;3.6146830018405260e-06
457000000;0.0000000000000000e+00;1.6466690947432330e-06;3.1373377186427769e-15;9.1910870007421107e-08;1.5445514058471295e-06;5.9984032101313580e-15;3.1631089811724734e-06
459000000;0.0000000000000000e+00;2.3974434566486212e-06;3.7897666653165674e-15;6.3573996816081301e-08;2.3187425880750397e-06;6.2077005206603809e-15;3.3630054196874444e-06
461000000;0.0000000000000000e+00;2.3523316963660721e-06;4.9840622209178306e-15;9.1814246072346563e-08;1.3145210406896826e-06;1.1705434919688415e-14;3.6773087506490510e-06
463000000;0.0000000000000000e+00;2.5624846924463364e-06;5.5922310556456215e-15;6.5273756694752750e-08;2.0106898028910585e-06;7.8651571485851069e-15;3.5938867664856113e-06
465000000;0.0000000000000000e+00;1.8654697729546453e-06;6.4361826554426668e-15;1.3141007747279674e-07;2.2590513171749500e-06;6.9940847985179577e-15;4.3745240601743743e-06
467000000;0.0000000000000000e+00;3.3168602602623970e-06;4.3254988573858404e-15;6.1988133446553975e-08;2.1094872616339920e-06;1.1082609841379956e-14;3.0380866413614221e-06
469000000;0.0000000000000000e+00;2.0745176153141275e-06;3.7532804014572170e-15;7.1856621609882113e-08;2.2621140762244313e-06;1.0767383261315535e-14;2.8506153966793863e-06
471000000;0.0000000000000000e+00;1.1714315527767754e-06;3.9430909008191127e-15;8.0610340151759526e-08;1.2440310542286748e-06;9.1394146532083642e-15;3.4710495881774468e-06
473000000;0.0000000000000000e+00;1.4286053206082148e-06;4.1975091928222296e-15;8.2383247001865352e-08;8.3797576741499737e-07;5.5853696944608952e-15;2.0694635341495681e-06
475000000;0.0000000000000000e+00;1.2076247603947996e-06;3.0302833039458485e-15;7.1783704034281966e-08;2.2569994229560549e-06;7.7424640471733663e-15;2.0925807983776756e-06
477000000;0.0000000000000000e+00;9.0490155972934074e-07;3.0427499089844883e-15;6.6281118402139520e-08;1.7765539056434675e-06;7.8033791348346835e-15;2.7085014370237093e-06
479000000;0.0000000000000000e+00;1.8541568635814522e-06;3.0082511838142826e-15;7.8145886246053040e-08;1.9022830358499954e-06;5.3962952601646564e-15;2.5685789097884749e-06
481000000;0.0000000000000000e+00;1.3951067926320726e-06;1.4812147307509015e-15;8.0014086902264325e-08;1.9125592977144949e-06;7.2703153592700783e-15;2.0650579619454897e-06
483000000;0.0000000000000000e+00;7.0633936078684159e-07;1.0629897288010316e-15;1.0339700553240799e-07;8.1147630386046487e-07;7.0785765863855693e-15;1.6513763902146889e-06
485000000;0.0000000000000000e+00;5.7427804848922817e-07;2.8171173430034506e-15;7.1211290398331836e-08;1.6039642661437823e-06;8.5337965980838827e-15;2.0219290491219959e-06
487000000;0.0000000000000000e+00;8.8725606188749669e-07;1.5180041626892571e-15;4.9071161939216468e-08;6.8847580509410394e-07;8.4998800227108617e-15;2.1315586711855089e-06
489000000;0.0000000000000000e+00;1.0349594678838006e-06;2.3919705401807844e-15;7.2896066476781658e-08;1.1026495198881685e-06;8.0724278404565916e-15;2.0482797428804060e-06
491000000;0.0000000000000000e+00;2.1676516121171242e-06;4.1527754514857442e-15;9.6537516462573525e-08;1.7089219656033465e-06;5.6921815972749658e-15;2.1331052204981971e-06
493000000;0.0000000000000000e+00;1.3821214321113193e-06;3.0876629946203895e-15;7.8950755787200884e-08;2.0532400353142401e-06;8.1878100755356460e-15;2.7707176528860215e-06
495000000;0.0000000000000000e+00;2.1421932260270544e-06;2.6764734439062026e-15;7.2934731353749693e-08;1.7032785594944808e-06;9.1576715992364095e-15;2.6840113158713416e-06
497000000;0.0000000000000000e+00;8.8111220215178208e-07;4.0325730425126673e-15;7.2312691741278221e-08;8.4698644899853778e-07;1.0450587553893659e-14;3.4814904526673223e-06
499000000;0.0000000000000000e+00;8.7858350560393124e-07;3.9336781385395368e-15;9.2342655610504437e-08;1.9140819810948916e-06;1.1378885694750086e-14;3.2990982775738296e-06
501000000;0.0000000000000000e+00;8.1159284718622949e-07;5.4796512217141864e-15;1.0814209078950141e-07;3.0025686312690927e-06;1.2976490183934568e-14;2.9326599408264025e-06
503000000;0.0000000000000000e+00;2.0444895965304989e-06;3.7765094773933271e-15;9.9127907916599068e-08;2.3424645253749768e-06;1.6853165027087063e-14;3.4047613058904757e-06
505000000;0.0000000000000000e+00;2.3189703834460797e-06;5.2255200852880744e-15;1.4665405963389909e-07;4.0094345282860337e-06;1.5588328810219356e-14;4.9523702820807517e-06
507000000;0.0000000000000000e+00;2.6921266003972779e-06;3.4416966782537851e-15;1.2551632525213210e-07;3.3288521363373025e-06;2.1485186505700243e-14;3.7945905806619039e-06
509000000;0.0000000000000000e+00;1.9363733325741672e-06;3.9401304017957546e-15;1.3336671682558912e-07;3.0237167347453757e-06;1.9340740593358049e-14;4.6145651299044210e-06
511000000;0.0000000000000000e+00;2.9742461673219688e-06;5.6135397679116116e-15;1.1988467978116787e-07;2.9645734236051189e-06;1.4123975969004536e-14;3.2356011508968543e-06
513000000;0.0000000000000000e+00;3.6308177927482572e-06;2.4781980074806523e-15;1.5150260245049864e-07;2.5648780833196025e-06;1.8416356554265554e-14;3.1370819660986400e-06
515000000;0.0000000000000000e+00;8.3578203212371228e-07;4.2246004328916935e-15;1.0538617083891606e-07;2.8706038646333572e-06;1.7362043289683131e-14;2.6794339183408890e-06
517000000;0.0000000000000000e+00;1.8897251276979620e-06;6.4884660405221370e-15;9.3460391566841774e-08;1.9790586533040578e-06;1.8523061376162628e-14;2.8998415732060523e-06
519000000;0.0000000000000000e+00;4.3984157756324078e-06;6.0241436518533003e-15;9.5290916620232771e-08;2.4974292123727763e-06;2.3832902221146599e-14;4.2638563398737307e-06
521000000;0.0000000000000000e+00;2.8019533554799474e-06;4.6896772887651714e-15;1.1603324982316379e-07;3.5708362945848643e-06;1.8141162615825794e-14;3.6358621615887104e-06
523000000;0.0000000000000000e+00;2.8717247836148415e-06;1.5225930847080351e-14;1.1150191536899402e-07;3.2820252289131055e-06;3.7585451061746187e-14;6.7474146180622445e-06
525000000;0.0000000000000000e+00;3.0815282123861258e-06;4.3914910819989488e-15;1.7230826338533542e-07;4.7443169813405785e-06;4.7707978271230843e-14;9.7971236688245786e-06
527000000;0.0000000000000000e+00;9.2171226218339175e-06;7.9723088503779927e-15;1.0657094362876096e-07;5.8042344503175591e-06;5.3170711564888180e-14;9.9582951216664459e-06
529000000;0.0000000000000000e+00;4.0636486318986641e-06;9.2408991568506015e-15;1.3556513662605478e-07;4.4898679779398637e-06;3.4381276126779892e-14;5.3658893430557929e-06
531000000;0.0000000000000000e+00;6.2817006548811476e-06;8.4831962716206573e-15;2.6028745040052966e-07;1.6393254744681435e-05;1.0771003344949157e-13;1.9799226078017745e-05
533000000;0.0000000000000000e+00;6.7059737453136764e-06;1.1017551799274760e-14;1.2496823233028430e-07;6.2460063683749631e-06;5.2985411205779261e-14;7.7924308390673398e-06
535000000;0.0000000000000000e+00;6.6131522461058497e-06;1.8299546252906179e-14;1.5339389461651824e-07;6.0232401722984138e-06;5.8443123610250907e-14;7.4600536768894287e-06
--------------------------------------------------
Random iter;Vector Size;Result DOT fp64;Result DOT fp32;Result DOT Acc<fp64, fp64>;Result DOT Acc<fp64, fp32>;Result DOT Acc<fp32, fp32>;Result CUBLAS DOT fp64;Result CUBLAS DOT fp32
0;1000000;-2.3465157845828179e+02;-2.3465144348144531e+02;-2.3465157845828216e+02;-2.3465158081054688e+02;-2.3465159606933594e+02;-2.3465157845828165e+02;-2.3465158081054688e+02
1;1000000;-1.1656602623813539e+02;-1.1656616210937500e+02;-1.1656602623813546e+02;-1.1656602478027344e+02;-1.1656599426269531e+02;-1.1656602623813555e+02;-1.1656588745117188e+02
2;1000000;6.3284647029934365e+02;6.3284643554687500e+02;6.3284647029934308e+02;6.3284643554687500e+02;6.3284661865234375e+02;6.3284647029934490e+02;6.3284643554687500e+02
3;1000000;3.0553266276405132e+01;3.0553142547607422e+01;3.0553266276405537e+01;3.0553237915039062e+01;3.0553352355957031e+01;3.0553266276405594e+01;3.0553211212158203e+01
4;1000000;6.2753876087933094e+01;6.2753898620605469e+01;6.2753876087933229e+01;6.2753887176513672e+01;6.2753940582275391e+01;6.2753876087933122e+01;6.2753845214843750e+01
5;1000000;3.5005159672043010e+02;3.5005169677734375e+02;3.5005159672043061e+02;3.5005160522460938e+02;3.5005169677734375e+02;3.5005159672043050e+02;3.5005157470703125e+02
6;1000000;-1.8907935146342496e+01;-1.8907901763916016e+01;-1.8907935146342542e+01;-1.8907947540283203e+01;-1.8907875061035156e+01;-1.8907935146342567e+01;-1.8907974243164062e+01
7;1000000;-5.8505714697573357e+00;-5.8507056236267090e+00;-5.8505714697572966e+00;-5.8505702018737793e+00;-5.8505601882934570e+00;-5.8505714697573410e+00;-5.8506164550781250e+00
8;1000000;-5.5549034126161337e+02;-5.5549053955078125e+02;-5.5549034126161337e+02;-5.5549029541015625e+02;-5.5549035644531250e+02;-5.5549034126161314e+02;-5.5549035644531250e+02
9;1000000;3.5630643020007511e+01;3.5630783081054688e+01;3.5630643020007099e+01;3.5630641937255859e+01;3.5630683898925781e+01;3.5630643020007085e+01;3.5630657196044922e+01
0;3000000;-5.8393833164746400e+02;-5.8393865966796875e+02;-5.8393833164746343e+02;-5.8393835449218750e+02;-5.8393804931640625e+02;-5.8393833164746354e+02;-5.8393823242187500e+02
1;3000000;-1.4680660729444449e+02;-1.4680708312988281e+02;-1.4680660729444438e+02;-1.4680662536621094e+02;-1.4680706787109375e+02;-1.4680660729444412e+02;-1.4680656433105469e+02
2;3000000;3.5751277406518773e+02;3.5751229858398438e+02;3.5751277406518830e+02;3.5751275634765625e+02;3.5751251220703125e+02;3.5751277406518767e+02;3.5751269531250000e+02
3;3000000;-6.0341473840705521e+02;-6.0341510009765625e+02;-6.0341473840705623e+02;-6.0341479492187500e+02;-6.0341510009765625e+02;-6.0341473840705521e+02;-6.0341485595703125e+02
4;3000000;7.6561521442492648e+01;7.6561424255371094e+01;7.6561521442492960e+01;7.6561523437500000e+01;7.6561447143554688e+01;7.6561521442492989e+01;7.6561569213867188e+01
5;3000000;1.0313818800360607e+01;1.0314201354980469e+01;1.0313818800360288e+01;1.0313844680786133e+01;1.0313753128051758e+01;1.0313818800359925e+01;1.0313751220703125e+01
6;3000000;-6.3229596059511849e+01;-6.3229415893554688e+01;-6.3229596059511692e+01;-6.3229598999023438e+01;-6.3229339599609375e+01;-6.3229596059511834e+01;-6.3229537963867188e+01
7;3000000;-6.0533119194239271e+02;-6.0533087158203125e+02;-6.0533119194239316e+02;-6.0533117675781250e+02;-6.0533105468750000e+02;-6.0533119194239339e+02;-6.0533111572265625e+02
8;3000000;-1.5638415928812447e+03;-1.5638411865234375e+03;-1.5638415928812465e+03;-1.5638415527343750e+03;-1.5638408203125000e+03;-1.5638415928812492e+03;-1.5638415527343750e+03
9;3000000;-4.6512782532297172e+02;-4.6512683105468750e+02;-4.6512782532297172e+02;-4.6512783813476562e+02;-4.6512698364257812e+02;-4.6512782532297234e+02;-4.6512768554687500e+02
0;5000000;-5.2618484628318629e+02;-5.2618432617187500e+02;-5.2618484628318618e+02;-5.2618487548828125e+02;-5.2618457031250000e+02;-5.2618484628318595e+02;-5.2618493652343750e+02
1;5000000;-2.4796337479840156e+02;-2.4796406555175781e+02;-2.4796337479840122e+02;-2.4796339416503906e+02;-2.4796321105957031e+02;-2.4796337479840054e+02;-2.4796325683593750e+02
2;5000000;-4.2642558151902307e+01;-4.2642684936523438e+01;-4.2642558151902129e+01;-4.2642585754394531e+01;-4.2642814636230469e+01;-4.2642558151903245e+01;-4.2642395019531250e+01
3;5000000;-5.2387897317160434e+02;-5.2387902832031250e+02;-5.2387897317160446e+02;-5.2387902832031250e+02;-5.2387976074218750e+02;-5.2387897317160662e+02;-5.2387908935546875e+02
4;5000000;3.2485659551433275e+02;3.2485653686523438e+02;3.2485659551433287e+02;3.2485656738281250e+02;3.2485644531250000e+02;3.2485659551433332e+02;3.2485665893554688e+02
5;5000000;-8.2351640277107640e+02;-8.2351605224609375e+02;-8.2351640277107617e+02;-8.2351635742187500e+02;-8.2351647949218750e+02;-8.2351640277107651e+02;-8.2351660156250000e+02
6;5000000;8.3490047063508101e+01;8.3490753173828125e+01;8.3490047063507916e+01;8.3490058898925781e+01;8.3490638732910156e+01;8.3490047063507973e+01;8.3490051269531250e+01
7;5000000;-7.6738879328037638e+02;-7.6738903808593750e+02;-7.6738879328037763e+02;-7.6738879394531250e+02;-7.6738952636718750e+02;-7.6738879328037524e+02;-7.6738867187500000e+02
8;5000000;-2.0659656054888019e+03;-2.0659653320312500e+03;-2.0659656054888010e+03;-2.0659655761718750e+03;-2.0659660644531250e+03;-2.0659656054888051e+03;-2.0659653320312500e+03
9;5000000;-5.9047859449458235e+02;-5.9047827148437500e+02;-5.9047859449458110e+02;-5.9047857666015625e+02;-5.9047894287109375e+02;-5.9047859449458349e+02;-5.9047857666015625e+02
0;7000000;-4.1449844997124012e+02;-4.1449853515625000e+02;-4.1449844997123915e+02;-4.1449844360351562e+02;-4.1449819946289062e+02;-4.1449844997123972e+02;-4.1449835205078125e+02
1;7000000;-8.8941545135572983e+02;-8.8941522216796875e+02;-8.8941545135572915e+02;-8.8941546630859375e+02;-8.8941534423828125e+02;-8.8941545135573085e+02;-8.8941534423828125e+02
2;7000000;4.2877445595364193e+01;4.2877567291259766e+01;4.2877445595363191e+01;4.2877395629882812e+01;4.2877906799316406e+01;4.2877445595363724e+01;4.2877380371093750e+01
3;7000000;-8.1993559714745163e+02;-8.1993579101562500e+02;-8.1993559714745163e+02;-8.1993566894531250e+02;-8.1993542480468750e+02;-8.1993559714745231e+02;-8.1993560791015625e+02
4;7000000;-1.9237205275839003e+02;-1.9237170410156250e+02;-1.9237205275838974e+02;-1.9237211608886719e+02;-1.9237255859375000e+02;-1.9237205275838801e+02;-1.9237216186523438e+02
5;7000000;-4.4684169254663902e+02;-4.4684103393554688e+02;-4.4684169254664005e+02;-4.4684164428710938e+02;-4.4684112548828125e+02;-4.4684169254663664e+02;-4.4684176635742188e+02
6;7000000;-7.5869094116868359e+02;-7.5868988037109375e+02;-7.5869094116868166e+02;-7.5869091796875000e+02;-7.5869012451171875e+02;-7.5869094116868496e+02;-7.5869097900390625e+02
7;7000000;-6.7549175831983951e+02;-6.7549188232421875e+02;-6.7549175831983962e+02;-6.7549176025390625e+02;-6.7549133300781250e+02;-6.7549175831983803e+02;-6.7549163818359375e+02
8;7000000;-2.2783931196592894e+03;-2.2783925781250000e+03;-2.2783931196592889e+03;-2.2783930664062500e+03;-2.2783935546875000e+03;-2.2783931196592848e+03;-2.2783930664062500e+03
9;7000000;-1.4967286359502857e+03;-1.4967299804687500e+03;-1.4967286359502862e+03;-1.4967286376953125e+03;-1.4967309570312500e+03;-1.4967286359502814e+03;-1.4967286376953125e+03
0;9000000;-5.2580007581680121e+01;-5.2579845428466797e+01;-5.2580007581678665e+01;-5.2580001831054688e+01;-5.2580192565917969e+01;-5.2580007581678160e+01;-5.2579910278320312e+01
1;9000000;-4.3269715600619963e+02;-4.3269692993164062e+02;-4.3269715600619867e+02;-4.3269717407226562e+02;-4.3269692993164062e+02;-4.3269715600619912e+02;-4.3269720458984375e+02
2;9000000;-3.5066087725727454e+02;-3.5066058349609375e+02;-3.5066087725727482e+02;-3.5066091918945312e+02;-3.5065957641601562e+02;-3.5066087725727482e+02;-3.5066119384765625e+02
3;9000000;-1.2811606037706774e+03;-1.2811613769531250e+03;-1.2811606037706767e+03;-1.2811606445312500e+03;-1.2811594238281250e+03;-1.2811606037706742e+03;-1.2811606445312500e+03
4;9000000;1.3160798673308875e+02;1.3160719299316406e+02;1.3160798673308912e+02;1.3160791015625000e+02;1.3160813903808594e+02;1.3160798673308921e+02;1.3160766601562500e+02
5;9000000;-2.9650921761338327e+02;-2.9650827026367188e+02;-2.9650921761338236e+02;-2.9650924682617188e+02;-2.9650833129882812e+02;-2.9650921761338270e+02;-2.9650915527343750e+02
6;9000000;-9.7417191006577332e+02;-9.7417022705078125e+02;-9.7417191006577275e+02;-9.7417187500000000e+02;-9.7417083740234375e+02;-9.7417191006577298e+02;-9.7417181396484375e+02
7;9000000;-5.1353796589706951e+02;-5.1353808593750000e+02;-5.1353796589706872e+02;-5.1353796386718750e+02;-5.1353833007812500e+02;-5.1353796589706849e+02;-5.1353784179687500e+02
8;9000000;-2.7322638875017269e+03;-2.7322651367187500e+03;-2.7322638875017283e+03;-2.7322639160156250e+03;-2.7322653808593750e+03;-2.7322638875017219e+03;-2.7322636718750000e+03
9;9000000;-2.0681086907976492e+03;-2.0681101074218750e+03;-2.0681086907976519e+03;-2.0681086425781250e+03;-2.0681115722656250e+03;-2.0681086907976478e+03;-2.0681083984375000e+03
0;11000000;1.8121538720122447e+02;1.8121537780761719e+02;1.8121538720122530e+02;1.8121537780761719e+02;1.8121563720703125e+02;1.8121538720122618e+02;1.8121553039550781e+02
1;11000000;-3.2801385762967902e+02;-3.2801339721679688e+02;-3.2801385762967942e+02;-3.2801385498046875e+02;-3.2801412963867188e+02;-3.2801385762967982e+02;-3.2801391601562500e+02
2;11000000;-9.6296359364116392e+02;-9.6296331787109375e+02;-9.6296359364116336e+02;-9.6296362304687500e+02;-9.6296374511718750e+02;-9.6296359364116381e+02;-9.6296392822265625e+02
3;11000000;-9.8219321450378743e+02;-9.8219274902343750e+02;-9.8219321450378879e+02;-9.8219329833984375e+02;-9.8219274902343750e+02;-9.8219321450378857e+02;-9.8219323730468750e+02
4;11000000;-2.6012752224839619e+02;-2.6012786865234375e+02;-2.6012752224839619e+02;-2.6012762451171875e+02;-2.6012826538085938e+02;-2.6012752224839574e+02;-2.6012762451171875e+02
5;11000000;-1.1079572046608741e+03;-1.1079575195312500e+03;-1.1079572046608750e+03;-1.1079572753906250e+03;-1.1079573974609375e+03;-1.1079572046608737e+03;-1.1079572753906250e+03
6;11000000;-6.2656917497670042e+02;-6.2656982421875000e+02;-6.2656917497670099e+02;-6.2656915283203125e+02;-6.2656982421875000e+02;-6.2656917497670054e+02;-6.2656921386718750e+02
7;11000000;-1.4774653635743255e+03;-1.4774654541015625e+03;-1.4774653635743250e+03;-1.4774653320312500e+03;-1.4774654541015625e+03;-1.4774653635743239e+03;-1.4774655761718750e+03
8;11000000;-2.7276139871185042e+03;-2.7276154785156250e+03;-2.7276139871185028e+03;-2.7276140136718750e+03;-2.7276149902343750e+03;-2.7276139871185069e+03;-2.7276140136718750e+03
9;11000000;-2.2659697769609857e+03;-2.2659648437500000e+03;-2.2659697769609847e+03;-2.2659697265625000e+03;-2.2659660644531250e+03;-2.2659697769609847e+03;-2.2659697265625000e+03
0;13000000;-2.7263746483239782e+02;-2.7263720703125000e+02;-2.7263746483239896e+02;-2.7263748168945312e+02;-2.7263748168945312e+02;-2.7263746483239936e+02;-2.7263748168945312e+02
1;13000000;-1.1350627583245335e+02;-1.1350590515136719e+02;-1.1350627583245415e+02;-1.1350628662109375e+02;-1.1350614929199219e+02;-1.1350627583245387e+02;-1.1350646972656250e+02
2;13000000;-6.2134771615134207e+02;-6.2134820556640625e+02;-6.2134771615134173e+02;-6.2134777832031250e+02;-6.2134777832031250e+02;-6.2134771615133968e+02;-6.2134802246093750e+02
3;13000000;-1.1760871972150849e+03;-1.1760893554687500e+03;-1.1760871972150833e+03;-1.1760872802734375e+03;-1.1760886230468750e+03;-1.1760871972150846e+03;-1.1760874023437500e+03
4;13000000;-7.9171643440487037e+02;-7.9171752929687500e+02;-7.9171643440486991e+02;-7.9171655273437500e+02;-7.9171716308593750e+02;-7.9171643440487173e+02;-7.9171679687500000e+02
5;13000000;-3.7654392956687514e+02;-3.7654428100585938e+02;-3.7654392956687462e+02;-3.7654397583007812e+02;-3.7654541015625000e+02;-3.7654392956687389e+02;-3.7654406738281250e+02
6;13000000;-8.2506287585025984e+02;-8.2506298828125000e+02;-8.2506287585026098e+02;-8.2506292724609375e+02;-8.2506298828125000e+02;-8.2506287585025950e+02;-8.2506286621093750e+02
7;13000000;-1.5302751737947938e+03;-1.5302749023437500e+03;-1.5302751737947954e+03;-1.5302751464843750e+03;-1.5302747802734375e+03;-1.5302751737947942e+03;-1.5302753906250000e+03
8;13000000;-2.2736845451405302e+03;-2.2736855468750000e+03;-2.2736845451405266e+03;-2.2736845703125000e+03;-2.2736857910156250e+03;-2.2736845451405325e+03;-2.2736843261718750e+03
9;13000000;-2.1388899248526332e+03;-2.1388825683593750e+03;-2.1388899248526341e+03;-2.1388898925781250e+03;-2.1388842773437500e+03;-2.1388899248526332e+03;-2.1388898925781250e+03
0;15000000;2.0385661485997329e+02;2.0385746765136719e+02;2.0385661485997423e+02;2.0385658264160156e+02;2.0385687255859375e+02;2.0385661485997338e+02;2.0385661315917969e+02
1;15000000;6.7772184728859912e+01;6.7772483825683594e+01;6.7772184728859912e+01;6.7772163391113281e+01;6.7771919250488281e+01;6.7772184728859827e+01;6.7772216796875000e+01
2;15000000;-2.3125097685380669e+02;-2.3125033569335938e+02;-2.3125097685380834e+02;-2.3125100708007812e+02;-2.3125000000000000e+02;-2.3125097685380638e+02;-2.3125122070312500e+02
3;15000000;-1.9324054489216787e+03;-1.9324074707031250e+03;-1.9324054489216805e+03;-1.9324055175781250e+03;-1.9324071044921875e+03;-1.9324054489216842e+03;-1.9324057617187500e+03
4;15000000;-7.0643303120729627e+02;-7.0643304443359375e+02;-7.0643303120729672e+02;-7.0643310546875000e+02;-7.0643432617187500e+02;-7.0643303120729604e+02;-7.0643286132812500e+02
5;15000000;-1.1129911427509398e+03;-1.1129926757812500e+03;-1.1129911427509401e+03;-1.1129912109375000e+03;-1.1129926757812500e+03;-1.1129911427509392e+03;-1.1129912109375000e+03
6;15000000;-1.4539071421009708e+03;-1.4539082031250000e+03;-1.4539071421009712e+03;-1.4539072265625000e+03;-1.4539084472656250e+03;-1.4539071421009730e+03;-1.4539072265625000e+03
7;15000000;-9.6040082649417081e+02;-9.6040002441406250e+02;-9.6040082649417138e+02;-9.6040075683593750e+02;-9.6039971923828125e+02;-9.6040082649417002e+02;-9.6040100097656250e+02
8;15000000;-3.3969149692025567e+03;-3.3969143066406250e+03;-3.3969149692025571e+03;-3.3969147949218750e+03;-3.3969140625000000e+03;-3.3969149692025558e+03;-3.3969147949218750e+03
9;15000000;-2.6570030220335375e+03;-2.6570039062500000e+03;-2.6570030220335411e+03;-2.6570029296875000e+03;-2.6570056152343750e+03;-2.6570030220335425e+03;-2.6570031738281250e+03
0;17000000;3.9868019284549533e+01;3.9868144989013672e+01;3.9868019284550556e+01;3.9867996215820312e+01;3.9868663787841797e+01;3.9868019284549916e+01;3.9868057250976562e+01
1;17000000;-4.3933245917609236e+02;-4.3933300781250000e+02;-4.3933245917609122e+02;-4.3933248901367188e+02;-4.3933273315429688e+02;-4.3933245917609224e+02;-4.3933264160156250e+02
2;17000000;4.5546977581489422e+01;4.5545837402343750e+01;4.5546977581487411e+01;4.5546939849853516e+01;4.5545684814453125e+01;4.5546977581485407e+01;4.5546508789062500e+01
3;17000000;-1.6820194666006566e+03;-1.6820213623046875e+03;-1.6820194666006591e+03;-1.6820195312500000e+03;-1.6820209960937500e+03;-1.6820194666006571e+03;-1.6820200195312500e+03
4;17000000;-9.9416072815770178e+02;-9.9416088867187500e+02;-9.9416072815770247e+02;-9.9416082763671875e+02;-9.9416040039062500e+02;-9.9416072815770269e+02;-9.9416076660156250e+02
5;17000000;-1.4468030930811317e+03;-1.4468035888671875e+03;-1.4468030930811340e+03;-1.4468031005859375e+03;-1.4468039550781250e+03;-1.4468030930811365e+03;-1.4468032226562500e+03
6;17000000;-8.8833289590854304e+02;-8.8833154296875000e+02;-8.8833289590854167e+02;-8.8833294677734375e+02;-8.8833343505859375e+02;-8.8833289590854361e+02;-8.8833288574218750e+02
7;17000000;-1.6167419855971164e+03;-1.6167426757812500e+03;-1.6167419855971164e+03;-1.6167419433593750e+03;-1.6167423095703125e+03;-1.6167419855971164e+03;-1.6167421875000000e+03
8;17000000;-3.3445373682169738e+03;-3.3445363769531250e+03;-3.3445373682169770e+03;-3.3445373535156250e+03;-3.3445366210937500e+03;-3.3445373682169738e+03;-3.3445373535156250e+03
9;17000000;-2.0421229940870369e+03;-2.0421241455078125e+03;-2.0421229940870348e+03;-2.0421229248046875e+03;-2.0421224365234375e+03;-2.0421229940870351e+03;-2.0421231689453125e+03
0;19000000;2.7206671652736668e+02;2.7206689453125000e+02;2.7206671652736611e+02;2.7206671142578125e+02;2.7206658935546875e+02;2.7206671652736640e+02;2.7206625366210938e+02
1;19000000;-3.4941385305029974e+02;-3.4941345214843750e+02;-3.4941385305030013e+02;-3.4941387939453125e+02;-3.4941329956054688e+02;-3.4941385305030076e+02;-3.4941369628906250e+02
2;19000000;1.4093792533308530e+02;1.4093829345703125e+02;1.4093792533308539e+02;1.4093786621093750e+02;1.4093786621093750e+02;1.4093792533308419e+02;1.4093766784667969e+02
3;19000000;-1.1538587594686940e+03;-1.1538591308593750e+03;-1.1538587594686956e+03;-1.1538588867187500e+03;-1.1538586425781250e+03;-1.1538587594686912e+03;-1.1538591308593750e+03
4;19000000;-1.5695139292665710e+03;-1.5695146484375000e+03;-1.5695139292665704e+03;-1.5695140380859375e+03;-1.5695140380859375e+03;-1.5695139292665699e+03;-1.5695142822265625e+03
5;19000000;-9.0359933456790043e+02;-9.0359973144531250e+02;-9.0359933456790156e+02;-9.0359942626953125e+02;-9.0359979248046875e+02;-9.0359933456790111e+02;-9.0359948730468750e+02
6;19000000;-1.3543507858965429e+03;-1.3543526611328125e+03;-1.3543507858965395e+03;-1.3543508300781250e+03;-1.3543511962890625e+03;-1.3543507858965409e+03;-1.3543510742187500e+03
7;19000000;-1.7023991870780458e+03;-1.7023995361328125e+03;-1.7023991870780453e+03;-1.7023991699218750e+03;-1.7023995361328125e+03;-1.7023991870780455e+03;-1.7023989257812500e+03
8;19000000;-2.7592548022261099e+03;-2.7592519531250000e+03;-2.7592548022261103e+03;-2.7592546386718750e+03;-2.7592526855468750e+03;-2.7592548022261089e+03;-2.7592548828125000e+03
9;19000000;-3.2921713309078064e+03;-3.2921726074218750e+03;-3.2921713309078073e+03;-3.2921713867187500e+03;-3.2921713867187500e+03;-3.2921713309078095e+03;-3.2921716308593750e+03
0;21000000;4.6673530271348858e+02;4.6673510742187500e+02;4.6673530271348938e+02;4.6673529052734375e+02;4.6673474121093750e+02;4.6673530271349023e+02;4.6673529052734375e+02
1;21000000;1.5654758219890536e+02;1.5654820251464844e+02;1.5654758219890439e+02;1.5654754638671875e+02;1.5654733276367188e+02;1.5654758219890502e+02;1.5654785156250000e+02
2;21000000;-4.6891822351079247e+02;-4.6891900634765625e+02;-4.6891822351079441e+02;-4.6891827392578125e+02;-4.6891918945312500e+02;-4.6891822351079458e+02;-4.6891873168945312e+02
3;21000000;-8.7021126905196957e+02;-8.7021124267578125e+02;-8.7021126905197093e+02;-8.7021136474609375e+02;-8.7021087646484375e+02;-8.7021126905197275e+02;-8.7021118164062500e+02
4;21000000;-1.1252068315620688e+03;-1.1252069091796875e+03;-1.1252068315620684e+03;-1.1252069091796875e+03;-1.1252073974609375e+03;-1.1252068315620668e+03;-1.1252070312500000e+03
5;21000000;-1.5236147528237530e+03;-1.5236149902343750e+03;-1.5236147528237514e+03;-1.5236148681640625e+03;-1.5236154785156250e+03;-1.5236147528237514e+03;-1.5236147460937500e+03
6;21000000;-1.6407189536237413e+03;-1.6407200927734375e+03;-1.6407189536237404e+03;-1.6407189941406250e+03;-1.6407199707031250e+03;-1.6407189536237395e+03;-1.6407194824218750e+03
7;21000000;-1.6356641208731101e+03;-1.6356655273437500e+03;-1.6356641208731069e+03;-1.6356641845703125e+03;-1.6356649169921875e+03;-1.6356641208731080e+03;-1.6356644287109375e+03
8;21000000;-3.3386246594946783e+03;-3.3386225585937500e+03;-3.3386246594946747e+03;-3.3386245117187500e+03;-3.3386225585937500e+03;-3.3386246594946729e+03;-3.3386247558593750e+03
9;21000000;-3.1784585518978770e+03;-3.1784599609375000e+03;-3.1784585518978761e+03;-3.1784584960937500e+03;-3.1784597167968750e+03;-3.1784585518978806e+03;-3.1784587402343750e+03
0;23000000;2.7434246448467650e+02;2.7434191894531250e+02;2.7434246448467712e+02;2.7434249877929688e+02;2.7434231567382812e+02;2.7434246448467735e+02;2.7434259033203125e+02
1;23000000;1.8394767273572987e+02;1.8394804382324219e+02;1.8394767273573171e+02;1.8394763183593750e+02;1.8394720458984375e+02;1.8394767273573137e+02;1.8394738769531250e+02
2;23000000;-2.0809733007793966e+01;-2.0809705734252930e+01;-2.0809733007792968e+01;-2.0809789657592773e+01;-2.0809011459350586e+01;-2.0809733007793625e+01;-2.0809936523437500e+01
3;23000000;-1.1918390164296784e+03;-1.1918397216796875e+03;-1.1918390164296793e+03;-1.1918391113281250e+03;-1.1918398437500000e+03;-1.1918390164296798e+03;-1.1918392333984375e+03
4;23000000;-8.6298271463856861e+02;-8.6298413085937500e+02;-8.6298271463856997e+02;-8.6298278808593750e+02;-8.6298254394531250e+02;-8.6298271463856759e+02;-8.6298303222656250e+02
5;23000000;-2.0371364131379341e+03;-2.0371375732421875e+03;-2.0371364131379296e+03;-2.0371364746093750e+03;-2.0371383056640625e+03;-2.0371364131379303e+03;-2.0371367187500000e+03
6;23000000;-1.5739042818810226e+03;-1.5739027099609375e+03;-1.5739042818810226e+03;-1.5739042968750000e+03;-1.5739030761718750e+03;-1.5739042818810231e+03;-1.5739044189453125e+03
7;23000000;-1.9776055798140746e+03;-1.9776060791015625e+03;-1.9776055798140758e+03;-1.9776055908203125e+03;-1.9776071777343750e+03;-1.9776055798140765e+03;-1.9776059570312500e+03
8;23000000;-3.3974739900684890e+03;-3.3974746093750000e+03;-3.3974739900684895e+03;-3.3974738769531250e+03;-3.3974716796875000e+03;-3.3974739900684867e+03;-3.3974736328125000e+03
9;23000000;-2.6759410670954617e+03;-2.6759426269531250e+03;-2.6759410670954644e+03;-2.6759409179687500e+03;-2.6759428710937500e+03;-2.6759410670954685e+03;-2.6759421386718750e+03
0;25000000;-3.6244414126858082e+01;-3.6244277954101562e+01;-3.6244414126856313e+01;-3.6244373321533203e+01;-3.6244758605957031e+01;-3.6244414126858231e+01;-3.6244583129882812e+01
1;25000000;3.4772949573873569e+02;3.4772842407226562e+02;3.4772949573873592e+02;3.4772946166992188e+02;3.4772970581054688e+02;3.4772949573873552e+02;3.4772949218750000e+02
2;25000000;2.6164866445478282e+02;2.6164944458007812e+02;2.6164866445478452e+02;2.6164862060546875e+02;2.6164978027343750e+02;2.6164866445478333e+02;2.6164831542968750e+02
3;25000000;-1.4214868517245127e+03;-1.4214866943359375e+03;-1.4214868517245156e+03;-1.4214869384765625e+03;-1.4214869384765625e+03;-1.4214868517245154e+03;-1.4214873046875000e+03
4;25000000;-4.5982606084395121e+02;-4.5982711791992188e+02;-4.5982606084395081e+02;-4.5982617187500000e+02;-4.5982583618164062e+02;-4.5982606084394956e+02;-4.5982626342773438e+02
5;25000000;-1.8491564113417078e+03;-1.8491574707031250e+03;-1.8491564113417087e+03;-1.8491564941406250e+03;-1.8491586914062500e+03;-1.8491564113417080e+03;-1.8491563720703125e+03
6;25000000;-1.7559661616910680e+03;-1.7559654541015625e+03;-1.7559661616910678e+03;-1.7559661865234375e+03;-1.7559645996093750e+03;-1.7559661616910703e+03;-1.7559660644531250e+03
7;25000000;-2.1357336740044084e+03;-2.1357355957031250e+03;-2.1357336740044120e+03;-2.1357336425781250e+03;-2.1357358398437500e+03;-2.1357336740044116e+03;-2.1357333984375000e+03
8;25000000;-3.5795335388143267e+03;-3.5795334472656250e+03;-3.5795335388143262e+03;-3.5795334472656250e+03;-3.5795324707031250e+03;-3.5795335388143267e+03;-3.5795332031250000e+03
9;25000000;-3.3907630429112533e+03;-3.3907641601562500e+03;-3.3907630429112505e+03;-3.3907629394531250e+03;-3.3907631835937500e+03;-3.3907630429112564e+03;-3.3907626953125000e+03
0;27000000;5.5607431266005085e+02;5.5607379150390625e+02;5.5607431266005017e+02;5.5607434082031250e+02;5.5607336425781250e+02;5.5607431266004915e+02;5.5607409667968750e+02
1;27000000;1.6424312929733554e+02;1.6424296569824219e+02;1.6424312929733338e+02;1.6424313354492188e+02;1.6424351501464844e+02;1.6424312929733469e+02;1.6424320983886719e+02
2;27000000;2.4419360685237385e+02;2.4419413757324219e+02;2.4419360685237484e+02;2.4419355773925781e+02;2.4419338989257812e+02;2.4419360685237348e+02;2.4419329833984375e+02
3;27000000;-9.5311579748787324e+02;-9.5311627197265625e+02;-9.5311579748787062e+02;-9.5311590576171875e+02;-9.5311688232421875e+02;-9.5311579748787165e+02;-9.5311541748046875e+02
4;27000000;-8.2302947245196231e+02;-8.2302728271484375e+02;-8.2302947245196356e+02;-8.2302960205078125e+02;-8.2302856445312500e+02;-8.2302947245196310e+02;-8.2302941894531250e+02
5;27000000;-1.1101604310563546e+03;-1.1101605224609375e+03;-1.1101604310563507e+03;-1.1101605224609375e+03;-1.1101611328125000e+03;-1.1101604310563512e+03;-1.1101602783203125e+03
6;27000000;-2.1901191044342304e+03;-2.1901208496093750e+03;-2.1901191044342349e+03;-2.1901191406250000e+03;-2.1901213378906250e+03;-2.1901191044342345e+03;-2.1901191406250000e+03
7;27000000;-2.1719691051063542e+03;-2.1719707031250000e+03;-2.1719691051063578e+03;-2.1719692382812500e+03;-2.1719714355468750e+03;-2.1719691051063551e+03;-2.1719692382812500e+03
8;27000000;-3.8712065599635366e+03;-3.8712084960937500e+03;-3.8712065599635371e+03;-3.8712065429687500e+03;-3.8712087402343750e+03;-3.8712065599635321e+03;-3.8712065429687500e+03
9;27000000;-3.2418101948173889e+03;-3.2418081054687500e+03;-3.2418101948173921e+03;-3.2418103027343750e+03;-3.2418066406250000e+03;-3.2418101948173926e+03;-3.2418100585937500e+03
0;29000000;1.6548196612936190e+03;1.6548194580078125e+03;1.6548196612936158e+03;1.6548197021484375e+03;1.6548190917968750e+03;1.6548196612936156e+03;1.6548193359375000e+03
1;29000000;-1.9874725906845208e+02;-1.9874794006347656e+02;-1.9874725906845276e+02;-1.9874723815917969e+02;-1.9874819946289062e+02;-1.9874725906845114e+02;-1.9874732971191406e+02
2;29000000;1.8280776645482493e+02;1.8280674743652344e+02;1.8280776645482521e+02;1.8280772399902344e+02;1.8280783081054688e+02;1.8280776645482365e+02;1.8280812072753906e+02
3;29000000;-7.1071187128711586e+02;-7.1071264648437500e+02;-7.1071187128711904e+02;-7.1071197509765625e+02;-7.1071258544921875e+02;-7.1071187128711836e+02;-7.1071197509765625e+02
4;29000000;-7.6548884757687767e+02;-7.6548760986328125e+02;-7.6548884757687824e+02;-7.6548895263671875e+02;-7.6548712158203125e+02;-7.6548884757687938e+02;-7.6548925781250000e+02
5;29000000;-1.2567551845620151e+03;-1.2567586669921875e+03;-1.2567551845620201e+03;-1.2567552490234375e+03;-1.2567557373046875e+03;-1.2567551845620203e+03;-1.2567551269531250e+03
6;29000000;-2.1608707548924740e+03;-2.1608750000000000e+03;-2.1608707548924754e+03;-2.1608708496093750e+03;-2.1608718261718750e+03;-2.1608707548924781e+03;-2.1608706054687500e+03
7;29000000;-2.5388986406585932e+03;-2.5388994140625000e+03;-2.5388986406585909e+03;-2.5388986816406250e+03;-2.5388994140625000e+03;-2.5388986406585850e+03;-2.5388984375000000e+03
8;29000000;-4.0985106788490120e+03;-4.0985122070312500e+03;-4.0985106788490111e+03;-4.0985107421875000e+03;-4.0985126953125000e+03;-4.0985106788490039e+03;-4.0985107421875000e+03
9;29000000;-3.4820891367808431e+03;-3.4820891113281250e+03;-3.4820891367808390e+03;-3.4820891113281250e+03;-3.4820869140625000e+03;-3.4820891367808440e+03;-3.4820895996093750e+03
0;31000000;1.8303876889144315e+03;1.8303880615234375e+03;1.8303876889144301e+03;1.8303878173828125e+03;1.8303875732421875e+03;1.8303876889144331e+03;1.8303876953125000e+03
1;31000000;6.9806224330620296e+02;6.9806317138671875e+02;6.9806224330620512e+02;6.9806225585937500e+02;6.9806237792968750e+02;6.9806224330620375e+02;6.9806188964843750e+02
2;31000000;1.1989295294773780e+02;1.1989292144775391e+02;1.1989295294773706e+02;1.1989292907714844e+02;1.1989315032958984e+02;1.1989295294773899e+02;1.1989303588867188e+02
3;31000000;-8.6951879301264080e+02;-8.6951965332031250e+02;-8.6951879301264182e+02;-8.6951892089843750e+02;-8.6951904296875000e+02;-8.6951879301264216e+02;-8.6951916503906250e+02
4;31000000;-5.9544005663541157e+02;-5.9543963623046875e+02;-5.9544005663541043e+02;-5.9544018554687500e+02;-5.9543853759765625e+02;-5.9544005663540975e+02;-5.9544049072265625e+02
5;31000000;-1.5657407348599193e+03;-1.5657409667968750e+03;-1.5657407348599213e+03;-1.5657408447265625e+03;-1.5657412109375000e+03;-1.5657407348599186e+03;-1.5657406005859375e+03
6;31000000;-1.2736739197391737e+03;-1.2736719970703125e+03;-1.2736739197391753e+03;-1.2736739501953125e+03;-1.2736730957031250e+03;-1.2736739197391751e+03;-1.2736739501953125e+03
7;31000000;-2.8784070106079662e+03;-2.8784096679687500e+03;-2.8784070106079689e+03;-2.8784069824218750e+03;-2.8784079589843750e+03;-2.8784070106079680e+03;-2.8784074707031250e+03
8;31000000;-4.1983896780072673e+03;-4.1983920898437500e+03;-4.1983896780072728e+03;-4.1983896484375000e+03;-4.1983920898437500e+03;-4.1983896780072710e+03;-4.1983896484375000e+03
9;31000000;-3.8672730617743596e+03;-3.8672678222656250e+03;-3.8672730617743618e+03;-3.8672731933593750e+03;-3.8672673339843750e+03;-3.8672730617743618e+03;-3.8672736816406250e+03
0;33000000;1.9931615285615269e+03;1.9931608886718750e+03;1.9931615285615310e+03;1.9931616210937500e+03;1.9931605224609375e+03;1.9931615285615308e+03;1.9931614990234375e+03
1;33000000;1.3368883444924231e+03;1.3368883056640625e+03;1.3368883444924238e+03;1.3368884277343750e+03;1.3368881835937500e+03;1.3368883444924224e+03;1.3368883056640625e+03
2;33000000;-1.6211402411711614e+02;-1.6211308288574219e+02;-1.6211402411711703e+02;-1.6211402893066406e+02;-1.6211404418945312e+02;-1.6211402411711651e+02;-1.6211392211914062e+02
3;33000000;-8.6277579561536629e+02;-8.6277575683593750e+02;-8.6277579561536788e+02;-8.6277587890625000e+02;-8.6277673339843750e+02;-8.6277579561536720e+02;-8.6277593994140625e+02
4;33000000;-2.7985829557799525e+02;-2.7985897827148438e+02;-2.7985829557799207e+02;-2.7985842895507812e+02;-2.7985769653320312e+02;-2.7985829557799468e+02;-2.7985852050781250e+02
5;33000000;-1.2864171712855571e+03;-1.2864171142578125e+03;-1.2864171712855607e+03;-1.2864172363281250e+03;-1.2864177246093750e+03;-1.2864171712855587e+03;-1.2864171142578125e+03
6;33000000;-1.7072468530007575e+03;-1.7072456054687500e+03;-1.7072468530007552e+03;-1.7072469482421875e+03;-1.7072438964843750e+03;-1.7072468530007541e+03;-1.7072468261718750e+03
7;33000000;-2.4460497633341297e+03;-2.4460510253906250e+03;-2.4460497633341320e+03;-2.4460498046875000e+03;-2.4460490722656250e+03;-2.4460497633341320e+03;-2.4460502929687500e+03
8;33000000;-4.6297267102457472e+03;-4.6297294921875000e+03;-4.6297267102457445e+03;-4.6297265625000000e+03;-4.6297275390625000e+03;-4.6297267102457472e+03;-4.6297265625000000e+03
9;33000000;-3.9496181056827677e+03;-3.9496113281250000e+03;-3.9496181056827659e+03;-3.9496181640625000e+03;-3.9496132812500000e+03;-3.9496181056827672e+03;-3.9496184082031250e+03
0;35000000;1.9215944237226370e+03;1.9215943603515625e+03;1.9215944237226347e+03;1.9215944824218750e+03;1.9215942382812500e+03;1.9215944237226347e+03;1.9215941162109375e+03
1;35000000;1.5392505335634078e+03;1.5392501220703125e+03;1.5392505335634091e+03;1.5392506103515625e+03;1.5392507324218750e+03;1.5392505335634071e+03;1.5392506103515625e+03
2;35000000;1.0637100787651102e+03;1.0637110595703125e+03;1.0637100787651084e+03;1.0637100830078125e+03;1.0637111816406250e+03;1.0637100787651107e+03;1.0637100830078125e+03
3;35000000;-1.1003296654005983e+03;-1.1003287353515625e+03;-1.1003296654005994e+03;-1.1003297119140625e+03;-1.1003293457031250e+03;-1.1003296654005974e+03;-1.1003298339843750e+03
4;35000000;-2.1158134496242397e+01;-2.1158233642578125e+01;-2.1158134496243058e+01;-2.1158252716064453e+01;-2.1158700942993164e+01;-2.1158134496242809e+01;-2.1158081054687500e+01
5;35000000;-1.3150176249312453e+03;-1.3150198974609375e+03;-1.3150176249312447e+03;-1.3150177001953125e+03;-1.3150190429687500e+03;-1.3150176249312442e+03;-1.3150168457031250e+03
6;35000000;-2.1053557912629230e+03;-2.1053547363281250e+03;-2.1053557912629249e+03;-2.1053559570312500e+03;-2.1053562011718750e+03;-2.1053557912629221e+03;-2.1053559570312500e+03
7;35000000;-2.0340550427740247e+03;-2.0340546875000000e+03;-2.0340550427740263e+03;-2.0340550537109375e+03;-2.0340533447265625e+03;-2.0340550427740259e+03;-2.0340554199218750e+03
8;35000000;-4.6987636597189876e+03;-4.6987666015625000e+03;-4.6987636597189867e+03;-4.6987636718750000e+03;-4.6987670898437500e+03;-4.6987636597189821e+03;-4.6987636718750000e+03
9;35000000;-4.0179538572224606e+03;-4.0179477539062500e+03;-4.0179538572224592e+03;-4.0179538574218750e+03;-4.0179467773437500e+03;-4.0179538572224606e+03;-4.0179536132812500e+03
0;37000000;1.3941033425081403e+03;1.3941032714843750e+03;1.3941033425081391e+03;1.3941033935546875e+03;1.3941022949218750e+03;1.3941033425081396e+03;1.3941030273437500e+03
1;37000000;1.6418354770732406e+03;1.6418364257812500e+03;1.6418354770732394e+03;1.6418355712890625e+03;1.6418353271484375e+03;1.6418354770732376e+03;1.6418355712890625e+03
2;37000000;1.2130298639425093e+03;1.2130285644531250e+03;1.2130298639425116e+03;1.2130299072265625e+03;1.2130305175781250e+03;1.2130298639425100e+03;1.2130297851562500e+03
3;37000000;-1.0032587368604010e+03;-1.0032591552734375e+03;-1.0032587368603997e+03;-1.0032587890625000e+03;-1.0032582397460938e+03;-1.0032587368604002e+03;-1.0032589111328125e+03
4;37000000;-5.0897065825122786e+02;-5.0897094726562500e+02;-5.0897065825123082e+02;-5.0897076416015625e+02;-5.0897097778320312e+02;-5.0897065825122888e+02;-5.0897033691406250e+02
5;37000000;-8.8165880428108198e+02;-8.8165881347656250e+02;-8.8165880428108346e+02;-8.8165887451171875e+02;-8.8165930175781250e+02;-8.8165880428108233e+02;-8.8165820312500000e+02
6;37000000;-1.5794980573340110e+03;-1.5794993896484375e+03;-1.5794980573340147e+03;-1.5794981689453125e+03;-1.5794986572265625e+03;-1.5794980573340169e+03;-1.5794974365234375e+03
7;37000000;-2.0979052928714859e+03;-2.0979035644531250e+03;-2.0979052928714841e+03;-2.0979052734375000e+03;-2.0979033203125000e+03;-2.0979052928714837e+03;-2.0979052734375000e+03
8;37000000;-4.5615311751644158e+03;-4.5615336914062500e+03;-4.5615311751644131e+03;-4.5615312500000000e+03;-4.5615351562500000e+03;-4.5615311751644194e+03;-4.5615312500000000e+03
9;37000000;-4.7983606208385490e+03;-4.7983613281250000e+03;-4.7983606208385472e+03;-4.7983608398437500e+03;-4.7983608398437500e+03;-4.7983606208385554e+03;-4.7983608398437500e+03
0;39000000;1.0935840232418332e+03;1.0935837402343750e+03;1.0935840232418345e+03;1.0935841064453125e+03;1.0935836181640625e+03;1.0935840232418352e+03;1.0935836181640625e+03
1;39000000;1.7517825378720775e+03;1.7517829589843750e+03;1.7517825378720793e+03;1.7517825927734375e+03;1.7517829589843750e+03;1.7517825378720777e+03;1.7517824707031250e+03
2;39000000;1.8965184375339288e+03;1.8965163574218750e+03;1.8965184375339293e+03;1.8965184326171875e+03;1.8965147705078125e+03;1.8965184375339340e+03;1.8965185546875000e+03
3;39000000;-1.2495650974973660e+02;-1.2495709228515625e+02;-1.2495650974973498e+02;-1.2495656585693359e+02;-1.2495581817626953e+02;-1.2495650974973682e+02;-1.2495690917968750e+02
4;39000000;-7.8153216632776741e+02;-7.8153186035156250e+02;-7.8153216632776548e+02;-7.8153222656250000e+02;-7.8153179931640625e+02;-7.8153216632776389e+02;-7.8153228759765625e+02
5;39000000;-6.1914438990674842e+02;-6.1914349365234375e+02;-6.1914438990674614e+02;-6.1914447021484375e+02;-6.1914331054687500e+02;-6.1914438990674512e+02;-6.1914398193359375e+02
6;39000000;-1.3706691330890178e+03;-1.3706702880859375e+03;-1.3706691330890214e+03;-1.3706691894531250e+03;-1.3706694335937500e+03;-1.3706691330890199e+03;-1.3706685791015625e+03
7;39000000;-2.6275440075059610e+03;-2.6275432128906250e+03;-2.6275440075059623e+03;-2.6275441894531250e+03;-2.6275451660156250e+03;-2.6275440075059596e+03;-2.6275444335937500e+03
8;39000000;-4.0360626226823365e+03;-4.0360661621093750e+03;-4.0360626226823315e+03;-4.0360627441406250e+03;-4.0360639648437500e+03;-4.0360626226823397e+03;-4.0360625000000000e+03
9;39000000;-4.3454896864989878e+03;-4.3454907226562500e+03;-4.3454896864989905e+03;-4.3454897460937500e+03;-4.3454912109375000e+03;-4.3454896864989933e+03;-4.3454902343750000e+03
0;41000000;1.5847095662472498e+03;1.5847078857421875e+03;1.5847095662472498e+03;1.5847095947265625e+03;1.5847073974609375e+03;1.5847095662472530e+03;1.5847092285156250e+03
1;41000000;1.1695957810240750e+03;1.1695954589843750e+03;1.1695957810240764e+03;1.1695958251953125e+03;1.1695955810546875e+03;1.1695957810240748e+03;1.1695960693359375e+03
2;41000000;2.0565294912475201e+03;2.0565270996093750e+03;2.0565294912475201e+03;2.0565295410156250e+03;2.0565290527343750e+03;2.0565294912475151e+03;2.0565297851562500e+03
3;41000000;3.3343027431969216e+02;3.3342852783203125e+02;3.3343027431969148e+02;3.3343020629882812e+02;3.3342932128906250e+02;3.3343027431969097e+02;3.3343078613281250e+02
4;41000000;-4.0764808024496892e+02;-4.0764874267578125e+02;-4.0764808024497040e+02;-4.0764813232421875e+02;-4.0764785766601562e+02;-4.0764808024496921e+02;-4.0764825439453125e+02
5;41000000;-9.2099414526655528e+02;-9.2099304199218750e+02;-9.2099414526655221e+02;-9.2099420166015625e+02;-9.2099450683593750e+02;-9.2099414526655346e+02;-9.2099322509765625e+02
6;41000000;-1.3255503241326296e+03;-1.3255506591796875e+03;-1.3255503241326319e+03;-1.3255504150390625e+03;-1.3255505371093750e+03;-1.3255503241326319e+03;-1.3255502929687500e+03
7;41000000;-2.2093813163841473e+03;-2.2093835449218750e+03;-2.2093813163841473e+03;-2.2093813476562500e+03;-2.2093833007812500e+03;-2.2093813163841464e+03;-2.2093818359375000e+03
8;41000000;-3.8659581260759146e+03;-3.8659602050781250e+03;-3.8659581260759164e+03;-3.8659582519531250e+03;-3.8659594726562500e+03;-3.8659581260759128e+03;-3.8659580078125000e+03
9;41000000;-4.1101842995878469e+03;-4.1101899414062500e+03;-4.1101842995878451e+03;-4.1101845703125000e+03;-4.1101865234375000e+03;-4.1101842995878505e+03;-4.1101845703125000e+03
0;43000000;1.9727499747837835e+03;1.9727478027343750e+03;1.9727499747837824e+03;1.9727500000000000e+03;1.9727484130859375e+03;1.9727499747837824e+03;1.9727495117187500e+03
1;43000000;1.0855212179461705e+03;1.0855208740234375e+03;1.0855212179461696e+03;1.0855212402343750e+03;1.0855214843750000e+03;1.0855212179461701e+03;1.0855212402343750e+03
2;43000000;1.8338031851154403e+03;1.8338023681640625e+03;1.8338031851154387e+03;1.8338032226562500e+03;1.8338020019531250e+03;1.8338031851154365e+03;1.8338032226562500e+03
3;43000000;7.6782256477327894e+02;7.6782348632812500e+02;7.6782256477328076e+02;7.6782250976562500e+02;7.6782366943359375e+02;7.6782256477328042e+02;7.6782269287109375e+02
4;43000000;6.2906945299400786e+02;6.2906994628906250e+02;6.2906945299401161e+02;6.2906939697265625e+02;6.2906829833984375e+02;6.2906945299400820e+02;6.2906982421875000e+02
5;43000000;-1.4957636276841963e+03;-1.4957639160156250e+03;-1.4957636276841949e+03;-1.4957636718750000e+03;-1.4957634277343750e+03;-1.4957636276841959e+03;-1.4957636718750000e+03
6;43000000;-9.7559213254588815e+02;-9.7559350585937500e+02;-9.7559213254588678e+02;-9.7559222412109375e+02;-9.7559399414062500e+02;-9.7559213254588894e+02;-9.7559082031250000e+02
7;43000000;-2.1912727019965564e+03;-2.1912773437500000e+03;-2.1912727019965569e+03;-2.1912727050781250e+03;-2.1912751464843750e+03;-2.1912727019965569e+03;-2.1912727050781250e+03
8;43000000;-4.3960702090939085e+03;-4.3960688476562500e+03;-4.3960702090939076e+03;-4.3960703125000000e+03;-4.3960698242187500e+03;-4.3960702090939076e+03;-4.3960698242187500e+03
9;43000000;-3.9869805752497195e+03;-3.9869826660156250e+03;-3.9869805752497182e+03;-3.9869807128906250e+03;-3.9869826660156250e+03;-3.9869805752497200e+03;-3.9869809570312500e+03
0;45000000;1.9099076427916311e+03;1.9099082031250000e+03;1.9099076427916311e+03;1.9099077148437500e+03;1.9099077148437500e+03;1.9099076427916316e+03;1.9099074707031250e+03
1;45000000;1.3331938962876259e+03;1.3331938476562500e+03;1.3331938962876277e+03;1.3331939697265625e+03;1.3331951904296875e+03;1.3331938962876243e+03;1.3331931152343750e+03
2;45000000;1.1976065165913183e+03;1.1976075439453125e+03;1.1976065165913174e+03;1.1976065673828125e+03;1.1976074218750000e+03;1.1976065165913144e+03;1.1976064453125000e+03
3;45000000;8.3905836968049766e+02;8.3905822753906250e+02;8.3905836968050198e+02;8.3905834960937500e+02;8.3905804443359375e+02;8.3905836968049891e+02;8.3905889892578125e+02
4;45000000;9.2316493459313619e+02;9.2316418457031250e+02;9.2316493459313801e+02;9.2316485595703125e+02;9.2316400146484375e+02;9.2316493459313813e+02;9.2316516113281250e+02
5;45000000;-8.9498704400892029e+02;-8.9498742675781250e+02;-8.9498704400891961e+02;-8.9498706054687500e+02;-8.9498681640625000e+02;-8.9498704400891961e+02;-8.9498706054687500e+02
6;45000000;-1.2359407294974528e+03;-1.2359385986328125e+03;-1.2359407294974499e+03;-1.2359407958984375e+03;-1.2359404296875000e+03;-1.2359407294974503e+03;-1.2359396972656250e+03
7;45000000;-1.8371497849246136e+03;-1.8371516113281250e+03;-1.8371497849246155e+03;-1.8371499023437500e+03;-1.8371534423828125e+03;-1.8371497849246193e+03;-1.8371500244140625e+03
8;45000000;-3.9352716077141140e+03;-3.9352727050781250e+03;-3.9352716077141108e+03;-3.9352717285156250e+03;-3.9352719726562500e+03;-3.9352716077141090e+03;-3.9352709960937500e+03
9;45000000;-3.6731069855220194e+03;-3.6731066894531250e+03;-3.6731069855220139e+03;-3.6731069335937500e+03;-3.6731054687500000e+03;-3.6731069855220135e+03;-3.6731069335937500e+03
0;47000000;2.3045272242363994e+03;2.3045263671875000e+03;2.3045272242363990e+03;2.3045273437500000e+03;2.3045270996093750e+03;2.3045272242364022e+03;2.3045268554687500e+03
1;47000000;1.6974428731079943e+03;1.6974418945312500e+03;1.6974428731079936e+03;1.6974428710937500e+03;1.6974427490234375e+03;1.6974428731079945e+03;1.6974423828125000e+03
2;47000000;1.3372315798639656e+03;1.3372324218750000e+03;1.3372315798639661e+03;1.3372315673828125e+03;1.3372312011718750e+03;1.3372315798639643e+03;1.3372320556640625e+03
3;47000000;6.2699621274016715e+02;6.2699676513671875e+02;6.2699621274016965e+02;6.2699621582031250e+02;6.2699639892578125e+02;6.2699621274016795e+02;6.2699645996093750e+02
4;47000000;1.3344527258107266e+03;1.3344504394531250e+03;1.3344527258107262e+03;1.3344526367187500e+03;1.3344492187500000e+03;1.3344527258107246e+03;1.3344532470703125e+03
5;47000000;1.9478952776773309e+02;1.9478770446777344e+02;1.9478952776772985e+02;1.9478950500488281e+02;1.9478945922851562e+02;1.9478952776772834e+02;1.9479064941406250e+02
6;47000000;-1.9253239589496384e+03;-1.9253239746093750e+03;-1.9253239589496372e+03;-1.9253239746093750e+03;-1.9253236083984375e+03;-1.9253239589496379e+03;-1.9253227539062500e+03
7;47000000;-1.6468505194619620e+03;-1.6468509521484375e+03;-1.6468505194619609e+03;-1.6468505859375000e+03;-1.6468516845703125e+03;-1.6468505194619638e+03;-1.6468503417968750e+03
8;47000000;-3.9824236073891498e+03;-3.9824230957031250e+03;-3.9824236073891534e+03;-3.9824235839843750e+03;-3.9824235839843750e+03;-3.9824236073891479e+03;-3.9824238281250000e+03
9;47000000;-4.3386130268996776e+03;-4.3386176757812500e+03;-4.3386130268996831e+03;-4.3386132812500000e+03;-4.3386176757812500e+03;-4.3386130268996776e+03;-4.3386137695312500e+03
0;49000000;2.7552792918932782e+03;2.7552790527343750e+03;2.7552792918932773e+03;2.7552792968750000e+03;2.7552783203125000e+03;2.7552792918932764e+03;2.7552797851562500e+03
1;49000000;1.7808024223362056e+03;1.7808002929687500e+03;1.7808024223362072e+03;1.7808024902343750e+03;1.7807993164062500e+03;1.7808024223362072e+03;1.7808016357421875e+03
2;49000000;1.5536675180931820e+03;1.5536628417968750e+03;1.5536675180931820e+03;1.5536676025390625e+03;1.5536635742187500e+03;1.5536675180931802e+03;1.5536674804687500e+03
3;49000000;-7.6189255372392594e+01;-7.6188636779785156e+01;-7.6189255372393006e+01;-7.6189285278320312e+01;-7.6189605712890625e+01;-7.6189255372392154e+01;-7.6188842773437500e+01
4;49000000;1.2194239221965749e+03;1.2194244384765625e+03;1.2194239221965754e+03;1.2194238281250000e+03;1.2194238281250000e+03;1.2194239221965747e+03;1.2194241943359375e+03
5;49000000;5.5164982050340780e+02;5.5164575195312500e+02;5.5164982050340757e+02;5.5164978027343750e+02;5.5164855957031250e+02;5.5164982050340654e+02;5.5165063476562500e+02
6;49000000;-9.3079454236687434e+02;-9.3079589843750000e+02;-9.3079454236687241e+02;-9.3079455566406250e+02;-9.3079699707031250e+02;-9.3079454236687650e+02;-9.3079406738281250e+02
7;49000000;-1.7450184760139446e+03;-1.7450198974609375e+03;-1.7450184760139468e+03;-1.7450185546875000e+03;-1.7450194091796875e+03;-1.7450184760139482e+03;-1.7450181884765625e+03
8;49000000;-3.8756941405189928e+03;-3.8756899414062500e+03;-3.8756941405189909e+03;-3.8756940917968750e+03;-3.8756923828125000e+03;-3.8756941405189991e+03;-3.8756938476562500e+03
9;49000000;-4.1011616237164217e+03;-4.1011669921875000e+03;-4.1011616237164262e+03;-4.1011616210937500e+03;-4.1011665039062500e+03;-4.1011616237164199e+03;-4.1011621093750000e+03
0;51000000;2.2820843692562030e+03;2.2820849609375000e+03;2.2820843692562007e+03;2.2820844726562500e+03;2.2820861816406250e+03;2.2820843692562039e+03;2.2820842285156250e+03
1;51000000;2.1706170834505715e+03;2.1706149902343750e+03;2.1706170834505760e+03;2.1706171875000000e+03;2.1706176757812500e+03;2.1706170834505756e+03;2.1706166992187500e+03
2;51000000;1.5126205155944385e+03;1.5126188964843750e+03;1.5126205155944351e+03;1.5126204833984375e+03;1.5126157226562500e+03;1.5126205155944376e+03;1.5126209716796875e+03
3;51000000;4.2526261516614812e+02;4.2526123046875000e+02;4.2526261516614517e+02;4.2526260375976562e+02;4.2526144409179688e+02;4.2526261516614727e+02;4.2526281738281250e+02
4;51000000;8.2276014523828906e+02;8.2276049804687500e+02;8.2276014523829031e+02;8.2276013183593750e+02;8.2276184082031250e+02;8.2276014523828826e+02;8.2276037597656250e+02
5;51000000;4.7651954118402716e+02;4.7651638793945312e+02;4.7651954118402796e+02;4.7651953125000000e+02;4.7651672363281250e+02;4.7651954118402881e+02;4.7652026367187500e+02
6;51000000;-2.0763461318052072e+02;-2.0763505554199219e+02;-2.0763461318051972e+02;-2.0763464355468750e+02;-2.0763424682617188e+02;-2.0763461318052032e+02;-2.0763391113281250e+02
7;51000000;-2.3094836493742746e+03;-2.3094833984375000e+03;-2.3094836493742700e+03;-2.3094836425781250e+03;-2.3094836425781250e+03;-2.3094836493742737e+03;-2.3094836425781250e+03
8;51000000;-3.5426994788563484e+03;-3.5426989746093750e+03;-3.5426994788563475e+03;-3.5426994628906250e+03;-3.5426967773437500e+03;-3.5426994788563579e+03;-3.5426994628906250e+03
9;51000000;-3.7821776327567309e+03;-3.7821782226562500e+03;-3.7821776327567418e+03;-3.7821777343750000e+03;-3.7821796875000000e+03;-3.7821776327567336e+03;-3.7821779785156250e+03
0;53000000;1.1503555707266069e+03;1.1503547363281250e+03;1.1503555707266089e+03;1.1503557128906250e+03;1.1503559570312500e+03;1.1503555707266073e+03;1.1503548583984375e+03
1;53000000;2.3240157748789297e+03;2.3240151367187500e+03;2.3240157748789325e+03;2.3240158691406250e+03;2.3240144042968750e+03;2.3240157748789329e+03;2.3240158691406250e+03
2;53000000;2.1708507224025561e+03;2.1708503417968750e+03;2.1708507224025566e+03;2.1708508300781250e+03;2.1708496093750000e+03;2.1708507224025543e+03;2.1708505859375000e+03
3;53000000;3.3151124322249137e+02;3.3151147460937500e+02;3.3151124322249206e+02;3.3151119995117188e+02;3.3151144409179688e+02;3.3151124322249126e+02;3.3151116943359375e+02
4;53000000;2.4337706370003150e+02;2.4337605285644531e+02;2.4337706370003042e+02;2.4337702941894531e+02;2.4337553405761719e+02;2.4337706370003207e+02;2.4337756347656250e+02
5;53000000;5.1648462456690800e+02;5.1648413085937500e+02;5.1648462456691220e+02;5.1648461914062500e+02;5.1648443603515625e+02;5.1648462456691277e+02;5.1648486328125000e+02
6;53000000;4.2149140173567173e+02;4.2149072265625000e+02;4.2149140173567355e+02;4.2149139404296875e+02;4.2149011230468750e+02;4.2149140173567343e+02;4.2149243164062500e+02
7;53000000;-1.5929839673636659e+03;-1.5929814453125000e+03;-1.5929839673636702e+03;-1.5929840087890625e+03;-1.5929829101562500e+03;-1.5929839673636686e+03;-1.5929838867187500e+03
8;53000000;-3.7332468489976354e+03;-3.7332460937500000e+03;-3.7332468489976354e+03;-3.7332468261718750e+03;-3.7332468261718750e+03;-3.7332468489976372e+03;-3.7332470703125000e+03
9;53000000;-3.6755772522587031e+03;-3.6755781250000000e+03;-3.6755772522587004e+03;-3.6755773925781250e+03;-3.6755788574218750e+03;-3.6755772522587058e+03;-3.6755771484375000e+03
0;55000000;1.6490378787823389e+02;1.6490220642089844e+02;1.6490378787823363e+02;1.6490386962890625e+02;1.6490298461914062e+02;1.6490378787823448e+02;1.6490353393554688e+02
1;55000000;2.2836807140294000e+03;2.2836801757812500e+03;2.2836807140293945e+03;2.2836809082031250e+03;2.2836791992187500e+03;2.2836807140293968e+03;2.2836804199218750e+03
2;55000000;2.2241913761822639e+03;2.2241914062500000e+03;2.2241913761822643e+03;2.2241914062500000e+03;2.2241914062500000e+03;2.2241913761822680e+03;2.2241916503906250e+03
3;55000000;3.1208691146616758e+02;3.1208526611328125e+02;3.1208691146616860e+02;3.1208688354492188e+02;3.1208645629882812e+02;3.1208691146616843e+02;3.1208642578125000e+02
4;55000000;9.3733075178261993e+02;9.3733001708984375e+02;9.3733075178262277e+02;9.3733074951171875e+02;9.3733117675781250e+02;9.3733075178262015e+02;9.3733105468750000e+02
5;55000000;2.6425402620482021e+02;2.6425317382812500e+02;2.6425402620482043e+02;2.6425402832031250e+02;2.6425555419921875e+02;2.6425402620482089e+02;2.6425488281250000e+02
6;55000000;3.9161049965075983e+02;3.9160916137695312e+02;3.9161049965075802e+02;3.9161050415039062e+02;3.9160995483398438e+02;3.9161049965075517e+02;3.9161059570312500e+02
7;55000000;-7.8968489174293040e+02;-7.8968707275390625e+02;-7.8968489174292927e+02;-7.8968493652343750e+02;-7.8968743896484375e+02;-7.8968489174292881e+02;-7.8968530273437500e+02
8;55000000;-4.1962741831936164e+03;-4.1962724609375000e+03;-4.1962741831936137e+03;-4.1962744140625000e+03;-4.1962709960937500e+03;-4.1962741831936128e+03;-4.1962734375000000e+03
9;55000000;-3.5789399413942174e+03;-3.5789416503906250e+03;-3.5789399413942174e+03;-3.5789399414062500e+03;-3.5789428710937500e+03;-3.5789399413942224e+03;-3.5789401855468750e+03
0;57000000;8.8298557893263103e+02;8.8298455810546875e+02;8.8298557893262785e+02;8.8298565673828125e+02;8.8298535156250000e+02;8.8298557893262773e+02;8.8298553466796875e+02
1;57000000;8.0142994516536010e+02;8.0142980957031250e+02;8.0142994516536203e+02;8.0143005371093750e+02;8.0142962646484375e+02;8.0142994516536032e+02;8.0142956542968750e+02
2;57000000;2.4973559993592357e+03;2.4973566894531250e+03;2.4973559993592366e+03;2.4973559570312500e+03;2.4973552246093750e+03;2.4973559993592362e+03;2.4973566894531250e+03
3;57000000;1.0574823336488259e+03;1.0574804687500000e+03;1.0574823336488284e+03;1.0574822998046875e+03;1.0574821777343750e+03;1.0574823336488275e+03;1.0574826660156250e+03
4;57000000;7.6090388299961239e+02;7.6090411376953125e+02;7.6090388299961239e+02;7.6090386962890625e+02;7.6090417480468750e+02;7.6090388299961353e+02;7.6090466308593750e+02
5;57000000;-6.8787108291752162e+01;-6.8787086486816406e+01;-6.8787108291757519e+01;-6.8787109375000000e+01;-6.8785568237304688e+01;-6.8787108291752702e+01;-6.8786376953125000e+01
6;57000000;3.6048659875285438e+02;3.6048715209960938e+02;3.6048659875285568e+02;3.6048660278320312e+02;3.6048593139648438e+02;3.6048659875285216e+02;3.6048712158203125e+02
7;57000000;-4.1194225443795875e+02;-4.1194281005859375e+02;-4.1194225443795631e+02;-4.1194226074218750e+02;-4.1194271850585938e+02;-4.1194225443795494e+02;-4.1194210815429688e+02
8;57000000;-3.6097774783984878e+03;-3.6097780761718750e+03;-3.6097774783984896e+03;-3.6097775878906250e+03;-3.6097768554687500e+03;-3.6097774783984964e+03;-3.6097775878906250e+03
9;57000000;-3.7092439611726127e+03;-3.7092426757812500e+03;-3.7092439611726090e+03;-3.7092438964843750e+03;-3.7092421875000000e+03;-3.7092439611726077e+03;-3.7092441406250000e+03
0;59000000;3.0903211383471779e+02;3.0903259277343750e+02;3.0903211383471847e+02;3.0903219604492188e+02;3.0903244018554688e+02;3.0903211383471626e+02;3.0903210449218750e+02
1;59000000;2.3483175799284200e+02;2.3483174133300781e+02;2.3483175799284282e+02;2.3483183288574219e+02;2.3483251953125000e+02;2.3483175799284038e+02;2.3483145141601562e+02
2;59000000;2.0510933746315091e+03;2.0510949707031250e+03;2.0510933746315122e+03;2.0510935058593750e+03;2.0510939941406250e+03;2.0510933746315113e+03;2.0510942382812500e+03
3;59000000;1.2880734119148415e+03;1.2880732421875000e+03;1.2880734119148365e+03;1.2880733642578125e+03;1.2880721435546875e+03;1.2880734119148378e+03;1.2880737304687500e+03
4;59000000;7.6981668147660798e+02;7.6981628417968750e+02;7.6981668147660571e+02;7.6981665039062500e+02;7.6981494140625000e+02;7.6981668147660776e+02;7.6981719970703125e+02
5;59000000;3.1711838348230015e+02;3.1711825561523438e+02;3.1711838348230185e+02;3.1711837768554688e+02;3.1712048339843750e+02;3.1711838348230128e+02;3.1711926269531250e+02
6;59000000;-4.5433023371965334e+01;-4.5435657501220703e+01;-4.5433023371964836e+01;-4.5433025360107422e+01;-4.5434761047363281e+01;-4.5433023371963600e+01;-4.5432373046875000e+01
7;59000000;-2.1233598916015677e+02;-2.1233702087402344e+02;-2.1233598916015887e+02;-2.1233598327636719e+02;-2.1233656311035156e+02;-2.1233598916015967e+02;-2.1233590698242188e+02
8;59000000;-2.3549592340636941e+03;-2.3549587402343750e+03;-2.3549592340636905e+03;-2.3549592285156250e+03;-2.3549597167968750e+03;-2.3549592340636900e+03;-2.3549592285156250e+03
9;59000000;-4.0187416881742638e+03;-4.0187395019531250e+03;-4.0187416881742652e+03;-4.0187416992187500e+03;-4.0187434082031250e+03;-4.0187416881742624e+03;-4.0187414550781250e+03
0;61000000;-1.8138739227812155e+02;-1.8138865661621094e+02;-1.8138739227812178e+02;-1.8138729858398438e+02;-1.8138735961914062e+02;-1.8138739227812039e+02;-1.8138781738281250e+02
1;61000000;7.6831344081363227e+02;7.6831420898437500e+02;7.6831344081362977e+02;7.6831353759765625e+02;7.6831396484375000e+02;7.6831344081362829e+02;7.6831323242187500e+02
2;61000000;7.4725284367100915e+02;7.4725158691406250e+02;7.4725284367101051e+02;7.4725292968750000e+02;7.4725274658203125e+02;7.4725284367101040e+02;7.4725244140625000e+02
3;61000000;1.5463565496554529e+03;1.5463544921875000e+03;1.5463565496554515e+03;1.5463565673828125e+03;1.5463543701171875e+03;1.5463565496554511e+03;1.5463569335937500e+03
4;61000000;1.6608117349614754e+03;1.6608103027343750e+03;1.6608117349614793e+03;1.6608117675781250e+03;1.6608099365234375e+03;1.6608117349614772e+03;1.6608128662109375e+03
5;61000000;2.7930612181689889e+02;2.7930709838867188e+02;2.7930612181689986e+02;2.7930612182617188e+02;2.7930743408203125e+02;2.7930612181690265e+02;2.7930725097656250e+02
6;61000000;-6.0224163962435648e+02;-6.0224200439453125e+02;-6.0224163962435512e+02;-6.0224163818359375e+02;-6.0224371337890625e+02;-6.0224163962435568e+02;-6.0224011230468750e+02
7;61000000;-4.8584261132965941e+02;-4.8584231567382812e+02;-4.8584261132966367e+02;-4.8584262084960938e+02;-4.8584210205078125e+02;-4.8584261132966367e+02;-4.8584283447265625e+02
8;61000000;-2.2375836633929284e+03;-2.2375864257812500e+03;-2.2375836633929271e+03;-2.2375837402343750e+03;-2.2375844726562500e+03;-2.2375836633929257e+03;-2.2375830078125000e+03
9;61000000;-3.0807728848275565e+03;-3.0807714843750000e+03;-3.0807728848275506e+03;-3.0807729492187500e+03;-3.0807709960937500e+03;-3.0807728848275565e+03;-3.0807729492187500e+03
0;63000000;-9.0380189609643890e+02;-9.0380267333984375e+02;-9.0380189609643401e+02;-9.0380181884765625e+02;-9.0380389404296875e+02;-9.0380189609643480e+02;-9.0380126953125000e+02
1;63000000;1.0936867252310368e+02;1.0936875915527344e+02;1.0936867252310336e+02;1.0936874389648438e+02;1.0936869812011719e+02;1.0936867252310128e+02;1.0936795043945312e+02
2;63000000;2.9204803559037236e+02;2.9204821777343750e+02;2.9204803559037327e+02;2.9204809570312500e+02;2.9204855346679688e+02;2.9204803559037032e+02;2.9204833984375000e+02
3;63000000;7.4925639928317935e+02;7.4925463867187500e+02;7.4925639928317617e+02;7.4925640869140625e+02;7.4925610351562500e+02;7.4925639928317787e+02;7.4925720214843750e+02
4;63000000;1.6731995172820577e+03;1.6731993408203125e+03;1.6731995172820559e+03;1.6731994628906250e+03;1.6731982421875000e+03;1.6731995172820580e+03;1.6732001953125000e+03
5;63000000;6.8594859310656648e+02;6.8594915771484375e+02;6.8594859310656420e+02;6.8594860839843750e+02;6.8595080566406250e+02;6.8594859310656784e+02;6.8594934082031250e+02
6;63000000;-3.3051230259174602e+01;-3.3050487518310547e+01;-3.3051230259174773e+01;-3.3051227569580078e+01;-3.3049999237060547e+01;-3.3051230259176236e+01;-3.3050476074218750e+01
7;63000000;-7.0652634395221105e+02;-7.0652825927734375e+02;-7.0652634395221173e+02;-7.0652630615234375e+02;-7.0652880859375000e+02;-7.0652634395221378e+02;-7.0652612304687500e+02
8;63000000;-2.0919975538859885e+03;-2.0919987792968750e+03;-2.0919975538859931e+03;-2.0919975585937500e+03;-2.0919987792968750e+03;-2.0919975538859931e+03;-2.0919980468750000e+03
9;63000000;-2.4553534249487716e+03;-2.4553479003906250e+03;-2.4553534249487698e+03;-2.4553535156250000e+03;-2.4553481445312500e+03;-2.4553534249487730e+03;-2.4553535156250000e+03
0;65000000;-1.7357291532248178e+03;-1.7357280273437500e+03;-1.7357291532248132e+03;-1.7357291259765625e+03;-1.7357271728515625e+03;-1.7357291532248121e+03;-1.7357285156250000e+03
1;65000000;-3.5704961922913299e+02;-3.5705065917968750e+02;-3.5704961922913458e+02;-3.5704953002929688e+02;-3.5705075073242188e+02;-3.5704961922913571e+02;-3.5704974365234375e+02
2;65000000;1.0064543867735056e+03;1.0064530639648438e+03;1.0064543867735033e+03;1.0064544677734375e+03;1.0064552001953125e+03;1.0064543867735038e+03;1.0064549560546875e+03
3;65000000;-4.6180187744553149e+02;-4.6180233764648438e+02;-4.6180187744553052e+02;-4.6180187988281250e+02;-4.6180191040039062e+02;-4.6180187744553132e+02;-4.6180215454101562e+02
4;65000000;1.9860290486899894e+03;1.9860328369140625e+03;1.9860290486899864e+03;1.9860290527343750e+03;1.9860325927734375e+03;1.9860290486899903e+03;1.9860301513671875e+03
5;65000000;9.7052108582124549e+02;9.7052264404296875e+02;9.7052108582124322e+02;9.7052111816406250e+02;9.7052398681640625e+02;9.7052108582125072e+02;9.7052197265625000e+02
6;65000000;1.3885939347371220e+02;1.3885903930664062e+02;1.3885939347371226e+02;1.3885939025878906e+02;1.3885903930664062e+02;1.3885939347371368e+02;1.3886059570312500e+02
7;65000000;-1.3404380311212790e+03;-1.3404377441406250e+03;-1.3404380311212785e+03;-1.3404379882812500e+03;-1.3404371337890625e+03;-1.3404380311212790e+03;-1.3404381103515625e+03
8;65000000;-2.0582810532970771e+03;-2.0582797851562500e+03;-2.0582810532970734e+03;-2.0582810058593750e+03;-2.0582792968750000e+03;-2.0582810532970757e+03;-2.0582812500000000e+03
9;65000000;-2.1971354635207840e+03;-2.1971367187500000e+03;-2.1971354635207804e+03;-2.1971354980468750e+03;-2.1971335449218750e+03;-2.1971354635207840e+03;-2.1971347656250000e+03
0;67000000;-2.0499477601512021e+03;-2.0499487304687500e+03;-2.0499477601512031e+03;-2.0499477539062500e+03;-2.0499482421875000e+03;-2.0499477601512021e+03;-2.0499482421875000e+03
1;67000000;-1.2683852893756070e+03;-1.2683869628906250e+03;-1.2683852893756095e+03;-1.2683852539062500e+03;-1.2683878173828125e+03;-1.2683852893756136e+03;-1.2683854980468750e+03
2;67000000;-1.7569018415981702e+02;-1.7569064331054688e+02;-1.7569018415981736e+02;-1.7569013977050781e+02;-1.7568919372558594e+02;-1.7569018415981691e+02;-1.7568933105468750e+02
3;67000000;-5.1963836284090803e+02;-5.1963873291015625e+02;-5.1963836284090837e+02;-5.1963836669921875e+02;-5.1963769531250000e+02;-5.1963836284090803e+02;-5.1963818359375000e+02
4;67000000;1.1461326143330543e+03;1.1461339111328125e+03;1.1461326143330507e+03;1.1461325683593750e+03;1.1461345214843750e+03;1.1461326143330573e+03;1.1461333007812500e+03
5;67000000;1.2102902303948413e+03;1.2102874755859375e+03;1.2102902303948410e+03;1.2102902832031250e+03;1.2102897949218750e+03;1.2102902303948463e+03;1.2102907714843750e+03
6;67000000;3.2037694787163429e+02;3.2037500000000000e+02;3.2037694787163605e+02;3.2037695312500000e+02;3.2037731933593750e+02;3.2037694787163309e+02;3.2037768554687500e+02
7;67000000;-5.4303308065446834e+02;-5.4303411865234375e+02;-5.4303308065446481e+02;-5.4303308105468750e+02;-5.4303295898437500e+02;-5.4303308065446390e+02;-5.4303295898437500e+02
8;67000000;-2.7549892922132467e+03;-2.7549890136718750e+03;-2.7549892922132503e+03;-2.7549892578125000e+03;-2.7549885253906250e+03;-2.7549892922132490e+03;-2.7549895019531250e+03
9;67000000;-2.0656931334346395e+03;-2.0656945800781250e+03;-2.0656931334346432e+03;-2.0656931152343750e+03;-2.0656953125000000e+03;-2.0656931334346409e+03;-2.0656926269531250e+03
0;69000000;-1.6433519447450517e+03;-1.6433520507812500e+03;-1.6433519447450574e+03;-1.6433519287109375e+03;-1.6433525390625000e+03;-1.6433519447450512e+03;-1.6433522949218750e+03
1;69000000;-1.8959932649498953e+03;-1.8959925537109375e+03;-1.8959932649498965e+03;-1.8959931640625000e+03;-1.8959924316406250e+03;-1.8959932649498953e+03;-1.8959934082031250e+03
2;69000000;-4.7359327755667323e+02;-4.7359268188476562e+02;-4.7359327755667323e+02;-4.7359323120117188e+02;-4.7359274291992188e+02;-4.7359327755667664e+02;-4.7359375000000000e+02
3;69000000;-1.3097166033919942e+02;-1.3097132873535156e+02;-1.3097166033919797e+02;-1.3097166442871094e+02;-1.3097203063964844e+02;-1.3097166033919848e+02;-1.3097195434570312e+02
4;69000000;4.0811038945335824e+01;4.0811637878417969e+01;4.0811038945336279e+01;4.0811019897460938e+01;4.0811378479003906e+01;4.0811038945335667e+01;4.0812133789062500e+01
5;69000000;1.3332081125063016e+03;1.3332099609375000e+03;1.3332081125063066e+03;1.3332081298828125e+03;1.3332089843750000e+03;1.3332081125063078e+03;1.3332082519531250e+03
6;69000000;7.0041352364012266e+02;7.0041522216796875e+02;7.0041352364012903e+02;7.0041351318359375e+02;7.0041394042968750e+02;7.0041352364013073e+02;7.0041418457031250e+02
7;69000000;-4.0952991818398488e+02;-4.0953045654296875e+02;-4.0952991818398527e+02;-4.0952990722656250e+02;-4.0952874755859375e+02;-4.0952991818398374e+02;-4.0953088378906250e+02
8;69000000;-2.9832923058935107e+03;-2.9832929687500000e+03;-2.9832923058935107e+03;-2.9832922363281250e+03;-2.9832939453125000e+03;-2.9832923058935112e+03;-2.9832924804687500e+03
9;69000000;-2.0224909111089296e+03;-2.0224896240234375e+03;-2.0224909111089312e+03;-2.0224908447265625e+03;-2.0224907226562500e+03;-2.0224909111089385e+03;-2.0224910888671875e+03
0;71000000;-1.2803163860991538e+03;-1.2803155517578125e+03;-1.2803163860991565e+03;-1.2803164062500000e+03;-1.2803182373046875e+03;-1.2803163860991531e+03;-1.2803166503906250e+03
1;71000000;-2.2333958442965895e+03;-2.2333945312500000e+03;-2.2333958442965900e+03;-2.2333957519531250e+03;-2.2333959960937500e+03;-2.2333958442965818e+03;-2.2333959960937500e+03
2;71000000;-1.3940203286625670e+03;-1.3940197753906250e+03;-1.3940203286625715e+03;-1.3940202636718750e+03;-1.3940227050781250e+03;-1.3940203286625740e+03;-1.3940200195312500e+03
3;71000000;-1.0599300377134864e+03;-1.0599301757812500e+03;-1.0599300377134878e+03;-1.0599300537109375e+03;-1.0599295654296875e+03;-1.0599300377134869e+03;-1.0599302978515625e+03
4;71000000;1.0120966885599785e+01;1.0121818542480469e+01;1.0120966885600239e+01;1.0120964050292969e+01;1.0121118545532227e+01;1.0120966885598705e+01;1.0121459960937500e+01
5;71000000;3.4217493874083169e+02;3.4217568969726562e+02;3.4217493874083181e+02;3.4217495727539062e+02;3.4217437744140625e+02;3.4217493874083027e+02;3.4217620849609375e+02
6;71000000;8.2639953767485031e+02;8.2639837646484375e+02;8.2639953767484451e+02;8.2639953613281250e+02;8.2639892578125000e+02;8.2639953767485008e+02;8.2639953613281250e+02
7;71000000;-3.3887117226464420e+02;-3.3887176513671875e+02;-3.3887117226464557e+02;-3.3887115478515625e+02;-3.3887356567382812e+02;-3.3887117226464682e+02;-3.3887176513671875e+02
8;71000000;-2.4484550821978573e+03;-2.4484538574218750e+03;-2.4484550821978564e+03;-2.4484550781250000e+03;-2.4484538574218750e+03;-2.4484550821978596e+03;-2.4484555664062500e+03
9;71000000;-2.6666895195910929e+03;-2.6666875000000000e+03;-2.6666895195910911e+03;-2.6666894531250000e+03;-2.6666877441406250e+03;-2.6666895195910884e+03;-2.6666899414062500e+03
0;73000000;-9.0186217519454499e+02;-9.0186218261718750e+02;-9.0186217519454806e+02;-9.0186218261718750e+02;-9.0186077880859375e+02;-9.0186217519454374e+02;-9.0186181640625000e+02
1;73000000;-1.6395560054295549e+03;-1.6395561523437500e+03;-1.6395560054295520e+03;-1.6395560302734375e+03;-1.6395568847656250e+03;-1.6395560054295524e+03;-1.6395563964843750e+03
2;73000000;-1.8950535011605136e+03;-1.8950520019531250e+03;-1.8950535011605195e+03;-1.8950534667968750e+03;-1.8950527343750000e+03;-1.8950535011605107e+03;-1.8950528564453125e+03
3;73000000;-1.4956599625465130e+03;-1.4956579589843750e+03;-1.4956599625465099e+03;-1.4956600341796875e+03;-1.4956586914062500e+03;-1.4956599625465074e+03;-1.4956596679687500e+03
4;73000000;7.4311186464470296e+01;7.4312347412109375e+01;7.4311186464469472e+01;7.4311172485351562e+01;7.4312576293945312e+01;7.4311186464467994e+01;7.4311645507812500e+01
5;73000000;-6.0255906355785248e+02;-6.0255926513671875e+02;-6.0255906355785135e+02;-6.0255908203125000e+02;-6.0256072998046875e+02;-6.0255906355785214e+02;-6.0255853271484375e+02
6;73000000;7.7510645309717802e+02;7.7510632324218750e+02;7.7510645309717984e+02;7.7510650634765625e+02;7.7510644531250000e+02;7.7510645309718052e+02;7.7510705566406250e+02
7;73000000;6.6955974840751168e+01;6.6954292297363281e+01;6.6955974840751850e+01;6.6956001281738281e+01;6.6956726074218750e+01;6.6955974840756312e+01;6.6955505371093750e+01
8;73000000;-2.1368764689751138e+03;-2.1368747558593750e+03;-2.1368764689751165e+03;-2.1368764648437500e+03;-2.1368732910156250e+03;-2.1368764689751160e+03;-2.1368771972656250e+03
9;73000000;-2.7510009223995653e+03;-2.7509985351562500e+03;-2.7510009223995617e+03;-2.7510009765625000e+03;-2.7509990234375000e+03;-2.7510009223995603e+03;-2.7510009765625000e+03
0;75000000;-1.2218627850192556e+03;-1.2218641357421875e+03;-1.2218627850192556e+03;-1.2218627929687500e+03;-1.2218598632812500e+03;-1.2218627850192529e+03;-1.2218635253906250e+03
1;75000000;-1.5194129612091206e+03;-1.5194146728515625e+03;-1.5194129612091194e+03;-1.5194129638671875e+03;-1.5194149169921875e+03;-1.5194129612091217e+03;-1.5194135742187500e+03
2;75000000;-1.9767014304605909e+03;-1.9766998291015625e+03;-1.9767014304605873e+03;-1.9767014160156250e+03;-1.9766999511718750e+03;-1.9767014304605891e+03;-1.9767014160156250e+03
3;75000000;-2.5280449339137681e+03;-2.5280476074218750e+03;-2.5280449339137631e+03;-2.5280449218750000e+03;-2.5280466308593750e+03;-2.5280449339137654e+03;-2.5280439453125000e+03
4;75000000;-4.5868316723267077e+02;-4.5868319702148438e+02;-4.5868316723266844e+02;-4.5868319702148438e+02;-4.5868389892578125e+02;-4.5868316723267083e+02;-4.5868286132812500e+02
5;75000000;-5.6414440710654503e+02;-5.6414569091796875e+02;-5.6414440710654662e+02;-5.6414434814453125e+02;-5.6414288330078125e+02;-5.6414440710654446e+02;-5.6414355468750000e+02
6;75000000;-2.8357227241468513e+02;-2.8357159423828125e+02;-2.8357227241468365e+02;-2.8357223510742188e+02;-2.8357238769531250e+02;-2.8357227241468286e+02;-2.8357165527343750e+02
7;75000000;3.9272940771768168e+02;3.9272744750976562e+02;3.9272940771768117e+02;3.9272943115234375e+02;3.9272912597656250e+02;3.9272940771767639e+02;3.9272882080078125e+02
8;75000000;-2.1869733774974452e+03;-2.1869741210937500e+03;-2.1869733774974507e+03;-2.1869733886718750e+03;-2.1869719238281250e+03;-2.1869733774974502e+03;-2.1869736328125000e+03
9;75000000;-2.3449472561183466e+03;-2.3449477539062500e+03;-2.3449472561183461e+03;-2.3449472656250000e+03;-2.3449462890625000e+03;-2.3449472561183493e+03;-2.3449477539062500e+03
0;77000000;-1.2044567465760865e+03;-1.2044553222656250e+03;-1.2044567465760838e+03;-1.2044566650390625e+03;-1.2044565429687500e+03;-1.2044567465760824e+03;-1.2044570312500000e+03
1;77000000;-1.3520745360057006e+03;-1.3520737304687500e+03;-1.3520745360057051e+03;-1.3520745849609375e+03;-1.3520751953125000e+03;-1.3520745360057053e+03;-1.3520754394531250e+03
2;77000000;-1.3692034709921199e+03;-1.3692028808593750e+03;-1.3692034709921172e+03;-1.3692034912109375e+03;-1.3692032470703125e+03;-1.3692034709921229e+03;-1.3692036132812500e+03
3;77000000;-2.8321754115873214e+03;-2.8321784667968750e+03;-2.8321754115873259e+03;-2.8321755371093750e+03;-2.8321774902343750e+03;-2.8321754115873223e+03;-2.8321743164062500e+03
4;77000000;-1.3850428742229865e+03;-1.3850423583984375e+03;-1.3850428742229867e+03;-1.3850428466796875e+03;-1.3850443115234375e+03;-1.3850428742229888e+03;-1.3850424804687500e+03
5;77000000;-5.8086254155496249e+02;-5.8086132812500000e+02;-5.8086254155496204e+02;-5.8086248779296875e+02;-5.8086132812500000e+02;-5.8086254155496476e+02;-5.8086199951171875e+02
6;77000000;-1.0627962562573293e+03;-1.0627968750000000e+03;-1.0627962562573291e+03;-1.0627962646484375e+03;-1.0627961425781250e+03;-1.0627962562573314e+03;-1.0627958984375000e+03
7;77000000;3.8171336193908286e+02;3.8171130371093750e+02;3.8171336193908360e+02;3.8171340942382812e+02;3.8170709228515625e+02;3.8171336193907564e+02;3.8171319580078125e+02
8;77000000;-1.9001819382017916e+03;-1.9001817626953125e+03;-1.9001819382017911e+03;-1.9001818847656250e+03;-1.9001842041015625e+03;-1.9001819382017902e+03;-1.9001818847656250e+03
9;77000000;-2.2684812926234363e+03;-2.2684819335937500e+03;-2.2684812926234376e+03;-2.2684812011718750e+03;-2.2684814453125000e+03;-2.2684812926234417e+03;-2.2684814453125000e+03
0;79000000;-9.3391199253207446e+02;-9.3391339111328125e+02;-9.3391199253207492e+02;-9.3391198730468750e+02;-9.3391461181640625e+02;-9.3391199253207765e+02;-9.3391278076171875e+02
1;79000000;-1.4333299672063977e+03;-1.4333265380859375e+03;-1.4333299672063972e+03;-1.4333299560546875e+03;-1.4333293457031250e+03;-1.4333299672064004e+03;-1.4333303222656250e+03
2;79000000;-1.3585015151759212e+03;-1.3585002441406250e+03;-1.3585015151759269e+03;-1.3585015869140625e+03;-1.3585003662109375e+03;-1.3585015151759235e+03;-1.3585009765625000e+03
3;79000000;-3.2943093532683279e+03;-3.2943088378906250e+03;-3.2943093532683311e+03;-3.2943093261718750e+03;-3.2943085937500000e+03;-3.2943093532683351e+03;-3.2943090820312500e+03
4;79000000;-1.9025951682648831e+03;-1.9025924072265625e+03;-1.9025951682648804e+03;-1.9025952148437500e+03;-1.9025939941406250e+03;-1.9025951682648856e+03;-1.9025944824218750e+03
5;79000000;-1.2308703662305982e+03;-1.2308692626953125e+03;-1.2308703662305954e+03;-1.2308703613281250e+03;-1.2308717041015625e+03;-1.2308703662306002e+03;-1.2308696289062500e+03
6;79000000;-8.0342598926093058e+02;-8.0342510986328125e+02;-8.0342598926092978e+02;-8.0342596435546875e+02;-8.0342590332031250e+02;-8.0342598926093410e+02;-8.0342620849609375e+02
7;79000000;-9.9904711919255635e+02;-9.9904754638671875e+02;-9.9904711919256033e+02;-9.9904705810546875e+02;-9.9904730224609375e+02;-9.9904711919255976e+02;-9.9904711914062500e+02
8;79000000;-1.3365983348755767e+03;-1.3365957031250000e+03;-1.3365983348755763e+03;-1.3365982666015625e+03;-1.3365996093750000e+03;-1.3365983348755722e+03;-1.3365993652343750e+03
9;79000000;-1.9725309957422669e+03;-1.9725323486328125e+03;-1.9725309957422626e+03;-1.9725310058593750e+03;-1.9725334472656250e+03;-1.9725309957422724e+03;-1.9725310058593750e+03
0;81000000;-1.7475392373840934e+03;-1.7475391845703125e+03;-1.7475392373840953e+03;-1.7475391845703125e+03;-1.7475388183593750e+03;-1.7475392373840991e+03;-1.7475393066406250e+03
1;81000000;-1.3805430219933176e+03;-1.3805424804687500e+03;-1.3805430219933230e+03;-1.3805429687500000e+03;-1.3805399169921875e+03;-1.3805430219933228e+03;-1.3805439453125000e+03
2;81000000;-1.5357800000017805e+03;-1.5357770996093750e+03;-1.5357800000017819e+03;-1.5357800292968750e+03;-1.5357788085937500e+03;-1.5357800000017844e+03;-1.5357800292968750e+03
3;81000000;-2.1494233248764936e+03;-2.1494233398437500e+03;-2.1494233248764945e+03;-2.1494233398437500e+03;-2.1494223632812500e+03;-2.1494233248764976e+03;-2.1494235839843750e+03
4;81000000;-2.5465504562855608e+03;-2.5465507812500000e+03;-2.5465504562855563e+03;-2.5465505371093750e+03;-2.5465495605468750e+03;-2.5465504562855622e+03;-2.5465500488281250e+03
5;81000000;-2.2009326757345634e+03;-2.2009367675781250e+03;-2.2009326757345589e+03;-2.2009326171875000e+03;-2.2009375000000000e+03;-2.2009326757345634e+03;-2.2009316406250000e+03
6;81000000;-9.9275317519716748e+02;-9.9275384521484375e+02;-9.9275317519716100e+02;-9.9275317382812500e+02;-9.9275329589843750e+02;-9.9275317519716327e+02;-9.9275183105468750e+02
7;81000000;-1.8297806927487425e+03;-1.8297789306640625e+03;-1.8297806927487418e+03;-1.8297806396484375e+03;-1.8297807617187500e+03;-1.8297806927487366e+03;-1.8297808837890625e+03
8;81000000;-1.6862668230294862e+03;-1.6862664794921875e+03;-1.6862668230294837e+03;-1.6862667236328125e+03;-1.6862668457031250e+03;-1.6862668230294828e+03;-1.6862677001953125e+03
9;81000000;-1.6409359805225210e+03;-1.6409387207031250e+03;-1.6409359805225197e+03;-1.6409359130859375e+03;-1.6409360351562500e+03;-1.6409359805225181e+03;-1.6409360351562500e+03
0;83000000;-1.7251306119893918e+03;-1.7251313476562500e+03;-1.7251306119893907e+03;-1.7251306152343750e+03;-1.7251309814453125e+03;-1.7251306119893936e+03;-1.7251306152343750e+03
1;83000000;-1.0482470136464051e+03;-1.0482492675781250e+03;-1.0482470136464083e+03;-1.0482469482421875e+03;-1.0482512207031250e+03;-1.0482470136464055e+03;-1.0482478027343750e+03
2;83000000;-1.2892961657448020e+03;-1.2892983398437500e+03;-1.2892961657448009e+03;-1.2892961425781250e+03;-1.2892967529296875e+03;-1.2892961657448009e+03;-1.2892966308593750e+03
3;83000000;-2.2498829286713990e+03;-2.2498791503906250e+03;-2.2498829286714004e+03;-2.2498830566406250e+03;-2.2498801269531250e+03;-2.2498829286714063e+03;-2.2498828125000000e+03
4;83000000;-2.7677740503233281e+03;-2.7677734375000000e+03;-2.7677740503233281e+03;-2.7677741699218750e+03;-2.7677729492187500e+03;-2.7677740503233317e+03;-2.7677736816406250e+03
5;83000000;-2.7819935956886502e+03;-2.7819941406250000e+03;-2.7819935956886520e+03;-2.7819936523437500e+03;-2.7819931640625000e+03;-2.7819935956886502e+03;-2.7819924316406250e+03
6;83000000;-1.8587623853373366e+03;-1.8587629394531250e+03;-1.8587623853373398e+03;-1.8587623291015625e+03;-1.8587648925781250e+03;-1.8587623853373370e+03;-1.8587612304687500e+03
7;83000000;-1.3425365491383930e+03;-1.3425356445312500e+03;-1.3425365491383970e+03;-1.3425364990234375e+03;-1.3425346679687500e+03;-1.3425365491383930e+03;-1.3425366210937500e+03
8;83000000;-2.9925066637693139e+03;-2.9925063476562500e+03;-2.9925066637693126e+03;-2.9925065917968750e+03;-2.9925078125000000e+03;-2.9925066637693130e+03;-2.9925075683593750e+03
9;83000000;-1.3930460905371056e+03;-1.3930454101562500e+03;-1.3930460905371083e+03;-1.3930460205078125e+03;-1.3930456542968750e+03;-1.3930460905371115e+03;-1.3930468750000000e+03
0;85000000;-2.4421584490302075e+03;-2.4421564941406250e+03;-2.4421584490302039e+03;-2.4421584472656250e+03;-2.4421621093750000e+03;-2.4421584490302084e+03;-2.4421589355468750e+03
1;85000000;-1.9533595498023362e+03;-1.9533630371093750e+03;-1.9533595498023312e+03;-1.9533594970703125e+03;-1.9533634033203125e+03;-1.9533595498023330e+03;-1.9533602294921875e+03
2;85000000;-1.3371513031896477e+03;-1.3371513671875000e+03;-1.3371513031896509e+03;-1.3371513671875000e+03;-1.3371511230468750e+03;-1.3371513031896527e+03;-1.3371512451171875e+03
3;85000000;-2.2939447362205610e+03;-2.2939436035156250e+03;-2.2939447362205601e+03;-2.2939448242187500e+03;-2.2939443359375000e+03;-2.2939447362205656e+03;-2.2939455566406250e+03
4;85000000;-1.8992443415731148e+03;-1.8992430419921875e+03;-1.8992443415731173e+03;-1.8992443847656250e+03;-1.8992412109375000e+03;-1.8992443415731173e+03;-1.8992438964843750e+03
5;85000000;-3.0987234848118474e+03;-3.0987250976562500e+03;-3.0987234848118505e+03;-3.0987233886718750e+03;-3.0987241210937500e+03;-3.0987234848118474e+03;-3.0987236328125000e+03
6;85000000;-2.4455555503592250e+03;-2.4455541992187500e+03;-2.4455555503592263e+03;-2.4455554199218750e+03;-2.4455522460937500e+03;-2.4455555503592241e+03;-2.4455556640625000e+03
7;85000000;-1.8637921534313048e+03;-1.8637890625000000e+03;-1.8637921534313073e+03;-1.8637921142578125e+03;-1.8637923583984375e+03;-1.8637921534313045e+03;-1.8637933349609375e+03
8;85000000;-3.8452228679398891e+03;-3.8452263183593750e+03;-3.8452228679398872e+03;-3.8452229003906250e+03;-3.8452253417968750e+03;-3.8452228679398868e+03;-3.8452236328125000e+03
9;85000000;-1.6351235638338778e+03;-1.6351231689453125e+03;-1.6351235638338737e+03;-1.6351235351562500e+03;-1.6351223144531250e+03;-1.6351235638338831e+03;-1.6351235351562500e+03
0;87000000;-1.8871226985299465e+03;-1.8871252441406250e+03;-1.8871226985299477e+03;-1.8871226806640625e+03;-1.8871240234375000e+03;-1.8871226985299381e+03;-1.8871230468750000e+03
1;87000000;-1.9269026730771402e+03;-1.9269030761718750e+03;-1.9269026730771445e+03;-1.9269027099609375e+03;-1.9269045410156250e+03;-1.9269026730771452e+03;-1.9269033203125000e+03
2;87000000;-1.0390894287428787e+03;-1.0390856933593750e+03;-1.0390894287428821e+03;-1.0390894775390625e+03;-1.0390885009765625e+03;-1.0390894287428819e+03;-1.0390897216796875e+03
3;87000000;-2.2533483596728547e+03;-2.2533525390625000e+03;-2.2533483596728479e+03;-2.2533483886718750e+03;-2.2533522949218750e+03;-2.2533483596728511e+03;-2.2533486328125000e+03
4;87000000;-1.8850934457570831e+03;-1.8850914306640625e+03;-1.8850934457570843e+03;-1.8850935058593750e+03;-1.8850891113281250e+03;-1.8850934457570859e+03;-1.8850935058593750e+03
5;87000000;-3.3245555135102913e+03;-3.3245551757812500e+03;-3.3245555135102913e+03;-3.3245556640625000e+03;-3.3245573730468750e+03;-3.3245555135102927e+03;-3.3245546875000000e+03
6;87000000;-3.3032005153517744e+03;-3.3032009277343750e+03;-3.3032005153517762e+03;-3.3032004394531250e+03;-3.3031989746093750e+03;-3.3032005153517794e+03;-3.3032001953125000e+03
7;87000000;-2.3192223978467591e+03;-2.3192202148437500e+03;-2.3192223978467591e+03;-2.3192224121093750e+03;-2.3192192382812500e+03;-2.3192223978467614e+03;-2.3192226562500000e+03
8;87000000;-3.2107534285454885e+03;-3.2107500000000000e+03;-3.2107534285454917e+03;-3.2107534179687500e+03;-3.2107507324218750e+03;-3.2107534285454913e+03;-3.2107541503906250e+03
9;87000000;-3.1809897838720426e+03;-3.1809909667968750e+03;-3.1809897838720412e+03;-3.1809897460937500e+03;-3.1809902343750000e+03;-3.1809897838720503e+03;-3.1809907226562500e+03
0;89000000;-1.0667407797314436e+03;-1.0667429199218750e+03;-1.0667407797314497e+03;-1.0667407226562500e+03;-1.0667426757812500e+03;-1.0667407797314472e+03;-1.0667406005859375e+03
1;89000000;-2.2987550132831334e+03;-2.2987519531250000e+03;-2.2987550132831348e+03;-2.2987551269531250e+03;-2.2987519531250000e+03;-2.2987550132831338e+03;-2.2987556152343750e+03
2;89000000;-1.9896218330795366e+03;-1.9896237792968750e+03;-1.9896218330795386e+03;-1.9896218261718750e+03;-1.9896239013671875e+03;-1.9896218330795427e+03;-1.9896220703125000e+03
3;89000000;-2.4916618897399958e+03;-2.4916669921875000e+03;-2.4916618897399985e+03;-2.4916618652343750e+03;-2.4916662597656250e+03;-2.4916618897400035e+03;-2.4916623535156250e+03
4;89000000;-1.8026087937917532e+03;-1.8026093750000000e+03;-1.8026087937917493e+03;-1.8026088867187500e+03;-1.8026079101562500e+03;-1.8026087937917514e+03;-1.8026083984375000e+03
5;89000000;-2.7498729980615467e+03;-2.7498742675781250e+03;-2.7498729980615485e+03;-2.7498730468750000e+03;-2.7498745117187500e+03;-2.7498729980615440e+03;-2.7498725585937500e+03
6;89000000;-3.6969679818524860e+03;-3.6969689941406250e+03;-3.6969679818524892e+03;-3.6969680175781250e+03;-3.6969697265625000e+03;-3.6969679818524969e+03;-3.6969675292968750e+03
7;89000000;-3.2681889246360083e+03;-3.2681850585937500e+03;-3.2681889246360060e+03;-3.2681889648437500e+03;-3.2681855468750000e+03;-3.2681889246360065e+03;-3.2681894531250000e+03
8;89000000;-3.7929160340218218e+03;-3.7929143066406250e+03;-3.7929160340218245e+03;-3.7929160156250000e+03;-3.7929150390625000e+03;-3.7929160340218241e+03;-3.7929169921875000e+03
9;89000000;-3.4995808560906494e+03;-3.4995798339843750e+03;-3.4995808560906517e+03;-3.4995808105468750e+03;-3.4995791015625000e+03;-3.4995808560906585e+03;-3.4995810546875000e+03
0;91000000;-1.0606304425816202e+03;-1.0606293945312500e+03;-1.0606304425816195e+03;-1.0606303710937500e+03;-1.0606320800781250e+03;-1.0606304425816165e+03;-1.0606298828125000e+03
1;91000000;-2.1591202194574175e+03;-2.1591176757812500e+03;-2.1591202194574171e+03;-2.1591201171875000e+03;-2.1591140136718750e+03;-2.1591202194574184e+03;-2.1591206054687500e+03
2;91000000;-1.8870907556030636e+03;-1.8870915527343750e+03;-1.8870907556030634e+03;-1.8870908203125000e+03;-1.8870919189453125e+03;-1.8870907556030691e+03;-1.8870910644531250e+03
3;91000000;-2.1911029143484229e+03;-2.1911018066406250e+03;-2.1911029143484216e+03;-2.1911030273437500e+03;-2.1911013183593750e+03;-2.1911029143484257e+03;-2.1911025390625000e+03
4;91000000;-1.8086067047919375e+03;-1.8086074218750000e+03;-1.8086067047919457e+03;-1.8086068115234375e+03;-1.8086059570312500e+03;-1.8086067047919430e+03;-1.8086071777343750e+03
5;91000000;-2.1205483861054749e+03;-2.1205495605468750e+03;-2.1205483861054745e+03;-2.1205483398437500e+03;-2.1205505371093750e+03;-2.1205483861054763e+03;-2.1205473632812500e+03
6;91000000;-3.5710736251507374e+03;-3.5710722656250000e+03;-3.5710736251507460e+03;-3.5710737304687500e+03;-3.5710749511718750e+03;-3.5710736251507501e+03;-3.5710737304687500e+03
7;91000000;-4.0066335431107750e+03;-4.0066352539062500e+03;-4.0066335431107741e+03;-4.0066335449218750e+03;-4.0066364746093750e+03;-4.0066335431107718e+03;-4.0066340332031250e+03
8;91000000;-4.2733036319536923e+03;-4.2733041992187500e+03;-4.2733036319536868e+03;-4.2733037109375000e+03;-4.2733022460937500e+03;-4.2733036319536968e+03;-4.2733041992187500e+03
9;91000000;-2.9732255342117792e+03;-2.9732226562500000e+03;-2.9732255342117828e+03;-2.9732255859375000e+03;-2.9732243652343750e+03;-2.9732255342117815e+03;-2.9732258300781250e+03
0;93000000;-5.9389517061471815e+02;-5.9389495849609375e+02;-5.9389517061471224e+02;-5.9389514160156250e+02;-5.9389440917968750e+02;-5.9389517061470679e+02;-5.9389544677734375e+02
1;93000000;-1.0041390872282174e+03;-1.0041389770507812e+03;-1.0041390872282163e+03;-1.0041390991210938e+03;-1.0041376342773438e+03;-1.0041390872282113e+03;-1.0041388549804688e+03
2;93000000;-2.0772712753919400e+03;-2.0772724609375000e+03;-2.0772712753919336e+03;-2.0772712402343750e+03;-2.0772734375000000e+03;-2.0772712753919359e+03;-2.0772722167968750e+03
3;93000000;-2.8992568616860581e+03;-2.8992575683593750e+03;-2.8992568616860535e+03;-2.8992568359375000e+03;-2.8992568359375000e+03;-2.8992568616860626e+03;-2.8992568359375000e+03
4;93000000;-2.0778500855585762e+03;-2.0778483886718750e+03;-2.0778500855585744e+03;-2.0778500976562500e+03;-2.0778498535156250e+03;-2.0778500855585767e+03;-2.0778500976562500e+03
5;93000000;-2.2794526275305766e+03;-2.2794543457031250e+03;-2.2794526275305734e+03;-2.2794526367187500e+03;-2.2794545898437500e+03;-2.2794526275305784e+03;-2.2794526367187500e+03
6;93000000;-2.9267260714076369e+03;-2.9267253417968750e+03;-2.9267260714076351e+03;-2.9267260742187500e+03;-2.9267250976562500e+03;-2.9267260714076369e+03;-2.9267250976562500e+03
7;93000000;-4.3072813000316082e+03;-4.3072812500000000e+03;-4.3072813000316000e+03;-4.3072812500000000e+03;-4.3072836914062500e+03;-4.3072813000316037e+03;-4.3072807617187500e+03
8;93000000;-4.9891762800391834e+03;-4.9891811523437500e+03;-4.9891762800391843e+03;-4.9891762695312500e+03;-4.9891826171875000e+03;-4.9891762800391925e+03;-4.9891777343750000e+03
9;93000000;-3.7882028850034530e+03;-3.7882031250000000e+03;-3.7882028850034540e+03;-3.7882028808593750e+03;-3.7882006835937500e+03;-3.7882028850034540e+03;-3.7882045898437500e+03
0;95000000;-9.9044220344907160e+02;-9.9044415283203125e+02;-9.9044220344907251e+02;-9.9044219970703125e+02;-9.9044293212890625e+02;-9.9044220344906319e+02;-9.9044268798828125e+02
1;95000000;-9.8098836444136157e+02;-9.8098736572265625e+02;-9.8098836444136691e+02;-9.8098834228515625e+02;-9.8098822021484375e+02;-9.8098836444136020e+02;-9.8098834228515625e+02
2;95000000;-1.9296317936185187e+03;-1.9296314697265625e+03;-1.9296317936185217e+03;-1.9296318359375000e+03;-1.9296300048828125e+03;-1.9296317936185214e+03;-1.9296323242187500e+03
3;95000000;-3.0128260014130788e+03;-3.0128286132812500e+03;-3.0128260014130847e+03;-3.0128261718750000e+03;-3.0128303222656250e+03;-3.0128260014130865e+03;-3.0128266601562500e+03
4;95000000;-2.0229805888571113e+03;-2.0229797363281250e+03;-2.0229805888571170e+03;-2.0229807128906250e+03;-2.0229792480468750e+03;-2.0229805888571098e+03;-2.0229804687500000e+03
5;95000000;-2.4543028068089002e+03;-2.4543046875000000e+03;-2.4543028068088997e+03;-2.4543029785156250e+03;-2.4543037109375000e+03;-2.4543028068089043e+03;-2.4543022460937500e+03
6;95000000;-2.6465013014038477e+03;-2.6465007324218750e+03;-2.6465013014038536e+03;-2.6465014648437500e+03;-2.6465004882812500e+03;-2.6465013014038545e+03;-2.6465007324218750e+03
7;95000000;-3.9984098824035291e+03;-3.9984079589843750e+03;-3.9984098824035364e+03;-3.9984099121093750e+03;-3.9984116210937500e+03;-3.9984098824035282e+03;-3.9984099121093750e+03
8;95000000;-5.8398436733073258e+03;-5.8398500976562500e+03;-5.8398436733073149e+03;-5.8398437500000000e+03;-5.8398525390625000e+03;-5.8398436733073249e+03;-5.8398447265625000e+03
9;95000000;-4.1827999197436766e+03;-4.1828002929687500e+03;-4.1827999197436793e+03;-4.1827998046875000e+03;-4.1827963867187500e+03;-4.1827999197436784e+03;-4.1828007812500000e+03
0;97000000;-1.3695784471306370e+03;-1.3695816650390625e+03;-1.3695784471306322e+03;-1.3695784912109375e+03;-1.3695781250000000e+03;-1.3695784471306249e+03;-1.3695788574218750e+03
1;97000000;-6.5018881368478503e+02;-6.5019079589843750e+02;-6.5018881368478822e+02;-6.5018884277343750e+02;-6.5018853759765625e+02;-6.5018881368478583e+02;-6.5018927001953125e+02
2;97000000;-1.0114537566491360e+03;-1.0114556274414062e+03;-1.0114537566491350e+03;-1.0114537963867188e+03;-1.0114555053710938e+03;-1.0114537566491410e+03;-1.0114540405273438e+03
3;97000000;-2.8391309137515891e+03;-2.8391264648437500e+03;-2.8391309137515968e+03;-2.8391311035156250e+03;-2.8391323242187500e+03;-2.8391309137515941e+03;-2.8391311035156250e+03
4;97000000;-2.4381024632932476e+03;-2.4381027832031250e+03;-2.4381024632932490e+03;-2.4381025390625000e+03;-2.4381010742187500e+03;-2.4381024632932467e+03;-2.4381035156250000e+03
5;97000000;-2.8053731245449676e+03;-2.8053742675781250e+03;-2.8053731245449703e+03;-2.8053732910156250e+03;-2.8053728027343750e+03;-2.8053731245449690e+03;-2.8053735351562500e+03
6;97000000;-2.4694014588636983e+03;-2.4694011230468750e+03;-2.4694014588636928e+03;-2.4694016113281250e+03;-2.4694042968750000e+03;-2.4694014588637019e+03;-2.4694013671875000e+03
7;97000000;-3.5933614444564419e+03;-3.5933642578125000e+03;-3.5933614444564391e+03;-3.5933615722656250e+03;-3.5933652343750000e+03;-3.5933614444564441e+03;-3.5933620605468750e+03
8;97000000;-6.1033692332962237e+03;-6.1033676757812500e+03;-6.1033692332962237e+03;-6.1033691406250000e+03;-6.1033701171875000e+03;-6.1033692332962300e+03;-6.1033710937500000e+03
9;97000000;-5.2399795580112896e+03;-5.2399780273437500e+03;-5.2399795580112923e+03;-5.2399794921875000e+03;-5.2399780273437500e+03;-5.2399795580112859e+03;-5.2399809570312500e+03
0;99000000;-1.5492057646026542e+03;-1.5492028808593750e+03;-1.5492057646026572e+03;-1.5492058105468750e+03;-1.5492028808593750e+03;-1.5492057646026442e+03;-1.5492061767578125e+03
1;99000000;-9.9131078459238859e+02;-9.9131164550781250e+02;-9.9131078459238336e+02;-9.9131079101562500e+02;-9.9131256103515625e+02;-9.9131078459239268e+02;-9.9131097412109375e+02
2;99000000;-9.4003244894286570e+02;-9.4003356933593750e+02;-9.4003244894286649e+02;-9.4003247070312500e+02;-9.4003247070312500e+02;-9.4003244894287195e+02;-9.4003228759765625e+02
3;99000000;-2.7534245785608346e+03;-2.7534245605468750e+03;-2.7534245785608318e+03;-2.7534245605468750e+03;-2.7534238281250000e+03;-2.7534245785608400e+03;-2.7534255371093750e+03
4;99000000;-2.3758481002108401e+03;-2.3758505859375000e+03;-2.3758481002108365e+03;-2.3758481445312500e+03;-2.3758493652343750e+03;-2.3758481002108347e+03;-2.3758481445312500e+03
5;99000000;-2.5466344542607230e+03;-2.5466376953125000e+03;-2.5466344542607267e+03;-2.5466345214843750e+03;-2.5466403808593750e+03;-2.5466344542607208e+03;-2.5466347656250000e+03
6;99000000;-2.7523428799945973e+03;-2.7523395996093750e+03;-2.7523428799945964e+03;-2.7523430175781250e+03;-2.7523413085937500e+03;-2.7523428799946032e+03;-2.7523422851562500e+03
7;99000000;-3.0899292277376144e+03;-3.0899309082031250e+03;-3.0899292277376167e+03;-3.0899291992187500e+03;-3.0899335937500000e+03;-3.0899292277376171e+03;-3.0899304199218750e+03
8;99000000;-5.6697619423969181e+03;-5.6697622070312500e+03;-5.6697619423969154e+03;-5.6697617187500000e+03;-5.6697612304687500e+03;-5.6697619423969263e+03;-5.6697626953125000e+03
9;99000000;-5.6415867684162631e+03;-5.6415874023437500e+03;-5.6415867684162640e+03;-5.6415869140625000e+03;-5.6415869140625000e+03;-5.6415867684162577e+03;-5.6415883789062500e+03
0;101000000;-1.0698443128259196e+03;-1.0698439941406250e+03;-1.0698443128259241e+03;-1.0698443603515625e+03;-1.0698428955078125e+03;-1.0698443128259221e+03;-1.0698447265625000e+03
1;101000000;-1.7969833705233184e+03;-1.7969764404296875e+03;-1.7969833705233289e+03;-1.7969833984375000e+03;-1.7969802246093750e+03;-1.7969833705233332e+03;-1.7969840087890625e+03
2;101000000;-4.7926391044304444e+02;-4.7926245117187500e+02;-4.7926391044303921e+02;-4.7926394653320312e+02;-4.7926345825195312e+02;-4.7926391044304364e+02;-4.7926507568359375e+02
3;101000000;-2.2734103010198951e+03;-2.2734150390625000e+03;-2.2734103010198946e+03;-2.2734104003906250e+03;-2.2734160156250000e+03;-2.2734103010199024e+03;-2.2734104003906250e+03
4;101000000;-2.4434135607892658e+03;-2.4434116210937500e+03;-2.4434135607892658e+03;-2.4434135742187500e+03;-2.4434128417968750e+03;-2.4434135607892695e+03;-2.4434140625000000e+03
5;101000000;-2.8450077385311897e+03;-2.8450021972656250e+03;-2.8450077385311897e+03;-2.8450078125000000e+03;-2.8450058593750000e+03;-2.8450077385311947e+03;-2.8450083007812500e+03
6;101000000;-2.7705950834219939e+03;-2.7705959472656250e+03;-2.7705950834219971e+03;-2.7705952148437500e+03;-2.7705969238281250e+03;-2.7705950834219943e+03;-2.7705947265625000e+03
7;101000000;-3.3037460359551205e+03;-3.3037443847656250e+03;-3.3037460359551187e+03;-3.3037460937500000e+03;-3.3037451171875000e+03;-3.3037460359551192e+03;-3.3037460937500000e+03
8;101000000;-5.4962334148971413e+03;-5.4962338867187500e+03;-5.4962334148971431e+03;-5.4962333984375000e+03;-5.4962368164062500e+03;-5.4962334148971477e+03;-5.4962353515625000e+03
9;101000000;-6.0076259404213806e+03;-6.0076235351562500e+03;-6.0076259404213788e+03;-6.0076259765625000e+03;-6.0076220703125000e+03;-6.0076259404213715e+03;-6.0076269531250000e+03
0;103000000;-1.0691022317590860e+03;-1.0690981445312500e+03;-1.0691022317590850e+03;-1.0691022949218750e+03;-1.0691037597656250e+03;-1.0691022317590905e+03;-1.0691026611328125e+03
1;103000000;-1.8382609387862281e+03;-1.8382576904296875e+03;-1.8382609387862349e+03;-1.8382609863281250e+03;-1.8382578125000000e+03;-1.8382609387862403e+03;-1.8382615966796875e+03
2;103000000;-1.2900927108485321e+03;-1.2900944824218750e+03;-1.2900927108485337e+03;-1.2900927734375000e+03;-1.2900949707031250e+03;-1.2900927108485316e+03;-1.2900924072265625e+03
3;103000000;-1.8390864520409712e+03;-1.8390895996093750e+03;-1.8390864520409673e+03;-1.8390865478515625e+03;-1.8390897216796875e+03;-1.8390864520409705e+03;-1.8390864257812500e+03
4;103000000;-2.3169382093845797e+03;-2.3169387207031250e+03;-2.3169382093845852e+03;-2.3169382324218750e+03;-2.3169355468750000e+03;-2.3169382093845870e+03;-2.3169379882812500e+03
5;103000000;-3.1296618821162792e+03;-3.1296589355468750e+03;-3.1296618821162820e+03;-3.1296618652343750e+03;-3.1296577148437500e+03;-3.1296618821162865e+03;-3.1296621093750000e+03
6;103000000;-2.8581731338816426e+03;-2.8581745605468750e+03;-2.8581731338816371e+03;-2.8581730957031250e+03;-2.8581765136718750e+03;-2.8581731338816421e+03;-2.8581726074218750e+03
7;103000000;-3.3966291028571873e+03;-3.3966279296875000e+03;-3.3966291028571836e+03;-3.3966291503906250e+03;-3.3966284179687500e+03;-3.3966291028571850e+03;-3.3966293945312500e+03
8;103000000;-5.1322912610690664e+03;-5.1322993164062500e+03;-5.1322912610690619e+03;-5.1322915039062500e+03;-5.1322963867187500e+03;-5.1322912610690719e+03;-5.1322919921875000e+03
9;103000000;-5.4144419407676369e+03;-5.4144370117187500e+03;-5.4144419407676405e+03;-5.4144418945312500e+03;-5.4144414062500000e+03;-5.4144419407676351e+03;-5.4144423828125000e+03
0;105000000;-1.4225834985534716e+03;-1.4225804443359375e+03;-1.4225834985534711e+03;-1.4225834960937500e+03;-1.4225828857421875e+03;-1.4225834985534848e+03;-1.4225837402343750e+03
1;105000000;-1.2287410636070372e+03;-1.2287474365234375e+03;-1.2287410636070279e+03;-1.2287410888671875e+03;-1.2287514648437500e+03;-1.2287410636070304e+03;-1.2287414550781250e+03
2;105000000;-1.8376443711392783e+03;-1.8376417236328125e+03;-1.8376443711392840e+03;-1.8376444091796875e+03;-1.8376427001953125e+03;-1.8376443711392831e+03;-1.8376452636718750e+03
3;105000000;-1.6744121077233654e+03;-1.6744117431640625e+03;-1.6744121077233656e+03;-1.6744122314453125e+03;-1.6744088134765625e+03;-1.6744121077233647e+03;-1.6744129638671875e+03
4;105000000;-1.7576415458534022e+03;-1.7576425781250000e+03;-1.7576415458533977e+03;-1.7576416015625000e+03;-1.7576417236328125e+03;-1.7576415458533988e+03;-1.7576414794921875e+03
5;105000000;-3.0880552060172540e+03;-3.0880512695312500e+03;-3.0880552060172467e+03;-3.0880551757812500e+03;-3.0880551757812500e+03;-3.0880552060172372e+03;-3.0880549316406250e+03
6;105000000;-3.2731771488708246e+03;-3.2731755371093750e+03;-3.2731771488708223e+03;-3.2731772460937500e+03;-3.2731762695312500e+03;-3.2731771488708309e+03;-3.2731777343750000e+03
7;105000000;-3.4592712245334360e+03;-3.4592734375000000e+03;-3.4592712245334365e+03;-3.4592712402343750e+03;-3.4592724609375000e+03;-3.4592712245334387e+03;-3.4592719726562500e+03
8;105000000;-5.2754115745820091e+03;-5.2754077148437500e+03;-5.2754115745820154e+03;-5.2754116210937500e+03;-5.2754052734375000e+03;-5.2754115745820200e+03;-5.2754135742187500e+03
9;105000000;-5.3877273059921881e+03;-5.3877255859375000e+03;-5.3877273059921863e+03;-5.3877275390625000e+03;-5.3877241210937500e+03;-5.3877273059921954e+03;-5.3877285156250000e+03
0;107000000;-7.3181832987060943e+02;-7.3181408691406250e+02;-7.3181832987060193e+02;-7.3181835937500000e+02;-7.3181378173828125e+02;-7.3181832987060682e+02;-7.3181811523437500e+02
1;107000000;-1.1793248494688264e+03;-1.1793280029296875e+03;-1.1793248494688316e+03;-1.1793248291015625e+03;-1.1793259277343750e+03;-1.1793248494688287e+03;-1.1793248291015625e+03
2;107000000;-1.7037002406142749e+03;-1.7036967773437500e+03;-1.7037002406142637e+03;-1.7037003173828125e+03;-1.7036922607421875e+03;-1.7037002406142742e+03;-1.7037011718750000e+03
3;107000000;-2.2713844624101644e+03;-2.2713830566406250e+03;-2.2713844624101584e+03;-2.2713845214843750e+03;-2.2713808593750000e+03;-2.2713844624101644e+03;-2.2713842773437500e+03
4;107000000;-1.3757706895105975e+03;-1.3757686767578125e+03;-1.3757706895106016e+03;-1.3757707519531250e+03;-1.3757714843750000e+03;-1.3757706895105989e+03;-1.3757703857421875e+03
5;107000000;-2.7333753505980858e+03;-2.7333764648437500e+03;-2.7333753505980917e+03;-2.7333754882812500e+03;-2.7333762207031250e+03;-2.7333753505980762e+03;-2.7333745117187500e+03
6;107000000;-3.7129484579688988e+03;-3.7129465332031250e+03;-3.7129484579688919e+03;-3.7129484863281250e+03;-3.7129511718750000e+03;-3.7129484579688947e+03;-3.7129482421875000e+03
7;107000000;-3.6583378540211334e+03;-3.6583364257812500e+03;-3.6583378540211329e+03;-3.6583378906250000e+03;-3.6583371582031250e+03;-3.6583378540211365e+03;-3.6583388671875000e+03
8;107000000;-5.3696551290974412e+03;-5.3696489257812500e+03;-5.3696551290974385e+03;-5.3696552734375000e+03;-5.3696518554687500e+03;-5.3696551290974439e+03;-5.3696567382812500e+03
9;107000000;-5.2323914735739290e+03;-5.2323876953125000e+03;-5.2323914735739263e+03;-5.2323916015625000e+03;-5.2323896484375000e+03;-5.2323914735739345e+03;-5.2323930664062500e+03
0;109000000;-1.2073317973855269e+03;-1.2073360595703125e+03;-1.2073317973855280e+03;-1.2073317871093750e+03;-1.2073369140625000e+03;-1.2073317973855214e+03;-1.2073319091796875e+03
1;109000000;-1.4716127055555773e+03;-1.4716098632812500e+03;-1.4716127055555726e+03;-1.4716126708984375e+03;-1.4716104736328125e+03;-1.4716127055555698e+03;-1.4716130371093750e+03
2;109000000;-1.0164485432056578e+03;-1.0164490966796875e+03;-1.0164485432056640e+03;-1.0164486083984375e+03;-1.0164492187500000e+03;-1.0164485432056645e+03;-1.0164493408203125e+03
3;109000000;-2.7832336239848382e+03;-2.7832363281250000e+03;-2.7832336239848491e+03;-2.7832336425781250e+03;-2.7832363281250000e+03;-2.7832336239848337e+03;-2.7832341308593750e+03
4;109000000;-1.5985319292568199e+03;-1.5985288085937500e+03;-1.5985319292568156e+03;-1.5985319824218750e+03;-1.5985295410156250e+03;-1.5985319292568186e+03;-1.5985319824218750e+03
5;109000000;-2.1619117657970846e+03;-2.1619162597656250e+03;-2.1619117657970860e+03;-2.1619118652343750e+03;-2.1619140625000000e+03;-2.1619117657970851e+03;-2.1619111328125000e+03
6;109000000;-3.1275348719415874e+03;-3.1275366210937500e+03;-3.1275348719415824e+03;-3.1275349121093750e+03;-3.1275358886718750e+03;-3.1275348719415883e+03;-3.1275341796875000e+03
7;109000000;-3.8222641968075363e+03;-3.8222614746093750e+03;-3.8222641968075404e+03;-3.8222641601562500e+03;-3.8222614746093750e+03;-3.8222641968075259e+03;-3.8222644042968750e+03
8;109000000;-5.0326135572721405e+03;-5.0326171875000000e+03;-5.0326135572721532e+03;-5.0326137695312500e+03;-5.0326181640625000e+03;-5.0326135572721505e+03;-5.0326152343750000e+03
9;109000000;-5.2837209190816584e+03;-5.2837255859375000e+03;-5.2837209190816629e+03;-5.2837211914062500e+03;-5.2837241210937500e+03;-5.2837209190816711e+03;-5.2837216796875000e+03
0;111000000;-5.3480081520524607e+02;-5.3480389404296875e+02;-5.3480081520524413e+02;-5.3480078125000000e+02;-5.3480267333984375e+02;-5.3480081520523595e+02;-5.3480139160156250e+02
1;111000000;-9.5246438513946543e+02;-9.5246392822265625e+02;-9.5246438513945577e+02;-9.5246441650390625e+02;-9.5246466064453125e+02;-9.5246438513944395e+02;-9.5246539306640625e+02
2;111000000;-1.5472386121178884e+03;-1.5472381591796875e+03;-1.5472386121178865e+03;-1.5472386474609375e+03;-1.5472427978515625e+03;-1.5472386121178804e+03;-1.5472382812500000e+03
3;111000000;-2.8364196119407770e+03;-2.8364167480468750e+03;-2.8364196119407784e+03;-2.8364196777343750e+03;-2.8364184570312500e+03;-2.8364196119407652e+03;-2.8364194335937500e+03
4;111000000;-2.0871790236707275e+03;-2.0871794433593750e+03;-2.0871790236707225e+03;-2.0871791992187500e+03;-2.0871779785156250e+03;-2.0871790236707216e+03;-2.0871787109375000e+03
5;111000000;-2.2550740925515292e+03;-2.2550759277343750e+03;-2.2550740925515292e+03;-2.2550742187500000e+03;-2.2550751953125000e+03;-2.2550740925515333e+03;-2.2550725097656250e+03
6;111000000;-2.8901086124794633e+03;-2.8901052246093750e+03;-2.8901086124794483e+03;-2.8901086425781250e+03;-2.8901091308593750e+03;-2.8901086124794529e+03;-2.8901086425781250e+03
7;111000000;-4.5377290058551098e+03;-4.5377270507812500e+03;-4.5377290058551198e+03;-4.5377290039062500e+03;-4.5377241210937500e+03;-4.5377290058551071e+03;-4.5377290039062500e+03
8;111000000;-5.7569719257912930e+03;-5.7569765625000000e+03;-5.7569719257912948e+03;-5.7569721679687500e+03;-5.7569746093750000e+03;-5.7569719257912930e+03;-5.7569736328125000e+03
9;111000000;-5.1329454012158094e+03;-5.1329448242187500e+03;-5.1329454012158067e+03;-5.1329453125000000e+03;-5.1329448242187500e+03;-5.1329454012158121e+03;-5.1329477539062500e+03
0;113000000;-6.7310385537146669e+02;-6.7310925292968750e+02;-6.7310385537145930e+02;-6.7310382080078125e+02;-6.7310559082031250e+02;-6.7310385537145930e+02;-6.7310424804687500e+02
1;113000000;-1.2427948971510725e+03;-1.2427949218750000e+03;-1.2427948971510709e+03;-1.2427949218750000e+03;-1.2427963867187500e+03;-1.2427948971510677e+03;-1.2427952880859375e+03
2;113000000;-1.2430669602949877e+03;-1.2430668945312500e+03;-1.2430669602949888e+03;-1.2430670166015625e+03;-1.2430672607421875e+03;-1.2430669602949881e+03;-1.2430673828125000e+03
3;113000000;-2.2266215576753198e+03;-2.2266164550781250e+03;-2.2266215576753211e+03;-2.2266215820312500e+03;-2.2266208496093750e+03;-2.2266215576753166e+03;-2.2266225585937500e+03
4;113000000;-2.7151625620745517e+03;-2.7151647949218750e+03;-2.7151625620745585e+03;-2.7151625976562500e+03;-2.7151655273437500e+03;-2.7151625620745585e+03;-2.7151621093750000e+03
5;113000000;-2.2030753881176202e+03;-2.2030759277343750e+03;-2.2030753881176165e+03;-2.2030754394531250e+03;-2.2030734863281250e+03;-2.2030753881176197e+03;-2.2030747070312500e+03
6;113000000;-2.8446636407397368e+03;-2.8446667480468750e+03;-2.8446636407397364e+03;-2.8446638183593750e+03;-2.8446667480468750e+03;-2.8446636407397409e+03;-2.8446628417968750e+03
7;113000000;-3.8113161780656724e+03;-3.8113195800781250e+03;-3.8113161780656733e+03;-3.8113161621093750e+03;-3.8113156738281250e+03;-3.8113161780656660e+03;-3.8113159179687500e+03
8;113000000;-5.9787576150988916e+03;-5.9787539062500000e+03;-5.9787576150988862e+03;-5.9787578125000000e+03;-5.9787548828125000e+03;-5.9787576150988989e+03;-5.9787597656250000e+03
9;113000000;-4.9162362441832629e+03;-4.9162373046875000e+03;-4.9162362441832556e+03;-4.9162363281250000e+03;-4.9162382812500000e+03;-4.9162362441832538e+03;-4.9162373046875000e+03
0;115000000;-5.8821535707916689e+02;-5.8821343994140625e+02;-5.8821535707916678e+02;-5.8821533203125000e+02;-5.8821380615234375e+02;-5.8821535707916530e+02;-5.8821539306640625e+02
1;115000000;-8.0418697006926379e+02;-8.0419091796875000e+02;-8.0418697006926493e+02;-8.0418695068359375e+02;-8.0418859863281250e+02;-8.0418697006926641e+02;-8.0418664550781250e+02
2;115000000;-8.0893092107954249e+02;-8.0893017578125000e+02;-8.0893092107954305e+02;-8.0893096923828125e+02;-8.0892980957031250e+02;-8.0893092107954635e+02;-8.0893151855468750e+02
3;115000000;-2.4293260175959176e+03;-2.4293195800781250e+03;-2.4293260175959113e+03;-2.4293261718750000e+03;-2.4293273925781250e+03;-2.4293260175959108e+03;-2.4293256835937500e+03
4;115000000;-2.4465195126646072e+03;-2.4465212402343750e+03;-2.4465195126646054e+03;-2.4465195312500000e+03;-2.4465156250000000e+03;-2.4465195126646040e+03;-2.4465195312500000e+03
5;115000000;-2.8390766273646632e+03;-2.8390690917968750e+03;-2.8390766273646609e+03;-2.8390766601562500e+03;-2.8390686035156250e+03;-2.8390766273646577e+03;-2.8390756835937500e+03
6;115000000;-2.5958085638605894e+03;-2.5958105468750000e+03;-2.5958085638605862e+03;-2.5958085937500000e+03;-2.5958103027343750e+03;-2.5958085638605862e+03;-2.5958076171875000e+03
7;115000000;-3.4075905113968215e+03;-3.4075903320312500e+03;-3.4075905113968201e+03;-3.4075905761718750e+03;-3.4075913085937500e+03;-3.4075905113968074e+03;-3.4075903320312500e+03
8;115000000;-6.5336657223409657e+03;-6.5336645507812500e+03;-6.5336657223409611e+03;-6.5336655273437500e+03;-6.5336660156250000e+03;-6.5336657223409702e+03;-6.5336669921875000e+03
9;115000000;-5.8142746560236392e+03;-5.8142802734375000e+03;-5.8142746560236437e+03;-5.8142749023437500e+03;-5.8142792968750000e+03;-5.8142746560236446e+03;-5.8142753906250000e+03
0;117000000;-2.8334188850368815e+02;-2.8334201049804688e+02;-2.8334188850368173e+02;-2.8334185791015625e+02;-2.8334182739257812e+02;-2.8334188850368446e+02;-2.8334234619140625e+02
1;117000000;-7.6501469606029514e+02;-7.6501519775390625e+02;-7.6501469606029912e+02;-7.6501470947265625e+02;-7.6501708984375000e+02;-7.6501469606029605e+02;-7.6501483154296875e+02
2;117000000;-1.2139332266091315e+03;-1.2139337158203125e+03;-1.2139332266091360e+03;-1.2139332275390625e+03;-1.2139335937500000e+03;-1.2139332266091371e+03;-1.2139331054687500e+03
3;117000000;-2.4021205268324634e+03;-2.4021191406250000e+03;-2.4021205268324588e+03;-2.4021206054687500e+03;-2.4021191406250000e+03;-2.4021205268324566e+03;-2.4021201171875000e+03
4;117000000;-1.9442868640723639e+03;-1.9442891845703125e+03;-1.9442868640723671e+03;-1.9442869873046875e+03;-1.9442875976562500e+03;-1.9442868640723573e+03;-1.9442861328125000e+03
5;117000000;-3.2727026714907606e+03;-3.2727036132812500e+03;-3.2727026714907688e+03;-3.2727026367187500e+03;-3.2727026367187500e+03;-3.2727026714907752e+03;-3.2727006835937500e+03
6;117000000;-2.7651364569512630e+03;-2.7651420898437500e+03;-2.7651364569512666e+03;-2.7651364746093750e+03;-2.7651433105468750e+03;-2.7651364569512707e+03;-2.7651359863281250e+03
7;117000000;-3.4005742964572037e+03;-3.4005781250000000e+03;-3.4005742964572037e+03;-3.4005742187500000e+03;-3.4005759277343750e+03;-3.4005742964572009e+03;-3.4005732421875000e+03
8;117000000;-5.9095282332719498e+03;-5.9095239257812500e+03;-5.9095282332719453e+03;-5.9095283203125000e+03;-5.9095253906250000e+03;-5.9095282332719635e+03;-5.9095297851562500e+03
9;117000000;-5.6711644929649428e+03;-5.6711655273437500e+03;-5.6711644929649374e+03;-5.6711645507812500e+03;-5.6711669921875000e+03;-5.6711644929649383e+03;-5.6711660156250000e+03
0;119000000;3.9513656920469379e+02;3.9513644409179688e+02;3.9513656920468571e+02;3.9513659667968750e+02;3.9513302612304688e+02;3.9513656920468929e+02;3.9513708496093750e+02
1;119000000;-7.7566481065751577e+02;-7.7566241455078125e+02;-7.7566481065752032e+02;-7.7566479492187500e+02;-7.7565979003906250e+02;-7.7566481065752680e+02;-7.7566497802734375e+02
2;119000000;-7.9919651283054702e+02;-7.9919268798828125e+02;-7.9919651283055168e+02;-7.9919653320312500e+02;-7.9919488525390625e+02;-7.9919651283055418e+02;-7.9919696044921875e+02
3;119000000;-1.9308404708830449e+03;-1.9308369140625000e+03;-1.9308404708830406e+03;-1.9308405761718750e+03;-1.9308378906250000e+03;-1.9308404708830437e+03;-1.9308400878906250e+03
4;119000000;-2.1416379286176998e+03;-2.1416394042968750e+03;-2.1416379286176921e+03;-2.1416379394531250e+03;-2.1416457519531250e+03;-2.1416379286176930e+03;-2.1416372070312500e+03
5;119000000;-2.9355407831089829e+03;-2.9355407714843750e+03;-2.9355407831089906e+03;-2.9355407714843750e+03;-2.9355466308593750e+03;-2.9355407831089906e+03;-2.9355390625000000e+03
6;119000000;-3.0293269424650789e+03;-3.0293342285156250e+03;-3.0293269424650825e+03;-3.0293269042968750e+03;-3.0293259277343750e+03;-3.0293269424650784e+03;-3.0293266601562500e+03
7;119000000;-2.9157599562217883e+03;-2.9157570800781250e+03;-2.9157599562217852e+03;-2.9157600097656250e+03;-2.9157595214843750e+03;-2.9157599562217838e+03;-2.9157587890625000e+03
8;119000000;-5.2089525976016921e+03;-5.2089458007812500e+03;-5.2089525976016939e+03;-5.2089526367187500e+03;-5.2089492187500000e+03;-5.2089525976017048e+03;-5.2089531250000000e+03
9;119000000;-6.1571971044419834e+03;-6.1571914062500000e+03;-6.1571971044419934e+03;-6.1571972656250000e+03;-6.1571928710937500e+03;-6.1571971044419961e+03;-6.1571982421875000e+03
0;121000000;7.7677436343213583e+02;7.7677520751953125e+02;7.7677436343212810e+02;7.7677441406250000e+02;7.7677484130859375e+02;7.7677436343213390e+02;7.7677502441406250e+02
1;121000000;-3.5014262886471681e+02;-3.5014413452148438e+02;-3.5014262886471278e+02;-3.5014260864257812e+02;-3.5014349365234375e+02;-3.5014262886471897e+02;-3.5014236450195312e+02
2;121000000;-5.1791303849223561e+02;-5.1791253662109375e+02;-5.1791303849224039e+02;-5.1791308593750000e+02;-5.1791479492187500e+02;-5.1791303849224187e+02;-5.1791406250000000e+02
3;121000000;-2.1987123930753869e+03;-2.1987167968750000e+03;-2.1987123930753974e+03;-2.1987124023437500e+03;-2.1987148437500000e+03;-2.1987123930753910e+03;-2.1987136230468750e+03
4;121000000;-1.9628992797819562e+03;-1.9629050292968750e+03;-1.9628992797819469e+03;-1.9628994140625000e+03;-1.9629045410156250e+03;-1.9628992797819428e+03;-1.9628986816406250e+03
5;121000000;-2.4708788064890946e+03;-2.4708730468750000e+03;-2.4708788064891073e+03;-2.4708789062500000e+03;-2.4708803710937500e+03;-2.4708788064891005e+03;-2.4708774414062500e+03
6;121000000;-3.2173723919844542e+03;-3.2173730468750000e+03;-3.2173723919844551e+03;-3.2173725585937500e+03;-3.2173737792968750e+03;-3.2173723919844615e+03;-3.2173715820312500e+03
7;121000000;-3.1940363130838946e+03;-3.1940378417968750e+03;-3.1940363130838946e+03;-3.1940363769531250e+03;-3.1940339355468750e+03;-3.1940363130838950e+03;-3.1940354003906250e+03
8;121000000;-5.1438443576467762e+03;-5.1438447265625000e+03;-5.1438443576467798e+03;-5.1438442382812500e+03;-5.1438505859375000e+03;-5.1438443576467889e+03;-5.1438447265625000e+03
9;121000000;-5.9416781704218220e+03;-5.9416733398437500e+03;-5.9416781704218129e+03;-5.9416782226562500e+03;-5.9416738281250000e+03;-5.9416781704218220e+03;-5.9416796875000000e+03
0;123000000;1.1386516503247501e+03;1.1386530761718750e+03;1.1386516503247474e+03;1.1386517333984375e+03;1.1386508789062500e+03;1.1386516503247547e+03;1.1386518554687500e+03
1;123000000;3.3050713120677597e+02;3.3050970458984375e+02;3.3050713120677494e+02;3.3050717163085938e+02;3.3051037597656250e+02;3.3050713120677256e+02;3.3050769042968750e+02
2;123000000;-8.0426017330532932e+02;-8.0425726318359375e+02;-8.0426017330532864e+02;-8.0426019287109375e+02;-8.0425878906250000e+02;-8.0426017330532704e+02;-8.0426043701171875e+02
3;123000000;-1.7625518652187079e+03;-1.7625489501953125e+03;-1.7625518652187070e+03;-1.7625520019531250e+03;-1.7625491943359375e+03;-1.7625518652187113e+03;-1.7625528564453125e+03
4;123000000;-1.6098216286248896e+03;-1.6098212890625000e+03;-1.6098216286248883e+03;-1.6098217773437500e+03;-1.6098228759765625e+03;-1.6098216286248853e+03;-1.6098210449218750e+03
5;123000000;-2.5137302248415808e+03;-2.5137326660156250e+03;-2.5137302248415867e+03;-2.5137302246093750e+03;-2.5137358398437500e+03;-2.5137302248415867e+03;-2.5137280273437500e+03
6;123000000;-3.1090023219400614e+03;-3.1090039062500000e+03;-3.1090023219400673e+03;-3.1090024414062500e+03;-3.1090014648437500e+03;-3.1090023219400719e+03;-3.1090004882812500e+03
7;123000000;-3.3670662843390637e+03;-3.3670622558593750e+03;-3.3670662843390742e+03;-3.3670664062500000e+03;-3.3670644531250000e+03;-3.3670662843390755e+03;-3.3670651855468750e+03
8;123000000;-4.6012492449716956e+03;-4.6012563476562500e+03;-4.6012492449716910e+03;-4.6012490234375000e+03;-4.6012539062500000e+03;-4.6012492449717029e+03;-4.6012509765625000e+03
9;123000000;-4.8922405482441736e+03;-4.8922397460937500e+03;-4.8922405482441764e+03;-4.8922407226562500e+03;-4.8922382812500000e+03;-4.8922405482441864e+03;-4.8922421875000000e+03
0;125000000;1.1014542826407319e+03;1.1014555664062500e+03;1.1014542826407387e+03;1.1014543457031250e+03;1.1014542236328125e+03;1.1014542826407423e+03;1.1014553222656250e+03
1;125000000;7.0368294361094797e+02;7.0368621826171875e+02;7.0368294361095138e+02;7.0368298339843750e+02;7.0368298339843750e+02;7.0368294361095400e+02;7.0368255615234375e+02
2;125000000;-1.3509117260494139e+02;-1.3509187316894531e+02;-1.3509117260494213e+02;-1.3509118652343750e+02;-1.3508888244628906e+02;-1.3509117260494713e+02;-1.3509130859375000e+02
3;125000000;-1.6428891964532884e+03;-1.6428842773437500e+03;-1.6428891964532877e+03;-1.6428892822265625e+03;-1.6428834228515625e+03;-1.6428891964532836e+03;-1.6428894042968750e+03
4;125000000;-1.7402655617596690e+03;-1.7402628173828125e+03;-1.7402655617596690e+03;-1.7402656250000000e+03;-1.7402644042968750e+03;-1.7402655617596693e+03;-1.7402658691406250e+03
5;125000000;-2.4046490096583821e+03;-2.4046557617187500e+03;-2.4046490096583871e+03;-2.4046491699218750e+03;-2.4046533203125000e+03;-2.4046490096583793e+03;-2.4046464843750000e+03
6;125000000;-2.9133309149894003e+03;-2.9133344726562500e+03;-2.9133309149893980e+03;-2.9133310546875000e+03;-2.9133315429687500e+03;-2.9133309149894076e+03;-2.9133300781250000e+03
7;125000000;-3.9711066650143289e+03;-3.9710969238281250e+03;-3.9711066650143275e+03;-3.9711066894531250e+03;-3.9711062011718750e+03;-3.9711066650143443e+03;-3.9711052246093750e+03
8;125000000;-5.0231029279637605e+03;-5.0231054687500000e+03;-5.0231029279637542e+03;-5.0231030273437500e+03;-5.0231035156250000e+03;-5.0231029279637678e+03;-5.0231035156250000e+03
9;125000000;-4.7853436504585206e+03;-4.7853417968750000e+03;-4.7853436504585288e+03;-4.7853437500000000e+03;-4.7853393554687500e+03;-4.7853436504585261e+03;-4.7853447265625000e+03
0;127000000;1.6490847035483873e+03;1.6490833740234375e+03;1.6490847035483910e+03;1.6490847167968750e+03;1.6490848388671875e+03;1.6490847035483882e+03;1.6490860595703125e+03
1;127000000;1.0015124956277489e+03;1.0015105590820312e+03;1.0015124956277527e+03;1.0015125122070312e+03;1.0015093994140625e+03;1.0015124956277559e+03;1.0015134277343750e+03
2;127000000;4.1050571789749830e+02;4.1050683593750000e+02;4.1050571789750177e+02;4.1050570678710938e+02;4.1050628662109375e+02;4.1050571789749665e+02;4.1050531005859375e+02
3;127000000;-1.7383016916893002e+03;-1.7383032226562500e+03;-1.7383016916893016e+03;-1.7383017578125000e+03;-1.7383028564453125e+03;-1.7383016916892980e+03;-1.7383017578125000e+03
4;127000000;-1.3700201205717451e+03;-1.3700212402343750e+03;-1.3700201205717472e+03;-1.3700202636718750e+03;-1.3700211181640625e+03;-1.3700201205717387e+03;-1.3700195312500000e+03
5;127000000;-2.1848059413351370e+03;-2.1848098144531250e+03;-2.1848059413351325e+03;-2.1848059082031250e+03;-2.1848149414062500e+03;-2.1848059413351357e+03;-2.1848046875000000e+03
6;127000000;-3.0120377064307090e+03;-3.0120402832031250e+03;-3.0120377064307090e+03;-3.0120378417968750e+03;-3.0120385742187500e+03;-3.0120377064307063e+03;-3.0120371093750000e+03
7;127000000;-3.4877026141504543e+03;-3.4877102050781250e+03;-3.4877026141504507e+03;-3.4877026367187500e+03;-3.4877033691406250e+03;-3.4877026141504530e+03;-3.4877019042968750e+03
8;127000000;-5.5225596669414072e+03;-5.5225522460937500e+03;-5.5225596669414062e+03;-5.5225595703125000e+03;-5.5225527343750000e+03;-5.5225596669414217e+03;-5.5225610351562500e+03
9;127000000;-4.3899205778828164e+03;-4.3899155273437500e+03;-4.3899205778828191e+03;-4.3899204101562500e+03;-4.3899169921875000e+03;-4.3899205778828182e+03;-4.3899218750000000e+03
0;129000000;1.3477988335353464e+03;1.3477988281250000e+03;1.3477988335353425e+03;1.3477989501953125e+03;1.3477991943359375e+03;1.3477988335353477e+03;1.3477998046875000e+03
1;129000000;1.0719882553049781e+03;1.0719858398437500e+03;1.0719882553049767e+03;1.0719882812500000e+03;1.0719844970703125e+03;1.0719882553049815e+03;1.0719892578125000e+03
2;129000000;5.3466277768651753e+02;5.3466198730468750e+02;5.3466277768651855e+02;5.3466278076171875e+02;5.3466265869140625e+02;5.3466277768651503e+02;5.3466247558593750e+02
3;129000000;-1.0623747089078515e+03;-1.0623770751953125e+03;-1.0623747089078529e+03;-1.0623747558593750e+03;-1.0623745117187500e+03;-1.0623747089078497e+03;-1.0623746337890625e+03
4;129000000;-1.2263725147815885e+03;-1.2263723144531250e+03;-1.2263725147815844e+03;-1.2263725585937500e+03;-1.2263720703125000e+03;-1.2263725147815826e+03;-1.2263715820312500e+03
5;129000000;-1.9966494912826238e+03;-1.9966564941406250e+03;-1.9966494912826233e+03;-1.9966495361328125e+03;-1.9966549072265625e+03;-1.9966494912826229e+03;-1.9966480712890625e+03
6;129000000;-2.5484616066891804e+03;-2.5484663085937500e+03;-2.5484616066891781e+03;-2.5484616699218750e+03;-2.5484624023437500e+03;-2.5484616066891790e+03;-2.5484604492187500e+03
7;129000000;-3.3300940185906129e+03;-3.3301015625000000e+03;-3.3300940185906156e+03;-3.3300939941406250e+03;-3.3301008300781250e+03;-3.3300940185906115e+03;-3.3300927734375000e+03
8;129000000;-5.6807515089941553e+03;-5.6807441406250000e+03;-5.6807515089941517e+03;-5.6807514648437500e+03;-5.6807485351562500e+03;-5.6807515089941708e+03;-5.6807514648437500e+03
9;129000000;-4.8911736571656793e+03;-4.8911738281250000e+03;-4.8911736571656793e+03;-4.8911738281250000e+03;-4.8911723632812500e+03;-4.8911736571656711e+03;-4.8911752929687500e+03
0;131000000;9.9598303766141680e+02;9.9598406982421875e+02;9.9598303766141987e+02;9.9598315429687500e+02;9.9598223876953125e+02;9.9598303766141998e+02;9.9598388671875000e+02
1;131000000;1.9067240250157774e+03;1.9067221679687500e+03;1.9067240250157824e+03;1.9067239990234375e+03;1.9067239990234375e+03;1.9067240250157809e+03;1.9067246093750000e+03
2;131000000;7.8148258996463574e+02;7.8147900390625000e+02;7.8148258996463949e+02;7.8148260498046875e+02;7.8148266601562500e+02;7.8148258996463392e+02;7.8148284912109375e+02
3;131000000;-6.2642950041536790e+02;-6.2642626953125000e+02;-6.2642950041536642e+02;-6.2642956542968750e+02;-6.2642846679687500e+02;-6.2642950041537324e+02;-6.2642932128906250e+02
4;131000000;-1.0570558084562711e+03;-1.0570599365234375e+03;-1.0570558084562724e+03;-1.0570559082031250e+03;-1.0570587158203125e+03;-1.0570558084562640e+03;-1.0570554199218750e+03
5;131000000;-1.8379766504627062e+03;-1.8379749755859375e+03;-1.8379766504627096e+03;-1.8379766845703125e+03;-1.8379776611328125e+03;-1.8379766504627014e+03;-1.8379753417968750e+03
6;131000000;-2.5705285624684416e+03;-2.5705241699218750e+03;-2.5705285624684457e+03;-2.5705285644531250e+03;-2.5705249023437500e+03;-2.5705285624684502e+03;-2.5705283203125000e+03
7;131000000;-3.6744572260706250e+03;-3.6744641113281250e+03;-3.6744572260706273e+03;-3.6744572753906250e+03;-3.6744609375000000e+03;-3.6744572260706259e+03;-3.6744550781250000e+03
8;131000000;-5.1808519311121563e+03;-5.1808569335937500e+03;-5.1808519311121572e+03;-5.1808520507812500e+03;-5.1808559570312500e+03;-5.1808519311121509e+03;-5.1808535156250000e+03
9;131000000;-5.7773572658920230e+03;-5.7773540039062500e+03;-5.7773572658920266e+03;-5.7773574218750000e+03;-5.7773510742187500e+03;-5.7773572658920239e+03;-5.7773579101562500e+03
0;133000000;8.4028688564529318e+02;8.4028601074218750e+02;8.4028688564529386e+02;8.4028698730468750e+02;8.4028491210937500e+02;8.4028688564529944e+02;8.4028747558593750e+02
1;133000000;1.0670948971210510e+03;1.0670902099609375e+03;1.0670948971210569e+03;1.0670949707031250e+03;1.0670899658203125e+03;1.0670948971210585e+03;1.0670954589843750e+03
2;133000000;1.1103205768815915e+03;1.1103233642578125e+03;1.1103205768815903e+03;1.1103205566406250e+03;1.1103192138671875e+03;1.1103205768815917e+03;1.1103212890625000e+03
3;133000000;-2.7622930859435900e+02;-2.7623010253906250e+02;-2.7622930859436588e+02;-2.7622937011718750e+02;-2.7622866821289062e+02;-2.7622930859436087e+02;-2.7622863769531250e+02
4;133000000;-5.0980391245514113e+02;-5.0980633544921875e+02;-5.0980391245513709e+02;-5.0980398559570312e+02;-5.0980661010742188e+02;-5.0980391245513476e+02;-5.0980328369140625e+02
5;133000000;-1.8929603999184517e+03;-1.8929573974609375e+03;-1.8929603999184542e+03;-1.8929604492187500e+03;-1.8929588623046875e+03;-1.8929603999184480e+03;-1.8929584960937500e+03
6;133000000;-2.2320688752208348e+03;-2.2320659179687500e+03;-2.2320688752208384e+03;-2.2320688476562500e+03;-2.2320610351562500e+03;-2.2320688752208293e+03;-2.2320683593750000e+03
7;133000000;-2.8235091951872764e+03;-2.8235114746093750e+03;-2.8235091951872823e+03;-2.8235092773437500e+03;-2.8235112304687500e+03;-2.8235091951872773e+03;-2.8235083007812500e+03
8;133000000;-5.2045876784710108e+03;-5.2045883789062500e+03;-5.2045876784710199e+03;-5.2045878906250000e+03;-5.2045883789062500e+03;-5.2045876784709999e+03;-5.2045878906250000e+03
9;133000000;-5.6668485612771919e+03;-5.6668452148437500e+03;-5.6668485612771919e+03;-5.6668486328125000e+03;-5.6668393554687500e+03;-5.6668485612771910e+03;-5.6668500976562500e+03
0;135000000;2.2053616331360746e+02;2.2053642272949219e+02;2.2053616331360200e+02;2.2053625488281250e+02;2.2053877258300781e+02;2.2053616331360558e+02;2.2053796386718750e+02
1;135000000;7.1427601048647819e+02;7.1427148437500000e+02;7.1427601048648228e+02;7.1427606201171875e+02;7.1427484130859375e+02;7.1427601048648705e+02;7.1427648925781250e+02
2;135000000;1.6618860519254192e+03;1.6618901367187500e+03;1.6618860519254197e+03;1.6618861083984375e+03;1.6618851318359375e+03;1.6618860519254220e+03;1.6618859863281250e+03
3;135000000;-3.9441287587466206e+02;-3.9441534423828125e+02;-3.9441287587466456e+02;-3.9441293334960938e+02;-3.9441302490234375e+02;-3.9441287587466184e+02;-3.9441143798828125e+02
4;135000000;-2.4242176944943537e+02;-2.4242327880859375e+02;-2.4242176944943867e+02;-2.4242182922363281e+02;-2.4242453002929688e+02;-2.4242176944942707e+02;-2.4242047119140625e+02
5;135000000;-1.6274602011001552e+03;-1.6274588623046875e+03;-1.6274602011001621e+03;-1.6274602050781250e+03;-1.6274555664062500e+03;-1.6274602011001678e+03;-1.6274584960937500e+03
6;135000000;-2.1178189357001411e+03;-2.1178198242187500e+03;-2.1178189357001384e+03;-2.1178190917968750e+03;-2.1178188476562500e+03;-2.1178189357001424e+03;-2.1178183593750000e+03
7;135000000;-3.3754138372937114e+03;-3.3754128417968750e+03;-3.3754138372937041e+03;-3.3754138183593750e+03;-3.3754130859375000e+03;-3.3754138372937055e+03;-3.3754116210937500e+03
8;135000000;-5.5271465877447736e+03;-5.5271508789062500e+03;-5.5271465877447745e+03;-5.5271464843750000e+03;-5.5271528320312500e+03;-5.5271465877447545e+03;-5.5271469726562500e+03
9;135000000;-4.9322099806431488e+03;-4.9322128906250000e+03;-4.9322099806431479e+03;-4.9322099609375000e+03;-4.9322084960937500e+03;-4.9322099806431434e+03;-4.9322114257812500e+03
0;137000000;3.6947041298236752e+02;3.6947244262695312e+02;3.6947041298236473e+02;3.6947048950195312e+02;3.6947439575195312e+02;3.6947041298236104e+02;3.6947161865234375e+02
1;137000000;4.1924147698862998e+02;4.1924185180664062e+02;4.1924147698862197e+02;4.1924154663085938e+02;4.1923809814453125e+02;4.1924147698863283e+02;4.1924176025390625e+02
2;137000000;9.6025757297824407e+02;9.6025793457031250e+02;9.6025757297824634e+02;9.6025762939453125e+02;9.6025744628906250e+02;9.6025757297825044e+02;9.6025793457031250e+02
3;137000000;3.2304488228223966e+02;3.2304397583007812e+02;3.2304488228223761e+02;3.2304479980468750e+02;3.2304162597656250e+02;3.2304488228224045e+02;3.2304632568359375e+02
4;137000000;-1.1421047601345393e+01;-1.1422208786010742e+01;-1.1421047601355646e+01;-1.1421115875244141e+01;-1.1420837402343750e+01;-1.1421047601344014e+01;-1.1420471191406250e+01
5;137000000;-1.1957401725898665e+03;-1.1957410888671875e+03;-1.1957401725898628e+03;-1.1957402343750000e+03;-1.1957404785156250e+03;-1.1957401725898685e+03;-1.1957382812500000e+03
6;137000000;-2.2271843922090879e+03;-2.2271877441406250e+03;-2.2271843922090925e+03;-2.2271845703125000e+03;-2.2271857910156250e+03;-2.2271843922090966e+03;-2.2271840820312500e+03
7;137000000;-2.9038219261745862e+03;-2.9038256835937500e+03;-2.9038219261745885e+03;-2.9038220214843750e+03;-2.9038256835937500e+03;-2.9038219261745844e+03;-2.9038198242187500e+03
8;137000000;-4.8378040895594995e+03;-4.8378066406250000e+03;-4.8378040895594977e+03;-4.8378041992187500e+03;-4.8378056640625000e+03;-4.8378040895594895e+03;-4.8378041992187500e+03
9;137000000;-5.2225993577793197e+03;-5.2226035156250000e+03;-5.2225993577793233e+03;-5.2225996093750000e+03;-5.2226044921875000e+03;-5.2225993577793188e+03;-5.2225996093750000e+03
0;139000000;1.0916711767930051e+03;1.0916741943359375e+03;1.0916711767930149e+03;1.0916712646484375e+03;1.0916735839843750e+03;1.0916711767930085e+03;1.0916733398437500e+03
1;139000000;5.9052457479501328e+01;5.9051628112792969e+01;5.9052457479502181e+01;5.9052524566650391e+01;5.9048587799072266e+01;5.9052457479508575e+01;5.9053710937500000e+01
2;139000000;6.6728060602847540e+02;6.6728045654296875e+02;6.6728060602847461e+02;6.6728063964843750e+02;6.6728027343750000e+02;6.6728060602847449e+02;6.6728112792968750e+02
3;139000000;5.6485536006441498e+02;5.6485583496093750e+02;5.6485536006441691e+02;5.6485528564453125e+02;5.6485504150390625e+02;5.6485536006441316e+02;5.6485656738281250e+02
4;139000000;9.9042309837656788e+00;9.9042053222656250e+00;9.9042309837655083e+00;9.9041805267333984e+00;9.9031181335449219e+00;9.9042309837637958e+00;9.9044799804687500e+00
5;139000000;-9.8557621322212219e+02;-9.8557586669921875e+02;-9.8557621322212469e+02;-9.8557623291015625e+02;-9.8557867431640625e+02;-9.8557621322212617e+02;-9.8557385253906250e+02
6;139000000;-2.1521045344324530e+03;-2.1521044921875000e+03;-2.1521045344324471e+03;-2.1521044921875000e+03;-2.1521042480468750e+03;-2.1521045344324612e+03;-2.1521040039062500e+03
7;139000000;-2.8481819049308251e+03;-2.8481791992187500e+03;-2.8481819049308206e+03;-2.8481818847656250e+03;-2.8481755371093750e+03;-2.8481819049308269e+03;-2.8481801757812500e+03
8;139000000;-5.1171506015862460e+03;-5.1171430664062500e+03;-5.1171506015862524e+03;-5.1171503906250000e+03;-5.1171381835937500e+03;-5.1171506015862615e+03;-5.1171513671875000e+03
9;139000000;-5.1372352449361197e+03;-5.1372290039062500e+03;-5.1372352449361179e+03;-5.1372353515625000e+03;-5.1372294921875000e+03;-5.1372352449361370e+03;-5.1372363281250000e+03
0;141000000;-1.1581536314560476e+02;-1.1581253051757812e+02;-1.1581536314560790e+02;-1.1581529235839844e+02;-1.1581037902832031e+02;-1.1581536314560390e+02;-1.1581317138671875e+02
1;141000000;2.4151868695567057e+02;2.4151835632324219e+02;2.4151868695566478e+02;2.4151875305175781e+02;2.4151901245117188e+02;2.4151868695566395e+02;2.4151843261718750e+02
2;141000000;6.2919615343626265e+02;6.2919586181640625e+02;6.2919615343626083e+02;6.2919616699218750e+02;6.2919476318359375e+02;6.2919615343626037e+02;6.2919555664062500e+02
3;141000000;-1.7487803087933648e+02;-1.7487835693359375e+02;-1.7487803087933577e+02;-1.7487803649902344e+02;-1.7488087463378906e+02;-1.7487803087933253e+02;-1.7487768554687500e+02
4;141000000;7.6284776619370018e+02;7.6284545898437500e+02;7.6284776619369472e+02;7.6284771728515625e+02;7.6284948730468750e+02;7.6284776619370268e+02;7.6284887695312500e+02
5;141000000;-4.3512228388447937e+02;-4.3512094116210938e+02;-4.3512228388447033e+02;-4.3512231445312500e+02;-4.3512310791015625e+02;-4.3512228388447727e+02;-4.3512060546875000e+02
6;141000000;-1.5371294388002150e+03;-1.5371296386718750e+03;-1.5371294388002186e+03;-1.5371295166015625e+03;-1.5371309814453125e+03;-1.5371294388002170e+03;-1.5371284179687500e+03
7;141000000;-2.8337732625223834e+03;-2.8337744140625000e+03;-2.8337732625223816e+03;-2.8337731933593750e+03;-2.8337722167968750e+03;-2.8337732625223839e+03;-2.8337709960937500e+03
8;141000000;-4.7689887398079791e+03;-4.7689809570312500e+03;-4.7689887398079773e+03;-4.7689887695312500e+03;-4.7689833984375000e+03;-4.7689887398079791e+03;-4.7689892578125000e+03
9;141000000;-4.7931402578880488e+03;-4.7931347656250000e+03;-4.7931402578880488e+03;-4.7931401367187500e+03;-4.7931381835937500e+03;-4.7931402578880570e+03;-4.7931396484375000e+03
0;143000000;-8.7088630393361234e+02;-8.7088360595703125e+02;-8.7088630393360461e+02;-8.7088623046875000e+02;-8.7088653564453125e+02;-8.7088630393360870e+02;-8.7088452148437500e+02
1;143000000;8.1901633500173739e+02;8.1901745605468750e+02;8.1901633500173648e+02;8.1901641845703125e+02;8.1901708984375000e+02;8.1901633500173352e+02;8.1901721191406250e+02
2;143000000;7.8614209163836392e+01;7.8608688354492188e+01;7.8614209163840144e+01;7.8614250183105469e+01;7.8613075256347656e+01;7.8614209163834857e+01;7.8614501953125000e+01
3;143000000;-2.8208694998647900e+02;-2.8209158325195312e+02;-2.8208694998647258e+02;-2.8208697509765625e+02;-2.8208728027343750e+02;-2.8208694998646592e+02;-2.8208624267578125e+02
4;143000000;6.7512149135170694e+02;6.7512158203125000e+02;6.7512149135170534e+02;6.7512145996093750e+02;6.7512249755859375e+02;6.7512149135170830e+02;6.7512219238281250e+02
5;143000000;-5.1009783635267479e+02;-5.1009924316406250e+02;-5.1009783635267701e+02;-5.1009786987304688e+02;-5.1009844970703125e+02;-5.1009783635267513e+02;-5.1009527587890625e+02
6;143000000;-1.3141180367522988e+03;-1.3141203613281250e+03;-1.3141180367522966e+03;-1.3141180419921875e+03;-1.3141218261718750e+03;-1.3141180367522952e+03;-1.3141170654296875e+03
7;143000000;-2.5926182379346942e+03;-2.5926186523437500e+03;-2.5926182379346951e+03;-2.5926181640625000e+03;-2.5926174316406250e+03;-2.5926182379346978e+03;-2.5926171875000000e+03
8;143000000;-4.6553700315156520e+03;-4.6553720703125000e+03;-4.6553700315156511e+03;-4.6553701171875000e+03;-4.6553647460937500e+03;-4.6553700315156329e+03;-4.6553696289062500e+03
9;143000000;-5.0499260801878600e+03;-5.0499287109375000e+03;-5.0499260801878554e+03;-5.0499262695312500e+03;-5.0499248046875000e+03;-5.0499260801878590e+03;-5.0499257812500000e+03
0;145000000;-5.3298975925625120e+02;-5.3299426269531250e+02;-5.3298975925625541e+02;-5.3298968505859375e+02;-5.3299609375000000e+02;-5.3298975925626087e+02;-5.3298815917968750e+02
1;145000000;-4.5668318933988439e+02;-4.5668212890625000e+02;-4.5668318933988479e+02;-4.5668313598632812e+02;-4.5667984008789062e+02;-4.5668318933988246e+02;-4.5668209838867188e+02
2;145000000;3.9630810740520417e+02;3.9630999755859375e+02;3.9630810740519939e+02;3.9630813598632812e+02;3.9630618286132812e+02;3.9630810740519632e+02;3.9630871582031250e+02
3;145000000;-6.4573243300549768e+02;-6.4573291015625000e+02;-6.4573243300549029e+02;-6.4573248291015625e+02;-6.4573339843750000e+02;-6.4573243300549439e+02;-6.4573156738281250e+02
4;145000000;2.3805080480756760e+02;2.3804940795898438e+02;2.3805080480756931e+02;2.3805079650878906e+02;2.3805073547363281e+02;2.3805080480756965e+02;2.3805261230468750e+02
5;145000000;4.2010177427155088e+02;4.2010348510742188e+02;4.2010177427154440e+02;4.2010174560546875e+02;4.2010186767578125e+02;4.2010177427154304e+02;4.2010357666015625e+02
6;145000000;-6.9689553320471146e+02;-6.9689953613281250e+02;-6.9689553320470486e+02;-6.9689556884765625e+02;-6.9689782714843750e+02;-6.9689553320470895e+02;-6.9689373779296875e+02
7;145000000;-1.9418191731164986e+03;-1.9418179931640625e+03;-1.9418191731164989e+03;-1.9418192138671875e+03;-1.9418181152343750e+03;-1.9418191731164984e+03;-1.9418168945312500e+03
8;145000000;-4.6431755827710776e+03;-4.6431791992187500e+03;-4.6431755827710704e+03;-4.6431757812500000e+03;-4.6431762695312500e+03;-4.6431755827710722e+03;-4.6431757812500000e+03
9;145000000;-4.6687289851267760e+03;-4.6687241210937500e+03;-4.6687289851267842e+03;-4.6687290039062500e+03;-4.6687304687500000e+03;-4.6687289851267751e+03;-4.6687299804687500e+03
0;147000000;-9.4617171954430796e+02;-9.4617407226562500e+02;-9.4617171954431024e+02;-9.4617163085937500e+02;-9.4617059326171875e+02;-9.4617171954431365e+02;-9.4617028808593750e+02
1;147000000;-1.2216494742087336e+03;-1.2216447753906250e+03;-1.2216494742087311e+03;-1.2216494140625000e+03;-1.2216452636718750e+03;-1.2216494742087284e+03;-1.2216486816406250e+03
2;147000000;9.2846582210757776e+02;9.2846514892578125e+02;9.2846582210758459e+02;9.2846582031250000e+02;9.2846771240234375e+02;9.2846582210757674e+02;9.2846557617187500e+02
3;147000000;-9.0172491584014870e+02;-9.0172814941406250e+02;-9.0172491584015188e+02;-9.0172491455078125e+02;-9.0172662353515625e+02;-9.0172491584015052e+02;-9.0172332763671875e+02
4;147000000;1.6865585691740617e+02;1.6865603637695312e+02;1.6865585691741376e+02;1.6865582275390625e+02;1.6865855407714844e+02;1.6865585691741808e+02;1.6865734863281250e+02
5;147000000;1.3535683449666988e+02;1.3535485839843750e+02;1.3535683449667047e+02;1.3535682678222656e+02;1.3535818481445312e+02;1.3535683449666362e+02;1.3535998535156250e+02
6;147000000;-6.5669493769575638e+02;-6.5669409179687500e+02;-6.5669493769575365e+02;-6.5669494628906250e+02;-6.5669708251953125e+02;-6.5669493769574501e+02;-6.5669281005859375e+02
7;147000000;-1.7138622578114889e+03;-1.7138576660156250e+03;-1.7138622578114926e+03;-1.7138623046875000e+03;-1.7138564453125000e+03;-1.7138622578114878e+03;-1.7138597412109375e+03
8;147000000;-4.3238993574798997e+03;-4.3238999023437500e+03;-4.3238993574798897e+03;-4.3238994140625000e+03;-4.3239038085937500e+03;-4.3238993574799169e+03;-4.3238994140625000e+03
9;147000000;-4.4911635605232777e+03;-4.4911665039062500e+03;-4.4911635605232868e+03;-4.4911635742187500e+03;-4.4911684570312500e+03;-4.4911635605232923e+03;-4.4911645507812500e+03
0;149000000;-1.1326605194146391e+03;-1.1326635742187500e+03;-1.1326605194146441e+03;-1.1326604003906250e+03;-1.1326596679687500e+03;-1.1326605194146405e+03;-1.1326579589843750e+03
1;149000000;-5.5734646200332384e+02;-5.5734704589843750e+02;-5.5734646200332634e+02;-5.5734637451171875e+02;-5.5734661865234375e+02;-5.5734646200331997e+02;-5.5734533691406250e+02
2;149000000;-4.7096407433476747e+02;-4.7096301269531250e+02;-4.7096407433476566e+02;-4.7096405029296875e+02;-4.7096356201171875e+02;-4.7096407433476338e+02;-4.7096307373046875e+02
3;149000000;-4.9726319818977680e+02;-4.9726712036132812e+02;-4.9726319818977925e+02;-4.9726321411132812e+02;-4.9726452636718750e+02;-4.9726319818977527e+02;-4.9726184082031250e+02
4;149000000;-2.5181361283137940e+02;-2.5181716918945312e+02;-2.5181361283138153e+02;-2.5181364440917969e+02;-2.5181756591796875e+02;-2.5181361283138227e+02;-2.5181225585937500e+02
5;149000000;-3.1197659277468307e+02;-3.1197555541992188e+02;-3.1197659277468011e+02;-3.1197656250000000e+02;-3.1197512817382812e+02;-3.1197659277468995e+02;-3.1197344970703125e+02
6;149000000;1.6210075607803270e+02;1.6210327148437500e+02;1.6210075607802804e+02;1.6210072326660156e+02;1.6210273742675781e+02;1.6210075607802310e+02;1.6210211181640625e+02
7;149000000;-1.0983939535507020e+03;-1.0983959960937500e+03;-1.0983939535507043e+03;-1.0983939208984375e+03;-1.0983942871093750e+03;-1.0983939535507050e+03;-1.0983918457031250e+03
8;149000000;-3.6490495203539735e+03;-3.6490520019531250e+03;-3.6490495203539749e+03;-3.6490495605468750e+03;-3.6490532226562500e+03;-3.6490495203539776e+03;-3.6490493164062500e+03
9;149000000;-4.4942415057259186e+03;-4.4942426757812500e+03;-4.4942415057259204e+03;-4.4942416992187500e+03;-4.4942407226562500e+03;-4.4942415057259341e+03;-4.4942421875000000e+03
0;151000000;-3.2296486482862241e+02;-3.2296606445312500e+02;-3.2296486482862815e+02;-3.2296478271484375e+02;-3.2296826171875000e+02;-3.2296486482862235e+02;-3.2296289062500000e+02
1;151000000;-9.8760951879246875e+02;-9.8761218261718750e+02;-9.8760951879246670e+02;-9.8760943603515625e+02;-9.8761279296875000e+02;-9.8760951879246568e+02;-9.8760943603515625e+02
2;151000000;-1.1189299376591787e+03;-1.1189309082031250e+03;-1.1189299376591823e+03;-1.1189299316406250e+03;-1.1189276123046875e+03;-1.1189299376591816e+03;-1.1189287109375000e+03
3;151000000;-2.3833698136882316e+02;-2.3833982849121094e+02;-2.3833698136882447e+02;-2.3833702087402344e+02;-2.3833966064453125e+02;-2.3833698136882253e+02;-2.3833489990234375e+02
4;151000000;-4.8216223287344440e+02;-4.8216629028320312e+02;-4.8216223287344388e+02;-4.8216226196289062e+02;-4.8216763305664062e+02;-4.8216223287344519e+02;-4.8216143798828125e+02
5;151000000;-3.0628913150818175e+02;-3.0628839111328125e+02;-3.0628913150817374e+02;-3.0628915405273438e+02;-3.0628668212890625e+02;-3.0628913150818153e+02;-3.0628680419921875e+02
6;151000000;-3.0612870116861828e+01;-3.0615028381347656e+01;-3.0612870116865906e+01;-3.0612878799438477e+01;-3.0615459442138672e+01;-3.0612870116869544e+01;-3.0610900878906250e+01
7;151000000;-1.1805929384654769e+03;-1.1805943603515625e+03;-1.1805929384654837e+03;-1.1805930175781250e+03;-1.1805917968750000e+03;-1.1805929384654878e+03;-1.1805905761718750e+03
8;151000000;-3.3176009739711421e+03;-3.3176035156250000e+03;-3.3176009739711453e+03;-3.3176010742187500e+03;-3.3176052246093750e+03;-3.3176009739711517e+03;-3.3176015625000000e+03
9;151000000;-4.1130828583086050e+03;-4.1130791015625000e+03;-4.1130828583086040e+03;-4.1130830078125000e+03;-4.1130800781250000e+03;-4.1130828583086013e+03;-4.1130834960937500e+03
0;153000000;9.9892168191694680e+01;9.9896102905273438e+01;9.9892168191697294e+01;9.9892250061035156e+01;9.9894653320312500e+01;9.9892168191696328e+01;9.9893920898437500e+01
1;153000000;-1.3209995222397672e+03;-1.3210068359375000e+03;-1.3209995222397622e+03;-1.3209995117187500e+03;-1.3210015869140625e+03;-1.3209995222397665e+03;-1.3209980468750000e+03
2;153000000;-9.4536337610140970e+02;-9.4536651611328125e+02;-9.4536337610141175e+02;-9.4536334228515625e+02;-9.4536474609375000e+02;-9.4536337610141686e+02;-9.4536273193359375e+02
3;153000000;-1.9061646609518884e+03;-1.9061650390625000e+03;-1.9061646609518884e+03;-1.9061646728515625e+03;-1.9061583251953125e+03;-1.9061646609518809e+03;-1.9061627197265625e+03
4;153000000;1.0338129546842083e+02;1.0338012695312500e+02;1.0338129546842580e+02;1.0338125610351562e+02;1.0338337707519531e+02;1.0338129546843379e+02;1.0338305664062500e+02
5;153000000;-8.6381318895473896e+02;-8.6381396484375000e+02;-8.6381318895473362e+02;-8.6381317138671875e+02;-8.6381439208984375e+02;-8.6381318895474328e+02;-8.6381127929687500e+02
6;153000000;-5.6305456036577766e+02;-5.6305670166015625e+02;-5.6305456036577266e+02;-5.6305456542968750e+02;-5.6305578613281250e+02;-5.6305456036577584e+02;-5.6305297851562500e+02
7;153000000;-2.8562983683796108e+02;-2.8563092041015625e+02;-2.8562983683796216e+02;-2.8562985229492188e+02;-2.8563287353515625e+02;-2.8562983683796392e+02;-2.8562634277343750e+02
8;153000000;-2.7382050659591364e+03;-2.7382036132812500e+03;-2.7382050659591314e+03;-2.7382050781250000e+03;-2.7382036132812500e+03;-2.7382050659591350e+03;-2.7382060546875000e+03
9;153000000;-3.6132896309619841e+03;-3.6132897949218750e+03;-3.6132896309619905e+03;-3.6132895507812500e+03;-3.6132822265625000e+03;-3.6132896309619946e+03;-3.6132902832031250e+03
0;155000000;-2.6968711435970056e+02;-2.6968560791015625e+02;-2.6968711435970624e+02;-2.6968704223632812e+02;-2.6968615722656250e+02;-2.6968711435970704e+02;-2.6968542480468750e+02
1;155000000;-5.9034165809933836e+02;-5.9034381103515625e+02;-5.9034165809933847e+02;-5.9034161376953125e+02;-5.9034509277343750e+02;-5.9034165809934120e+02;-5.9034069824218750e+02
2;155000000;-1.1846804390402308e+03;-1.1846798095703125e+03;-1.1846804390402265e+03;-1.1846804199218750e+03;-1.1846793212890625e+03;-1.1846804390402349e+03;-1.1846784667968750e+03
3;155000000;-1.9860652562177784e+03;-1.9860643310546875e+03;-1.9860652562177818e+03;-1.9860653076171875e+03;-1.9860618896484375e+03;-1.9860652562177715e+03;-1.9860644531250000e+03
4;155000000;5.5722103379518302e+01;5.5723278045654297e+01;5.5722103379522736e+01;5.5722064971923828e+01;5.5722728729248047e+01;5.5722103379530949e+01;5.5723999023437500e+01
5;155000000;-9.7730087323466796e+02;-9.7729998779296875e+02;-9.7730087323466341e+02;-9.7730084228515625e+02;-9.7730328369140625e+02;-9.7730087323466330e+02;-9.7729833984375000e+02
6;155000000;-4.1036595119412436e+02;-4.1036535644531250e+02;-4.1036595119412561e+02;-4.1036593627929688e+02;-4.1036541748046875e+02;-4.1036595119413096e+02;-4.1036315917968750e+02
7;155000000;-6.8654612873494648e+02;-6.8654632568359375e+02;-6.8654612873493932e+02;-6.8654614257812500e+02;-6.8654492187500000e+02;-6.8654612873494057e+02;-6.8654223632812500e+02
8;155000000;-3.0012596298180929e+03;-3.0012573242187500e+03;-3.0012596298181020e+03;-3.0012595214843750e+03;-3.0012617187500000e+03;-3.0012596298180952e+03;-3.0012583007812500e+03
9;155000000;-3.2805856088583191e+03;-3.2805864257812500e+03;-3.2805856088583223e+03;-3.2805856933593750e+03;-3.2805800781250000e+03;-3.2805856088583264e+03;-3.2805861816406250e+03
0;157000000;-1.1179464838841845e+03;-1.1179448242187500e+03;-1.1179464838841791e+03;-1.1179464111328125e+03;-1.1179459228515625e+03;-1.1179464838841795e+03;-1.1179451904296875e+03
1;157000000;-1.3908602154281542e+02;-1.3908877563476562e+02;-1.3908602154281527e+02;-1.3908595275878906e+02;-1.3908941650390625e+02;-1.3908602154281539e+02;-1.3908502197265625e+02
2;157000000;-1.1964636345179383e+03;-1.1964632568359375e+03;-1.1964636345179399e+03;-1.1964636230468750e+03;-1.1964647216796875e+03;-1.1964636345179397e+03;-1.1964621582031250e+03
3;157000000;-1.8476792749119766e+03;-1.8476749267578125e+03;-1.8476792749119691e+03;-1.8476793212890625e+03;-1.8476779785156250e+03;-1.8476792749119691e+03;-1.8476781005859375e+03
4;157000000;-1.7033286018633237e+03;-1.7033247070312500e+03;-1.7033286018633250e+03;-1.7033286132812500e+03;-1.7033247070312500e+03;-1.7033286018633246e+03;-1.7033278808593750e+03
5;157000000;-4.7088208780264864e+02;-4.7088619995117188e+02;-4.7088208780264699e+02;-4.7088208007812500e+02;-4.7088244628906250e+02;-4.7088208780264563e+02;-4.7087878417968750e+02
6;157000000;-1.3270582636573311e+03;-1.3270539550781250e+03;-1.3270582636573281e+03;-1.3270582275390625e+03;-1.3270579833984375e+03;-1.3270582636573240e+03;-1.3270555419921875e+03
7;157000000;-1.1444760003809979e+03;-1.1444763183593750e+03;-1.1444760003810015e+03;-1.1444759521484375e+03;-1.1444780273437500e+03;-1.1444760003809961e+03;-1.1444730224609375e+03
8;157000000;-2.3456078498472007e+03;-2.3456127929687500e+03;-2.3456078498471998e+03;-2.3456079101562500e+03;-2.3456115722656250e+03;-2.3456078498472048e+03;-2.3456074218750000e+03
9;157000000;-2.9227569996411257e+03;-2.9227592773437500e+03;-2.9227569996411221e+03;-2.9227570800781250e+03;-2.9227644042968750e+03;-2.9227569996411216e+03;-2.9227565917968750e+03
0;159000000;-1.1560228022948800e+03;-1.1560233154296875e+03;-1.1560228022948738e+03;-1.1560227050781250e+03;-1.1560233154296875e+03;-1.1560228022948745e+03;-1.1560212402343750e+03
1;159000000;-7.3442982284407947e+02;-7.3442974853515625e+02;-7.3442982284407015e+02;-7.3442974853515625e+02;-7.3442749023437500e+02;-7.3442982284407503e+02;-7.3442864990234375e+02
2;159000000;-6.2217577981997249e+02;-6.2217578125000000e+02;-6.2217577981997101e+02;-6.2217572021484375e+02;-6.2217712402343750e+02;-6.2217577981997033e+02;-6.2217480468750000e+02
3;159000000;-2.3163014786641129e+03;-2.3162941894531250e+03;-2.3163014786641124e+03;-2.3163015136718750e+03;-2.3162966308593750e+03;-2.3163014786641102e+03;-2.3162998046875000e+03
4;159000000;-1.6207573685899254e+03;-1.6207574462890625e+03;-1.6207573685899249e+03;-1.6207574462890625e+03;-1.6207587890625000e+03;-1.6207573685899310e+03;-1.6207556152343750e+03
5;159000000;-8.6487923928819669e+02;-8.6488287353515625e+02;-8.6487923928818998e+02;-8.6487927246093750e+02;-8.6488293457031250e+02;-8.6487923928819146e+02;-8.6487579345703125e+02
6;159000000;-1.1486693086207317e+03;-1.1486713867187500e+03;-1.1486693086207351e+03;-1.1486693115234375e+03;-1.1486734619140625e+03;-1.1486693086207365e+03;-1.1486678466796875e+03
7;159000000;-1.4058966074718694e+03;-1.4058977050781250e+03;-1.4058966074718714e+03;-1.4058966064453125e+03;-1.4058990478515625e+03;-1.4058966074718721e+03;-1.4058931884765625e+03
8;159000000;-2.7164863507709533e+03;-2.7164926757812500e+03;-2.7164863507709460e+03;-2.7164863281250000e+03;-2.7164916992187500e+03;-2.7164863507709570e+03;-2.7164848632812500e+03
9;159000000;-2.6860458350040021e+03;-2.6860471191406250e+03;-2.6860458350040039e+03;-2.6860458984375000e+03;-2.6860495605468750e+03;-2.6860458350039967e+03;-2.6860468750000000e+03
0;161000000;-6.3396037685479996e+02;-6.3396118164062500e+02;-6.3396037685480451e+02;-6.3396026611328125e+02;-6.3396490478515625e+02;-6.3396037685480610e+02;-6.3395874023437500e+02
1;161000000;-1.1898435077826889e+03;-1.1898406982421875e+03;-1.1898435077826907e+03;-1.1898435058593750e+03;-1.1898414306640625e+03;-1.1898435077826805e+03;-1.1898430175781250e+03
2;161000000;1.3146603911358841e+02;1.3146585083007812e+02;1.3146603911359011e+02;1.3146606445312500e+02;1.3146743774414062e+02;1.3146603911358557e+02;1.3146752929687500e+02
3;161000000;-2.0799659915533571e+03;-2.0799680175781250e+03;-2.0799659915533448e+03;-2.0799660644531250e+03;-2.0799665527343750e+03;-2.0799659915533553e+03;-2.0799653320312500e+03
4;161000000;-1.4543087969940623e+03;-1.4543095703125000e+03;-1.4543087969940605e+03;-1.4543088378906250e+03;-1.4543105468750000e+03;-1.4543087969940711e+03;-1.4543072509765625e+03
5;161000000;-2.3983493996193233e+03;-2.3983554687500000e+03;-2.3983493996193261e+03;-2.3983493652343750e+03;-2.3983554687500000e+03;-2.3983493996193329e+03;-2.3983461914062500e+03
6;161000000;-8.3662975394852140e+02;-8.3663354492187500e+02;-8.3662975394851730e+02;-8.3662976074218750e+02;-8.3663201904296875e+02;-8.3662975394852174e+02;-8.3662707519531250e+02
7;161000000;-1.8505546157280494e+03;-1.8505563964843750e+03;-1.8505546157280519e+03;-1.8505545654296875e+03;-1.8505577392578125e+03;-1.8505546157280553e+03;-1.8505505371093750e+03
8;161000000;-3.1445884349568341e+03;-3.1445905761718750e+03;-3.1445884349568300e+03;-3.1445883789062500e+03;-3.1445856933593750e+03;-3.1445884349568296e+03;-3.1445874023437500e+03
9;161000000;-1.8481159588386322e+03;-1.8481105957031250e+03;-1.8481159588386313e+03;-1.8481159667968750e+03;-1.8481115722656250e+03;-1.8481159588386372e+03;-1.8481158447265625e+03
0;163000000;-4.8977343134433562e+02;-4.8977178955078125e+02;-4.8977343134433386e+02;-4.8977334594726562e+02;-4.8977310180664062e+02;-4.8977343134434307e+02;-4.8977185058593750e+02
1;163000000;-1.1882713827905648e+03;-1.1882678222656250e+03;-1.1882713827905643e+03;-1.1882713623046875e+03;-1.1882720947265625e+03;-1.1882713827905577e+03;-1.1882716064453125e+03
2;163000000;-7.1698888017356160e+02;-7.1699066162109375e+02;-7.1698888017356103e+02;-7.1698883056640625e+02;-7.1699554443359375e+02;-7.1698888017356057e+02;-7.1698742675781250e+02
3;163000000;-1.8236608484982587e+03;-1.8236622314453125e+03;-1.8236608484982623e+03;-1.8236608886718750e+03;-1.8236628417968750e+03;-1.8236608484982669e+03;-1.8236580810546875e+03
4;163000000;-2.0126581852802019e+03;-2.0126583251953125e+03;-2.0126581852802024e+03;-2.0126582031250000e+03;-2.0126585693359375e+03;-2.0126581852802142e+03;-2.0126562500000000e+03
5;163000000;-2.1791648931984328e+03;-2.1791682128906250e+03;-2.1791648931984414e+03;-2.1791647949218750e+03;-2.1791682128906250e+03;-2.1791648931984437e+03;-2.1791628417968750e+03
6;163000000;-1.3208500326051942e+03;-1.3208496093750000e+03;-1.3208500326051906e+03;-1.3208499755859375e+03;-1.3208505859375000e+03;-1.3208500326051958e+03;-1.3208466796875000e+03
7;163000000;-1.8498322538673053e+03;-1.8498337402343750e+03;-1.8498322538673081e+03;-1.8498322753906250e+03;-1.8498342285156250e+03;-1.8498322538673146e+03;-1.8498286132812500e+03
8;163000000;-3.2861919045882182e+03;-3.2861906738281250e+03;-3.2861919045882219e+03;-3.2861918945312500e+03;-3.2861923828125000e+03;-3.2861919045882228e+03;-3.2861906738281250e+03
9;163000000;-2.7825415235266105e+03;-2.7825407714843750e+03;-2.7825415235266064e+03;-2.7825415039062500e+03;-2.7825422363281250e+03;-2.7825415235266109e+03;-2.7825405273437500e+03
0;165000000;1.2217777972845042e+01;1.2218452453613281e+01;1.2217777972843979e+01;1.2217876434326172e+01;1.2221672058105469e+01;1.2217777972841304e+01;1.2219604492187500e+01
1;165000000;-7.9555771480229282e+02;-7.9556060791015625e+02;-7.9555771480228714e+02;-7.9555761718750000e+02;-7.9556103515625000e+02;-7.9555771480229350e+02;-7.9555725097656250e+02
2;165000000;-1.2413306234497095e+03;-1.2413320312500000e+03;-1.2413306234497009e+03;-1.2413305664062500e+03;-1.2413315429687500e+03;-1.2413306234497104e+03;-1.2413300781250000e+03
3;165000000;-1.2753504358729870e+03;-1.2753531494140625e+03;-1.2753504358729842e+03;-1.2753504638671875e+03;-1.2753521728515625e+03;-1.2753504358729904e+03;-1.2753488769531250e+03
4;165000000;-1.5895974286163694e+03;-1.5895975341796875e+03;-1.5895974286163735e+03;-1.5895974121093750e+03;-1.5896005859375000e+03;-1.5895974286163737e+03;-1.5895955810546875e+03
5;165000000;-1.8050838305455384e+03;-1.8050831298828125e+03;-1.8050838305455329e+03;-1.8050838623046875e+03;-1.8050780029296875e+03;-1.8050838305455395e+03;-1.8050809326171875e+03
6;165000000;-2.7743517690931180e+03;-2.7743510742187500e+03;-2.7743517690931276e+03;-2.7743518066406250e+03;-2.7743552246093750e+03;-2.7743517690931344e+03;-2.7743496093750000e+03
7;165000000;-1.1950496559524013e+03;-1.1950476074218750e+03;-1.1950496559524026e+03;-1.1950496826171875e+03;-1.1950495605468750e+03;-1.1950496559524045e+03;-1.1950452880859375e+03
8;165000000;-3.7013650801306594e+03;-3.7013591308593750e+03;-3.7013650801306544e+03;-3.7013649902343750e+03;-3.7013623046875000e+03;-3.7013650801306662e+03;-3.7013623046875000e+03
9;165000000;-3.0973950323391355e+03;-3.0973955078125000e+03;-3.0973950323391455e+03;-3.0973950195312500e+03;-3.0973916015625000e+03;-3.0973950323391455e+03;-3.0973935546875000e+03
0;167000000;8.2344903068388658e+02;8.2345104980468750e+02;8.2344903068388646e+02;8.2344915771484375e+02;8.2344848632812500e+02;8.2344903068388248e+02;8.2344934082031250e+02
1;167000000;-7.6295858718624402e+02;-7.6296429443359375e+02;-7.6295858718624595e+02;-7.6295849609375000e+02;-7.6296228027343750e+02;-7.6295858718625323e+02;-7.6295788574218750e+02
2;167000000;-1.0594842374313084e+03;-1.0594814453125000e+03;-1.0594842374313034e+03;-1.0594842529296875e+03;-1.0594835205078125e+03;-1.0594842374313037e+03;-1.0594830322265625e+03
3;167000000;-1.9941938708320597e+03;-1.9941962890625000e+03;-1.9941938708320554e+03;-1.9941939697265625e+03;-1.9941911621093750e+03;-1.9941938708320640e+03;-1.9941923828125000e+03
4;167000000;-1.1704322040716449e+03;-1.1704349365234375e+03;-1.1704322040716438e+03;-1.1704322509765625e+03;-1.1704366455078125e+03;-1.1704322040716402e+03;-1.1704307861328125e+03
5;167000000;-2.5964038237196792e+03;-2.5963962402343750e+03;-2.5964038237196792e+03;-2.5964038085937500e+03;-2.5964011230468750e+03;-2.5964038237196819e+03;-2.5964003906250000e+03
6;167000000;-2.4949248844274430e+03;-2.4949277343750000e+03;-2.4949248844274421e+03;-2.4949248046875000e+03;-2.4949294433593750e+03;-2.4949248844274562e+03;-2.4949223632812500e+03
7;167000000;-2.2860957130475354e+03;-2.2860908203125000e+03;-2.2860957130475358e+03;-2.2860957031250000e+03;-2.2860942382812500e+03;-2.2860957130475390e+03;-2.2860913085937500e+03
8;167000000;-3.7188715563361834e+03;-3.7188671875000000e+03;-3.7188715563361893e+03;-3.7188715820312500e+03;-3.7188642578125000e+03;-3.7188715563361943e+03;-3.7188706054687500e+03
9;167000000;-3.3277447702638383e+03;-3.3277453613281250e+03;-3.3277447702638397e+03;-3.3277446289062500e+03;-3.3277473144531250e+03;-3.3277447702638324e+03;-3.3277441406250000e+03
0;169000000;1.2767102829637463e+03;1.2767110595703125e+03;1.2767102829637442e+03;1.2767104492187500e+03;1.2767095947265625e+03;1.2767102829637374e+03;1.2767111816406250e+03
1;169000000;4.1845493447286060e+01;4.1845420837402344e+01;4.1845493447288220e+01;4.1845577239990234e+01;4.1842407226562500e+01;4.1845493447280205e+01;4.1845825195312500e+01
2;169000000;-6.1612418344202035e+02;-6.1612335205078125e+02;-6.1612418344202797e+02;-6.1612414550781250e+02;-6.1612292480468750e+02;-6.1612418344202706e+02;-6.1612280273437500e+02
3;169000000;-2.5492017475404264e+03;-2.5492014160156250e+03;-2.5492017475404227e+03;-2.5492019042968750e+03;-2.5492028808593750e+03;-2.5492017475404291e+03;-2.5492009277343750e+03
4;169000000;-1.1236433117114416e+03;-1.1236424560546875e+03;-1.1236433117114450e+03;-1.1236433105468750e+03;-1.1236418457031250e+03;-1.1236433117114489e+03;-1.1236417236328125e+03
5;169000000;-2.0472096788037868e+03;-2.0472059326171875e+03;-2.0472096788037863e+03;-2.0472097167968750e+03;-2.0472045898437500e+03;-2.0472096788037900e+03;-2.0472081298828125e+03
6;169000000;-2.1730392270799389e+03;-2.1730437011718750e+03;-2.1730392270799434e+03;-2.1730393066406250e+03;-2.1730395507812500e+03;-2.1730392270799521e+03;-2.1730366210937500e+03
7;169000000;-3.1445507277665392e+03;-3.1445544433593750e+03;-3.1445507277665456e+03;-3.1445507812500000e+03;-3.1445576171875000e+03;-3.1445507277665338e+03;-3.1445473632812500e+03
8;169000000;-3.0446314397317210e+03;-3.0446279296875000e+03;-3.0446314397317274e+03;-3.0446313476562500e+03;-3.0446303710937500e+03;-3.0446314397317142e+03;-3.0446293945312500e+03
9;169000000;-3.7290991494908644e+03;-3.7290944824218750e+03;-3.7290991494908631e+03;-3.7290991210937500e+03;-3.7290966796875000e+03;-3.7290991494908794e+03;-3.7290986328125000e+03
0;171000000;1.3104590174638602e+03;1.3104582519531250e+03;1.3104590174638681e+03;1.3104591064453125e+03;1.3104602050781250e+03;1.3104590174638629e+03;1.3104608154296875e+03
1;171000000;6.9378595254619938e+02;6.9379010009765625e+02;6.9378595254620029e+02;6.9378607177734375e+02;6.9378771972656250e+02;6.9378595254619540e+02;6.9378698730468750e+02
2;171000000;-5.2675208111745042e+02;-5.2675201416015625e+02;-5.2675208111744655e+02;-5.2675201416015625e+02;-5.2675354003906250e+02;-5.2675208111745383e+02;-5.2675134277343750e+02
3;171000000;-2.1887042155970480e+03;-2.1887082519531250e+03;-2.1887042155970421e+03;-2.1887043457031250e+03;-2.1887062988281250e+03;-2.1887042155970526e+03;-2.1887031250000000e+03
4;171000000;-1.4602181611670028e+03;-1.4602202148437500e+03;-1.4602181611670005e+03;-1.4602182617187500e+03;-1.4602215576171875e+03;-1.4602181611670080e+03;-1.4602175292968750e+03
5;171000000;-1.4503803246828463e+03;-1.4503791503906250e+03;-1.4503803246828522e+03;-1.4503802490234375e+03;-1.4503773193359375e+03;-1.4503803246828618e+03;-1.4503773193359375e+03
6;171000000;-2.8765229597432476e+03;-2.8765256347656250e+03;-2.8765229597432517e+03;-2.8765229492187500e+03;-2.8765251464843750e+03;-2.8765229597432499e+03;-2.8765205078125000e+03
7;171000000;-3.0666400162256127e+03;-3.0666411132812500e+03;-3.0666400162256245e+03;-3.0666398925781250e+03;-3.0666352539062500e+03;-3.0666400162256145e+03;-3.0666374511718750e+03
8;171000000;-4.2509108724533844e+03;-4.2509072265625000e+03;-4.2509108724533853e+03;-4.2509106445312500e+03;-4.2509038085937500e+03;-4.2509108724533926e+03;-4.2509082031250000e+03
9;171000000;-3.4579087677366024e+03;-3.4579055175781250e+03;-3.4579087677366047e+03;-3.4579086914062500e+03;-3.4579091796875000e+03;-3.4579087677366165e+03;-3.4579082031250000e+03
0;173000000;1.3738189110985018e+03;1.3738175048828125e+03;1.3738189110984972e+03;1.3738189697265625e+03;1.3738155517578125e+03;1.3738189110984986e+03;1.3738198242187500e+03
1;173000000;1.1876130659036003e+03;1.1876121826171875e+03;1.1876130659036044e+03;1.1876131591796875e+03;1.1876135253906250e+03;1.1876130659035962e+03;1.1876142578125000e+03
2;173000000;1.7569461326253418e+02;1.7569360351562500e+02;1.7569461326253602e+02;1.7569467163085938e+02;1.7569445800781250e+02;1.7569461326253895e+02;1.7569592285156250e+02
3;173000000;-1.6103709866893976e+03;-1.6103768310546875e+03;-1.6103709866894010e+03;-1.6103709716796875e+03;-1.6103771972656250e+03;-1.6103709866894001e+03;-1.6103706054687500e+03
4;173000000;-2.0164163234494679e+03;-2.0164201660156250e+03;-2.0164163234494677e+03;-2.0164163818359375e+03;-2.0164217529296875e+03;-2.0164163234494652e+03;-2.0164143066406250e+03
5;173000000;-1.5049206533161478e+03;-1.5049212646484375e+03;-1.5049206533161448e+03;-1.5049206542968750e+03;-1.5049202880859375e+03;-1.5049206533161559e+03;-1.5049180908203125e+03
6;173000000;-2.4422923410110916e+03;-2.4422983398437500e+03;-2.4422923410110930e+03;-2.4422922363281250e+03;-2.4422968750000000e+03;-2.4422923410110998e+03;-2.4422910156250000e+03
7;173000000;-2.9693280450010488e+03;-2.9693242187500000e+03;-2.9693280450010479e+03;-2.9693281250000000e+03;-2.9693269042968750e+03;-2.9693280450010570e+03;-2.9693247070312500e+03
8;173000000;-4.9700446442875082e+03;-4.9700468750000000e+03;-4.9700446442875045e+03;-4.9700444335937500e+03;-4.9700434570312500e+03;-4.9700446442875036e+03;-4.9700429687500000e+03
9;173000000;-3.0416107585027530e+03;-3.0416030273437500e+03;-3.0416107585027630e+03;-3.0416108398437500e+03;-3.0416037597656250e+03;-3.0416107585027630e+03;-3.0416083984375000e+03
0;175000000;1.3271674108953573e+03;1.3271652832031250e+03;1.3271674108953541e+03;1.3271674804687500e+03;1.3271635742187500e+03;1.3271674108953589e+03;1.3271683349609375e+03
1;175000000;1.4331396511236410e+03;1.4331348876953125e+03;1.4331396511236401e+03;1.4331397705078125e+03;1.4331387939453125e+03;1.4331396511236380e+03;1.4331396484375000e+03
2;175000000;8.0364597751307190e+02;8.0364636230468750e+02;8.0364597751306962e+02;8.0364605712890625e+02;8.0364697265625000e+02;8.0364597751306519e+02;8.0364770507812500e+02
3;175000000;-1.5205312211488388e+03;-1.5205289306640625e+03;-1.5205312211488413e+03;-1.5205312500000000e+03;-1.5205351562500000e+03;-1.5205312211488406e+03;-1.5205302734375000e+03
4;175000000;-1.6880446681272651e+03;-1.6880488281250000e+03;-1.6880446681272681e+03;-1.6880446777343750e+03;-1.6880462646484375e+03;-1.6880446681272690e+03;-1.6880443115234375e+03
5;175000000;-2.2505362781599888e+03;-2.2505375976562500e+03;-2.2505362781599924e+03;-2.2505363769531250e+03;-2.2505395507812500e+03;-2.2505362781600011e+03;-2.2505341796875000e+03
6;175000000;-1.9428460961281730e+03;-1.9428472900390625e+03;-1.9428460961281755e+03;-1.9428460693359375e+03;-1.9428452148437500e+03;-1.9428460961281889e+03;-1.9428437500000000e+03
7;175000000;-3.2512507384672990e+03;-3.2512497558593750e+03;-3.2512507384673049e+03;-3.2512507324218750e+03;-3.2512478027343750e+03;-3.2512507384672990e+03;-3.2512470703125000e+03
8;175000000;-4.6303875502867386e+03;-4.6303911132812500e+03;-4.6303875502867413e+03;-4.6303876953125000e+03;-4.6303906250000000e+03;-4.6303875502867304e+03;-4.6303862304687500e+03
9;175000000;-4.2092902053675944e+03;-4.2092895507812500e+03;-4.2092902053675862e+03;-4.2092900390625000e+03;-4.2092880859375000e+03;-4.2092902053675962e+03;-4.2092895507812500e+03
0;177000000;1.5748693757525377e+03;1.5748692626953125e+03;1.5748693757525461e+03;1.5748695068359375e+03;1.5748696289062500e+03;1.5748693757525425e+03;1.5748702392578125e+03
1;177000000;1.4542653951345244e+03;1.4542633056640625e+03;1.4542653951345326e+03;1.4542655029296875e+03;1.4542603759765625e+03;1.4542653951345321e+03;1.4542653808593750e+03
2;177000000;1.1342904492929740e+03;1.1342893066406250e+03;1.1342904492929779e+03;1.1342905273437500e+03;1.1342922363281250e+03;1.1342904492929715e+03;1.1342910156250000e+03
3;177000000;-9.2979365983523201e+02;-9.2979199218750000e+02;-9.2979365983522780e+02;-9.2979364013671875e+02;-9.2979620361328125e+02;-9.2979365983523314e+02;-9.2979125976562500e+02
4;177000000;-1.3053760531977121e+03;-1.3053742675781250e+03;-1.3053760531976982e+03;-1.3053760986328125e+03;-1.3053758544921875e+03;-1.3053760531977009e+03;-1.3053747558593750e+03
5;177000000;-2.6301384384181765e+03;-2.6301420898437500e+03;-2.6301384384181824e+03;-2.6301384277343750e+03;-2.6301428222656250e+03;-2.6301384384181865e+03;-2.6301362304687500e+03
6;177000000;-1.7759832648832930e+03;-1.7759854736328125e+03;-1.7759832648832958e+03;-1.7759832763671875e+03;-1.7759852294921875e+03;-1.7759832648833080e+03;-1.7759820556640625e+03
7;177000000;-2.6771490761093587e+03;-2.6771484375000000e+03;-2.6771490761093637e+03;-2.6771491699218750e+03;-2.6771481933593750e+03;-2.6771490761093746e+03;-2.6771462402343750e+03
8;177000000;-4.8573839542835694e+03;-4.8573857421875000e+03;-4.8573839542835731e+03;-4.8573837890625000e+03;-4.8573911132812500e+03;-4.8573839542835685e+03;-4.8573818359375000e+03
9;177000000;-5.0364963707714196e+03;-5.0364985351562500e+03;-5.0364963707714251e+03;-5.0364965820312500e+03;-5.0364916992187500e+03;-5.0364963707714278e+03;-5.0364946289062500e+03
0;179000000;1.1136113850921001e+03;1.1136125488281250e+03;1.1136113850920960e+03;1.1136114501953125e+03;1.1136091308593750e+03;1.1136113850920979e+03;1.1136141357421875e+03
1;179000000;1.1021904784639355e+03;1.1021890869140625e+03;1.1021904784639351e+03;1.1021905517578125e+03;1.1021877441406250e+03;1.1021904784639391e+03;1.1021914062500000e+03
2;179000000;1.4230877313768781e+03;1.4230887451171875e+03;1.4230877313768776e+03;1.4230877685546875e+03;1.4230856933593750e+03;1.4230877313768772e+03;1.4230891113281250e+03
3;179000000;-9.1452335625816346e+01;-9.1455284118652344e+01;-9.1452335625819458e+01;-9.1452323913574219e+01;-9.1456886291503906e+01;-9.1452335625822002e+01;-9.1450683593750000e+01
4;179000000;-1.2415630561554199e+03;-1.2415621337890625e+03;-1.2415630561554133e+03;-1.2415631103515625e+03;-1.2415600585937500e+03;-1.2415630561554149e+03;-1.2415622558593750e+03
5;179000000;-2.2717901646729724e+03;-2.2717949218750000e+03;-2.2717901646729665e+03;-2.2717900390625000e+03;-2.2717944335937500e+03;-2.2717901646729715e+03;-2.2717885742187500e+03
6;179000000;-2.5560920138329798e+03;-2.5560981445312500e+03;-2.5560920138329711e+03;-2.5560920410156250e+03;-2.5560954589843750e+03;-2.5560920138329825e+03;-2.5560908203125000e+03
7;179000000;-2.2423152761076221e+03;-2.2423159179687500e+03;-2.2423152761076335e+03;-2.2423151855468750e+03;-2.2423129882812500e+03;-2.2423152761076403e+03;-2.2423115234375000e+03
8;179000000;-5.3645904841468582e+03;-5.3645849609375000e+03;-5.3645904841468564e+03;-5.3645903320312500e+03;-5.3645883789062500e+03;-5.3645904841468628e+03;-5.3645888671875000e+03
9;179000000;-4.4040964152535716e+03;-4.4040981445312500e+03;-4.4040964152535716e+03;-4.4040961914062500e+03;-4.4040942382812500e+03;-4.4040964152535807e+03;-4.4040947265625000e+03
0;181000000;1.2911253215707700e+03;1.2911224365234375e+03;1.2911253215707638e+03;1.2911253662109375e+03;1.2911237792968750e+03;1.2911253215707625e+03;1.2911275634765625e+03
1;181000000;1.3532642865049681e+03;1.3532640380859375e+03;1.3532642865049720e+03;1.3532644042968750e+03;1.3532647705078125e+03;1.3532642865049720e+03;1.3532651367187500e+03
2;181000000;1.5233137066315580e+03;1.5233154296875000e+03;1.5233137066315567e+03;1.5233137207031250e+03;1.5233182373046875e+03;1.5233137066315558e+03;1.5233153076171875e+03
3;181000000;2.1030339287924414e+02;2.1029785156250000e+02;2.1030339287924176e+02;2.1030339050292969e+02;2.1030047607421875e+02;2.1030339287924198e+02;2.1030517578125000e+02
4;181000000;-4.0879788251947724e+02;-4.0879821777343750e+02;-4.0879788251948037e+02;-4.0879788208007812e+02;-4.0879522705078125e+02;-4.0879788251948185e+02;-4.0879718017578125e+02
5;181000000;-1.7454893964460650e+03;-1.7454945068359375e+03;-1.7454893964460566e+03;-1.7454893798828125e+03;-1.7454946289062500e+03;-1.7454893964460780e+03;-1.7454879150390625e+03
6;181000000;-2.8324015785067240e+03;-2.8324038085937500e+03;-2.8324015785067195e+03;-2.8324016113281250e+03;-2.8323984375000000e+03;-2.8324015785067254e+03;-2.8324006347656250e+03
7;181000000;-2.3274795221447416e+03;-2.3274797363281250e+03;-2.3274795221447444e+03;-2.3274794921875000e+03;-2.3274812011718750e+03;-2.3274795221447507e+03;-2.3274772949218750e+03
8;181000000;-4.4717585860177642e+03;-4.4717612304687500e+03;-4.4717585860177587e+03;-4.4717583007812500e+03;-4.4717607421875000e+03;-4.4717585860177669e+03;-4.4717573242187500e+03
9;181000000;-4.9304146529396512e+03;-4.9304140625000000e+03;-4.9304146529396530e+03;-4.9304145507812500e+03;-4.9304174804687500e+03;-4.9304146529396630e+03;-4.9304140625000000e+03
0;183000000;5.4016738728923031e+02;5.4016723632812500e+02;5.4016738728922508e+02;5.4016748046875000e+02;5.4016833496093750e+02;5.4016738728922314e+02;5.4016918945312500e+02
1;183000000;1.1629580967276668e+03;1.1629573974609375e+03;1.1629580967276618e+03;1.1629581298828125e+03;1.1629597167968750e+03;1.1629580967276659e+03;1.1629582519531250e+03
2;183000000;1.3889100196010195e+03;1.3889090576171875e+03;1.3889100196010195e+03;1.3889100341796875e+03;1.3889150390625000e+03;1.3889100196010188e+03;1.3889104003906250e+03
3;183000000;2.6784832916485840e+02;2.6784646606445312e+02;2.6784832916485539e+02;2.6784832763671875e+02;2.6784564208984375e+02;2.6784832916486596e+02;2.6784991455078125e+02
4;183000000;3.1829783705146974e+02;3.1829571533203125e+02;3.1829783705146735e+02;3.1829785156250000e+02;3.1829949951171875e+02;3.1829783705146838e+02;3.1829931640625000e+02
5;183000000;-1.2714952426875432e+03;-1.2714953613281250e+03;-1.2714952426875352e+03;-1.2714952392578125e+03;-1.2714942626953125e+03;-1.2714952426875548e+03;-1.2714929199218750e+03
6;183000000;-2.4448085563632476e+03;-2.4448132324218750e+03;-2.4448085563632476e+03;-2.4448085937500000e+03;-2.4448117675781250e+03;-2.4448085563632521e+03;-2.4448066406250000e+03
7;183000000;-3.3963334485658506e+03;-3.3963276367187500e+03;-3.3963334485658515e+03;-3.3963334960937500e+03;-3.3963210449218750e+03;-3.3963334485658615e+03;-3.3963303222656250e+03
8;183000000;-4.0707265271221781e+03;-4.0707211914062500e+03;-4.0707265271221763e+03;-4.0707265625000000e+03;-4.0707275390625000e+03;-4.0707265271221740e+03;-4.0707268066406250e+03
9;183000000;-5.1082135122791133e+03;-5.1082172851562500e+03;-5.1082135122791133e+03;-5.1082133789062500e+03;-5.1082143554687500e+03;-5.1082135122791196e+03;-5.1082119140625000e+03
0;185000000;3.7506961384589550e+02;3.7506900024414062e+02;3.7506961384589556e+02;3.7506970214843750e+02;3.7507162475585938e+02;3.7506961384589454e+02;3.7507104492187500e+02
1;185000000;1.1135457326581904e+03;1.1135465087890625e+03;1.1135457326581850e+03;1.1135457763671875e+03;1.1135469970703125e+03;1.1135457326581893e+03;1.1135463867187500e+03
2;185000000;1.0114778154569482e+03;1.0114779052734375e+03;1.0114778154569467e+03;1.0114778442382812e+03;1.0114743041992188e+03;1.0114778154569525e+03;1.0114796142578125e+03
3;185000000;3.9474124907114168e+02;3.9474093627929688e+02;3.9474124907114390e+02;3.9474124145507812e+02;3.9474237060546875e+02;3.9474124907114458e+02;3.9474407958984375e+02
4;185000000;7.4656879896816383e+02;7.4656365966796875e+02;7.4656879896816747e+02;7.4656878662109375e+02;7.4656658935546875e+02;7.4656879896816145e+02;7.4656958007812500e+02
5;185000000;-9.1155241516166689e+02;-9.1155249023437500e+02;-9.1155241516166757e+02;-9.1155236816406250e+02;-9.1155249023437500e+02;-9.1155241516167985e+02;-9.1155114746093750e+02
6;185000000;-2.1527108471124675e+03;-2.1527116699218750e+03;-2.1527108471124716e+03;-2.1527109375000000e+03;-2.1527111816406250e+03;-2.1527108471124743e+03;-2.1527089843750000e+03
7;185000000;-3.5710300698967771e+03;-3.5710258789062500e+03;-3.5710300698967781e+03;-3.5710300292968750e+03;-3.5710253906250000e+03;-3.5710300698967817e+03;-3.5710278320312500e+03
8;185000000;-4.4760562674940866e+03;-4.4760512695312500e+03;-4.4760562674940848e+03;-4.4760561523437500e+03;-4.4760512695312500e+03;-4.4760562674940884e+03;-4.4760541992187500e+03
9;185000000;-4.3696423285208266e+03;-4.3696474609375000e+03;-4.3696423285208230e+03;-4.3696420898437500e+03;-4.3696523437500000e+03;-4.3696423285208257e+03;-4.3696416015625000e+03
0;187000000;9.1199997993409079e+02;9.1200085449218750e+02;9.1199997993408817e+02;9.1200006103515625e+02;9.1200164794921875e+02;9.1199997993408874e+02;9.1200207519531250e+02
1;187000000;4.3723419066838187e+02;4.3723568725585938e+02;4.3723419066838369e+02;4.3723425292968750e+02;4.3723587036132812e+02;4.3723419066838937e+02;4.3723663330078125e+02
2;187000000;1.4543977387331872e+03;1.4543994140625000e+03;1.4543977387331900e+03;1.4543978271484375e+03;1.4543969726562500e+03;1.4543977387331886e+03;1.4543981933593750e+03
3;187000000;3.1395101732805426e+02;3.1394744873046875e+02;3.1395101732806000e+02;3.1395101928710938e+02;3.1394680786132812e+02;3.1395101732805779e+02;3.1395288085937500e+02
4;187000000;5.5724620790080075e+02;5.5724261474609375e+02;5.5724620790080007e+02;5.5724621582031250e+02;5.5724426269531250e+02;5.5724620790080598e+02;5.5724694824218750e+02
5;187000000;2.4993968682235050e+01;2.4989839553833008e+01;2.4993968682234829e+01;2.4994012832641602e+01;2.4991287231445312e+01;2.4993968682231298e+01;2.4995971679687500e+01
6;187000000;-1.4675454482575080e+03;-1.4675496826171875e+03;-1.4675454482575117e+03;-1.4675454101562500e+03;-1.4675506591796875e+03;-1.4675454482575133e+03;-1.4675444335937500e+03
7;187000000;-2.9298014769231622e+03;-2.9297980957031250e+03;-2.9298014769231609e+03;-2.9298015136718750e+03;-2.9298024902343750e+03;-2.9298014769231713e+03;-2.9297993164062500e+03
8;187000000;-5.1900700315460408e+03;-5.1900654296875000e+03;-5.1900700315460417e+03;-5.1900698242187500e+03;-5.1900664062500000e+03;-5.1900700315460508e+03;-5.1900683593750000e+03
9;187000000;-3.9040117152931621e+03;-3.9040131835937500e+03;-3.9040117152931580e+03;-3.9040117187500000e+03;-3.9040139160156250e+03;-3.9040117152931543e+03;-3.9040109863281250e+03
0;189000000;3.6927889439482442e-02;3.3599853515625000e-02;3.6927889440690365e-02;3.7040922790765762e-02;3.7036895751953125e-02;3.6927889442267769e-02;3.8818359375000000e-02
1;189000000;2.5794034250778680e+02;2.5794354248046875e+02;2.5794034250778873e+02;2.5794039916992188e+02;2.5794515991210938e+02;2.5794034250779487e+02;2.5794113159179688e+02
2;189000000;1.1642940917744863e+03;1.1642947998046875e+03;1.1642940917744870e+03;1.1642941894531250e+03;1.1642932128906250e+03;1.1642940917744847e+03;1.1642944335937500e+03
3;189000000;-1.9024420868326359e+02;-1.9024916076660156e+02;-1.9024420868326666e+02;-1.9024421691894531e+02;-1.9024519348144531e+02;-1.9024420868326706e+02;-1.9024072265625000e+02
4;189000000;6.6501880270703066e+02;6.6501428222656250e+02;6.6501880270702941e+02;6.6501879882812500e+02;6.6501562500000000e+02;6.6501880270703145e+02;6.6502014160156250e+02
5;189000000;3.6366402229173991e+02;3.6366278076171875e+02;3.6366402229174639e+02;3.6366406250000000e+02;3.6366168212890625e+02;3.6366402229174605e+02;3.6366735839843750e+02
6;189000000;-1.1244737829541912e+03;-1.1244765625000000e+03;-1.1244737829541950e+03;-1.1244737548828125e+03;-1.1244777832031250e+03;-1.1244737829541971e+03;-1.1244726562500000e+03
7;189000000;-2.7121556623029273e+03;-2.7121520996093750e+03;-2.7121556623029319e+03;-2.7121555175781250e+03;-2.7121547851562500e+03;-2.7121556623029419e+03;-2.7121520996093750e+03
8;189000000;-5.2856569736977617e+03;-5.2856513671875000e+03;-5.2856569736977608e+03;-5.2856567382812500e+03;-5.2856533203125000e+03;-5.2856569736977708e+03;-5.2856562500000000e+03
9;189000000;-4.6664145499203796e+03;-4.6664130859375000e+03;-4.6664145499203851e+03;-4.6664145507812500e+03;-4.6664150390625000e+03;-4.6664145499203905e+03;-4.6664135742187500e+03
0;191000000;2.2952290687676728e+02;2.2952333068847656e+02;2.2952290687677279e+02;2.2952299499511719e+02;2.2951824951171875e+02;2.2952290687677441e+02;2.2952404785156250e+02
1;191000000;7.2782277168997723e+02;7.2782055664062500e+02;7.2782277168997280e+02;7.2782287597656250e+02;7.2782000732421875e+02;7.2782277168997302e+02;7.2782470703125000e+02
2;191000000;6.9060572794546215e+02;6.9060772705078125e+02;6.9060572794547033e+02;6.9060577392578125e+02;6.9060559082031250e+02;6.9060572794546931e+02;6.9060693359375000e+02
3;191000000;1.7077433370699043e+02;1.7077258300781250e+02;1.7077433370699814e+02;1.7077432250976562e+02;1.7077148437500000e+02;1.7077433370699316e+02;1.7077673339843750e+02
4;191000000;9.0431969934319523e+02;9.0432019042968750e+02;9.0431969934319420e+02;9.0431970214843750e+02;9.0431768798828125e+02;9.0431969934319318e+02;9.0432128906250000e+02
5;191000000;-1.0858860315581593e+02;-1.0858721160888672e+02;-1.0858860315581184e+02;-1.0858858489990234e+02;-1.0858979797363281e+02;-1.0858860315581364e+02;-1.0858703613281250e+02
6;191000000;-3.8764418863819947e+02;-3.8764788818359375e+02;-3.8764418863820578e+02;-3.8764413452148438e+02;-3.8765051269531250e+02;-3.8764418863820038e+02;-3.8764208984375000e+02
7;191000000;-2.0495123538182570e+03;-2.0495148925781250e+03;-2.0495123538182502e+03;-2.0495122070312500e+03;-2.0495148925781250e+03;-2.0495123538182570e+03;-2.0495100097656250e+03
8;191000000;-4.5905239325787652e+03;-4.5905224609375000e+03;-4.5905239325787697e+03;-4.5905239257812500e+03;-4.5905180664062500e+03;-4.5905239325787725e+03;-4.5905214843750000e+03
9;191000000;-5.0786770273262919e+03;-5.0786738281250000e+03;-5.0786770273262928e+03;-5.0786772460937500e+03;-5.0786748046875000e+03;-5.0786770273263037e+03;-5.0786767578125000e+03
0;193000000;8.1865484427786726e+01;8.1864570617675781e+01;8.1865484427798918e+01;8.1865600585937500e+01;8.1866416931152344e+01;8.1865484427788715e+01;8.1867065429687500e+01
1;193000000;2.7765455315586124e+01;2.7761009216308594e+01;2.7765455315580724e+01;2.7765556335449219e+01;2.7762229919433594e+01;2.7765455315582813e+01;2.7766052246093750e+01
2;193000000;1.2081572323683550e+02;1.2081445312500000e+02;1.2081572323683639e+02;1.2081576538085938e+02;1.2081385803222656e+02;1.2081572323683872e+02;1.2081640625000000e+02
3;193000000;-9.1431254289535900e+01;-9.1429794311523438e+01;-9.1431254289541613e+01;-9.1431266784667969e+01;-9.1431282043457031e+01;-9.1431254289537037e+01;-9.1428955078125000e+01
4;193000000;2.5766013516590357e+02;2.5765942382812500e+02;2.5766013516589089e+02;2.5766012573242188e+02;2.5765805053710938e+02;2.5766013516589942e+02;2.5766101074218750e+02
5;193000000;1.6011828253798689e+02;1.6011665344238281e+02;1.6011828253798905e+02;1.6011828613281250e+02;1.6011671447753906e+02;1.6011828253798490e+02;1.6011975097656250e+02
6;193000000;-1.5431787589399786e+02;-1.5432151794433594e+02;-1.5431787589400278e+02;-1.5431785583496094e+02;-1.5432020568847656e+02;-1.5431787589400835e+02;-1.5431579589843750e+02
7;193000000;-1.3197438962312158e+03;-1.3197445068359375e+03;-1.3197438962312124e+03;-1.3197438964843750e+03;-1.3197446289062500e+03;-1.3197438962312162e+03;-1.3197395019531250e+03
8;193000000;-4.5477157103306881e+03;-4.5477148437500000e+03;-4.5477157103306872e+03;-4.5477158203125000e+03;-4.5477128906250000e+03;-4.5477157103306881e+03;-4.5477138671875000e+03
9;193000000;-4.9656252836880940e+03;-4.9656245117187500e+03;-4.9656252836880876e+03;-4.9656254882812500e+03;-4.9656259765625000e+03;-4.9656252836881076e+03;-4.9656254882812500e+03
0;195000000;4.2676613438996765e+02;4.2676342773437500e+02;4.2676613438996117e+02;4.2676626586914062e+02;4.2676785278320312e+02;4.2676613438997128e+02;4.2676782226562500e+02
1;195000000;-6.9478353192575042e+01;-6.9480285644531250e+01;-6.9478353192567994e+01;-6.9478271484375000e+01;-6.9479812622070312e+01;-6.9478353192567511e+01;-6.9475585937500000e+01
2;195000000;6.4640233444435819e+02;6.4640100097656250e+02;6.4640233444436433e+02;6.4640240478515625e+02;6.4640069580078125e+02;6.4640233444436365e+02;6.4640332031250000e+02
3;195000000;-5.6307411116400135e+02;-5.6307574462890625e+02;-5.6307411116399624e+02;-5.6307415771484375e+02;-5.6307476806640625e+02;-5.6307411116399794e+02;-5.6307312011718750e+02
4;195000000;6.7840547740065131e+02;6.7840368652343750e+02;6.7840547740064198e+02;6.7840545654296875e+02;6.7840557861328125e+02;6.7840547740065176e+02;6.7840759277343750e+02
5;195000000;3.6653327889262761e+02;3.6653497314453125e+02;3.6653327889262937e+02;3.6653332519531250e+02;3.6653686523437500e+02;3.6653327889262960e+02;3.6653564453125000e+02
6;195000000;-3.5497124800116035e+02;-3.5497363281250000e+02;-3.5497124800115591e+02;-3.5497122192382812e+02;-3.5497323608398438e+02;-3.5497124800116103e+02;-3.5496960449218750e+02
7;195000000;-1.0442416060147834e+03;-1.0442414550781250e+03;-1.0442416060147866e+03;-1.0442415771484375e+03;-1.0442423095703125e+03;-1.0442416060147937e+03;-1.0442387695312500e+03
8;195000000;-3.9272917786121075e+03;-3.9272976074218750e+03;-3.9272917786121152e+03;-3.9272917480468750e+03;-3.9272893066406250e+03;-3.9272917786121197e+03;-3.9272905273437500e+03
9;195000000;-4.6501787465784982e+03;-4.6501811523437500e+03;-4.6501787465785028e+03;-4.6501787109375000e+03;-4.6501879882812500e+03;-4.6501787465785101e+03;-4.6501782226562500e+03
0;197000000;-1.0492113138911813e+02;-1.0491664886474609e+02;-1.0492113138912435e+02;-1.0492101287841797e+02;-1.0492034912109375e+02;-1.0492113138912123e+02;-1.0491943359375000e+02
1;197000000;1.1549619571480025e+02;1.1549978637695312e+02;1.1549619571480801e+02;1.1549629974365234e+02;1.1549512481689453e+02;1.1549619571480321e+02;1.1549780273437500e+02
2;197000000;4.6037719998931884e+01;4.6039978027343750e+01;4.6037719998935742e+01;4.6037788391113281e+01;4.6035278320312500e+01;4.6037719998931379e+01;4.6037963867187500e+01
3;197000000;-8.1160992403072328e+02;-8.1160638427734375e+02;-8.1160992403071987e+02;-8.1160992431640625e+02;-8.1160797119140625e+02;-8.1160992403071418e+02;-8.1160656738281250e+02
4;197000000;8.7862551254823842e+01;8.7863197326660156e+01;8.7862551254830151e+01;8.7862541198730469e+01;8.7864555358886719e+01;8.7862551254836944e+01;8.7863037109375000e+01
5;197000000;-5.5639090677634165e+01;-5.5635765075683594e+01;-5.5639090677624814e+01;-5.5639057159423828e+01;-5.5636230468750000e+01;-5.5639090677633249e+01;-5.5635742187500000e+01
6;197000000;-1.4002018374312746e+02;-1.4002331542968750e+02;-1.4002018374312695e+02;-1.4002017211914062e+02;-1.4002288818359375e+02;-1.4002018374312934e+02;-1.4001733398437500e+02
7;197000000;-8.8584129504616089e+02;-8.8584167480468750e+02;-8.8584129504616101e+02;-8.8584124755859375e+02;-8.8584344482421875e+02;-8.8584129504616430e+02;-8.8583813476562500e+02
8;197000000;-3.2272426514230192e+03;-3.2272434082031250e+03;-3.2272426514230192e+03;-3.2272426757812500e+03;-3.2272414550781250e+03;-3.2272426514230256e+03;-3.2272397460937500e+03
9;197000000;-4.4708001858258385e+03;-4.4708071289062500e+03;-4.4708001858258385e+03;-4.4708002929687500e+03;-4.4708051757812500e+03;-4.4708001858258531e+03;-4.4707988281250000e+03
0;199000000;-2.4464292105111156e+02;-2.4464300537109375e+02;-2.4464292105110655e+02;-2.4464280700683594e+02;-2.4464260864257812e+02;-2.4464292105111008e+02;-2.4464160156250000e+02
1;199000000;3.5750376281555248e+02;3.5750085449218750e+02;3.5750376281555521e+02;3.5750387573242188e+02;3.5749951171875000e+02;3.5750376281555259e+02;3.5750506591796875e+02
2;199000000;8.5553105331644844e+01;8.5551429748535156e+01;8.5553105331641433e+01;8.5553161621093750e+01;8.5551345825195312e+01;8.5553105331636971e+01;8.5553955078125000e+01
3;199000000;-7.6124613814645170e+02;-7.6124822998046875e+02;-7.6124613814644329e+02;-7.6124615478515625e+02;-7.6125085449218750e+02;-7.6124613814644226e+02;-7.6124340820312500e+02
4;199000000;-1.9870399929914004e+02;-1.9870404052734375e+02;-1.9870399929913907e+02;-1.9870404052734375e+02;-1.9870466613769531e+02;-1.9870399929913174e+02;-1.9870214843750000e+02
5;199000000;-3.0572498722707638e+02;-3.0572317504882812e+02;-3.0572498722707962e+02;-3.0572497558593750e+02;-3.0572296142578125e+02;-3.0572498722708610e+02;-3.0572375488281250e+02
6;199000000;-9.5133208720245761e+01;-9.5134651184082031e+01;-9.5133208720251972e+01;-9.5133178710937500e+01;-9.5132850646972656e+01;-9.5133208720253378e+01;-9.5132202148437500e+01
7;199000000;-8.2030709586020635e+02;-8.2030792236328125e+02;-8.2030709586019725e+02;-8.2030706787109375e+02;-8.2030895996093750e+02;-8.2030709586020942e+02;-8.2030456542968750e+02
8;199000000;-2.9424380545095019e+03;-2.9424394531250000e+03;-2.9424380545094932e+03;-2.9424379882812500e+03;-2.9424384765625000e+03;-2.9424380545095009e+03;-2.9424360351562500e+03
9;199000000;-3.6922721142637974e+03;-3.6922685546875000e+03;-3.6922721142637997e+03;-3.6922719726562500e+03;-3.6922707519531250e+03;-3.6922721142638061e+03;-3.6922714843750000e+03
0;201000000;-6.5470847494356065e+01;-6.5474578857421875e+01;-6.5470847494361095e+01;-6.5470710754394531e+01;-6.5473526000976562e+01;-6.5470847494360441e+01;-6.5469726562500000e+01
1;201000000;3.5410820038974364e+01;3.5411643981933594e+01;3.5410820038964147e+01;3.5410923004150391e+01;3.5414821624755859e+01;3.5410820038972361e+01;3.5411163330078125e+01
2;201000000;5.4311028441296969e+02;5.4311157226562500e+02;5.4311028441297697e+02;5.4311035156250000e+02;5.4311138916015625e+02;5.4311028441297913e+02;5.4311083984375000e+02
3;201000000;-1.0976409046396902e+03;-1.0976448974609375e+03;-1.0976409046396868e+03;-1.0976408691406250e+03;-1.0976451416015625e+03;-1.0976409046396880e+03;-1.0976386718750000e+03
4;201000000;-3.0619085841141964e+02;-3.0619128417968750e+02;-3.0619085841142180e+02;-3.0619088745117188e+02;-3.0619311523437500e+02;-3.0619085841141532e+02;-3.0618774414062500e+02
5;201000000;-4.9745464765003612e+02;-4.9745983886718750e+02;-4.9745464765003857e+02;-4.9745462036132812e+02;-4.9745718383789062e+02;-4.9745464765003999e+02;-4.9745288085937500e+02
6;201000000;-4.3901087963388329e+02;-4.3900955200195312e+02;-4.3901087963388431e+02;-4.3901086425781250e+02;-4.3901177978515625e+02;-4.3901087963389000e+02;-4.3900866699218750e+02
7;201000000;-7.4099928693198763e+02;-7.4099908447265625e+02;-7.4099928693198899e+02;-7.4099926757812500e+02;-7.4099768066406250e+02;-7.4099928693199377e+02;-7.4099719238281250e+02
8;201000000;-2.8275337820646182e+03;-2.8275312500000000e+03;-2.8275337820646187e+03;-2.8275336914062500e+03;-2.8275354003906250e+03;-2.8275337820646218e+03;-2.8275317382812500e+03
9;201000000;-3.1430817107902380e+03;-3.1430832519531250e+03;-3.1430817107902394e+03;-3.1430815429687500e+03;-3.1430798339843750e+03;-3.1430817107902476e+03;-3.1430808105468750e+03
0;203000000;9.5749895505314078e+02;9.5749353027343750e+02;9.5749895505314021e+02;9.5749908447265625e+02;9.5749890136718750e+02;9.5749895505313816e+02;9.5750024414062500e+02
1;203000000;-5.2257475774876002e+02;-5.2257440185546875e+02;-5.2257475774876457e+02;-5.2257464599609375e+02;-5.2257727050781250e+02;-5.2257475774875820e+02;-5.2257476806640625e+02
2;203000000;4.0826546596849693e+02;4.0826449584960938e+02;4.0826546596849050e+02;4.0826553344726562e+02;4.0826428222656250e+02;4.0826546596849414e+02;4.0826562500000000e+02
3;203000000;-1.1689657491343007e+03;-1.1689680175781250e+03;-1.1689657491342871e+03;-1.1689656982421875e+03;-1.1689647216796875e+03;-1.1689657491342855e+03;-1.1689636230468750e+03
4;203000000;-4.9911671904983069e+02;-4.9911553955078125e+02;-4.9911671904982632e+02;-4.9911672973632812e+02;-4.9911355590820312e+02;-4.9911671904983086e+02;-4.9911474609375000e+02
5;203000000;-1.0028452381568632e+03;-1.0028492431640625e+03;-1.0028452381568650e+03;-1.0028452148437500e+03;-1.0028455810546875e+03;-1.0028452381568643e+03;-1.0028431396484375e+03
6;203000000;-2.0987528909304430e+02;-2.0987344360351562e+02;-2.0987528909304618e+02;-2.0987528991699219e+02;-2.0987817382812500e+02;-2.0987528909304774e+02;-2.0987377929687500e+02
7;203000000;-5.6006450117287261e+02;-5.6006713867187500e+02;-5.6006450117286749e+02;-5.6006445312500000e+02;-5.6006542968750000e+02;-5.6006450117286727e+02;-5.6006127929687500e+02
8;203000000;-2.7693234028737934e+03;-2.7693237304687500e+03;-2.7693234028737961e+03;-2.7693232421875000e+03;-2.7693203125000000e+03;-2.7693234028737943e+03;-2.7693222656250000e+03
9;203000000;-2.6402109658519762e+03;-2.6402150878906250e+03;-2.6402109658519767e+03;-2.6402109375000000e+03;-2.6402145996093750e+03;-2.6402109658519835e+03;-2.6402106933593750e+03
0;205000000;2.4930971688134468e+03;2.4930974121093750e+03;2.4930971688134473e+03;2.4930971679687500e+03;2.4930981445312500e+03;2.4930971688134414e+03;2.4930986328125000e+03
1;205000000;5.7906042834960516e+01;5.7907974243164062e+01;5.7906042834957645e+01;5.7906166076660156e+01;5.7905273437500000e+01;5.7906042834959180e+01;5.7906860351562500e+01
2;205000000;-1.5525620710282723e+01;-1.5529151916503906e+01;-1.5525620710287726e+01;-1.5525555610656738e+01;-1.5522411346435547e+01;-1.5525620710288990e+01;-1.5524169921875000e+01
3;205000000;-4.1319721588140635e+02;-4.1319714355468750e+02;-4.1319721588140459e+02;-4.1319720458984375e+02;-4.1320123291015625e+02;-4.1319721588141044e+02;-4.1319506835937500e+02
4;205000000;-6.0663474043263102e+02;-6.0663397216796875e+02;-6.0663474043262806e+02;-6.0663476562500000e+02;-6.0663214111328125e+02;-6.0663474043261658e+02;-6.0663330078125000e+02
5;205000000;-6.9244545707013390e+02;-6.9244885253906250e+02;-6.9244545707012605e+02;-6.9244543457031250e+02;-6.9244848632812500e+02;-6.9244545707012503e+02;-6.9244262695312500e+02
6;205000000;-1.0991725661799883e+03;-1.0991696777343750e+03;-1.0991725661799835e+03;-1.0991724853515625e+03;-1.0991732177734375e+03;-1.0991725661799817e+03;-1.0991713867187500e+03
7;205000000;-8.1793193183412484e+02;-8.1793389892578125e+02;-8.1793193183411972e+02;-8.1793188476562500e+02;-8.1793151855468750e+02;-8.1793193183412552e+02;-8.1792810058593750e+02
8;205000000;-2.7785691475381141e+03;-2.7785664062500000e+03;-2.7785691475381200e+03;-2.7785690917968750e+03;-2.7785690917968750e+03;-2.7785691475381277e+03;-2.7785668945312500e+03
9;205000000;-2.4638287431818626e+03;-2.4638332519531250e+03;-2.4638287431818676e+03;-2.4638286132812500e+03;-2.4638339843750000e+03;-2.4638287431818680e+03;-2.4638276367187500e+03
0;207000000;2.9111696002687877e+03;2.9111667480468750e+03;2.9111696002687895e+03;2.9111696777343750e+03;2.9111682128906250e+03;2.9111696002687772e+03;2.9111708984375000e+03
1;207000000;6.7051966143387153e+02;6.7052105712890625e+02;6.7051966143387506e+02;6.7051977539062500e+02;6.7052014160156250e+02;6.7051966143387290e+02;6.7051885986328125e+02
2;207000000;-4.9671914603840219e+02;-4.9672253417968750e+02;-4.9671914603840503e+02;-4.9671905517578125e+02;-4.9672338867187500e+02;-4.9671914603840196e+02;-4.9671801757812500e+02
3;207000000;-6.4626343564347690e+02;-6.4626367187500000e+02;-6.4626343564347803e+02;-6.4626342773437500e+02;-6.4626586914062500e+02;-6.4626343564348417e+02;-6.4626245117187500e+02
4;207000000;-4.4016282161295896e+02;-4.4016259765625000e+02;-4.4016282161296056e+02;-4.4016281127929688e+02;-4.4015924072265625e+02;-4.4016282161295567e+02;-4.4016210937500000e+02
5;207000000;-8.3953026555679548e+02;-8.3953326416015625e+02;-8.3953026555679401e+02;-8.3953021240234375e+02;-8.3953717041015625e+02;-8.3953026555678935e+02;-8.3952807617187500e+02
6;207000000;-1.3687692376238595e+03;-1.3687712402343750e+03;-1.3687692376238556e+03;-1.3687692871093750e+03;-1.3687690429687500e+03;-1.3687692376238629e+03;-1.3687664794921875e+03
7;207000000;-9.6872445943125069e+02;-9.6872564697265625e+02;-9.6872445943124399e+02;-9.6872442626953125e+02;-9.6872210693359375e+02;-9.6872445943124512e+02;-9.6872155761718750e+02
8;207000000;-2.5185023665919884e+03;-2.5185039062500000e+03;-2.5185023665919975e+03;-2.5185021972656250e+03;-2.5185051269531250e+03;-2.5185023665919989e+03;-2.5185009765625000e+03
9;207000000;-2.2803842172910640e+03;-2.2803833007812500e+03;-2.2803842172910677e+03;-2.2803842773437500e+03;-2.2803815917968750e+03;-2.2803842172910613e+03;-2.2803833007812500e+03
0;209000000;3.6053790683748061e+03;3.6053774414062500e+03;3.6053790683748061e+03;3.6053791503906250e+03;3.6053737792968750e+03;3.6053790683748039e+03;3.6053793945312500e+03
1;209000000;2.5987003291913625e+03;2.5987028808593750e+03;2.5987003291913661e+03;2.5987004394531250e+03;2.5986989746093750e+03;2.5987003291913652e+03;2.5986992187500000e+03
2;209000000;6.2954973914831449e+01;6.2951850891113281e+01;6.2954973914825068e+01;6.2955062866210938e+01;6.2951519012451172e+01;6.2954973914831953e+01;6.2956298828125000e+01
3;209000000;-1.0504715589190448e+03;-1.0504781494140625e+03;-1.0504715589190423e+03;-1.0504715576171875e+03;-1.0504791259765625e+03;-1.0504715589190521e+03;-1.0504692382812500e+03
4;209000000;5.9351706977726636e+01;5.9347671508789062e+01;5.9351706977720113e+01;5.9351711273193359e+01;5.9349143981933594e+01;5.9351706977728099e+01;5.9354125976562500e+01
5;209000000;-1.1184537978694439e+03;-1.1184509277343750e+03;-1.1184537978694320e+03;-1.1184537353515625e+03;-1.1184528808593750e+03;-1.1184537978694350e+03;-1.1184509277343750e+03
6;209000000;-9.2958526258991697e+02;-9.2958624267578125e+02;-9.2958526258991435e+02;-9.2958526611328125e+02;-9.2958782958984375e+02;-9.2958526258991606e+02;-9.2958251953125000e+02
7;209000000;-1.7155180870369743e+03;-1.7155227050781250e+03;-1.7155180870369848e+03;-1.7155180664062500e+03;-1.7155198974609375e+03;-1.7155180870369722e+03;-1.7155157470703125e+03
8;209000000;-2.8478183031008170e+03;-2.8478295898437500e+03;-2.8478183031008211e+03;-2.8478183593750000e+03;-2.8478283691406250e+03;-2.8478183031008207e+03;-2.8478166503906250e+03
9;209000000;-2.6164833239557288e+03;-2.6164846191406250e+03;-2.6164833239557311e+03;-2.6164833984375000e+03;-2.6164831542968750e+03;-2.6164833239557265e+03;-2.6164814453125000e+03
0;211000000;3.3412817424405184e+03;3.3412766113281250e+03;3.3412817424405198e+03;3.3412817382812500e+03;3.3412753906250000e+03;3.3412817424405248e+03;3.3412812500000000e+03
1;211000000;2.8091830034443442e+03;2.8091818847656250e+03;2.8091830034443501e+03;2.8091831054687500e+03;2.8091833496093750e+03;2.8091830034443483e+03;2.8091811523437500e+03
2;211000000;7.7940024162531563e+02;7.7939508056640625e+02;7.7940024162531142e+02;7.7940032958984375e+02;7.7939910888671875e+02;7.7940024162530949e+02;7.7940087890625000e+02
3;211000000;-1.6788138714842453e+03;-1.6788160400390625e+03;-1.6788138714842485e+03;-1.6788138427734375e+03;-1.6788139648437500e+03;-1.6788138714842610e+03;-1.6788120117187500e+03
4;211000000;-2.4535030055446350e+02;-2.4535791015625000e+02;-2.4535030055447049e+02;-2.4535028076171875e+02;-2.4535226440429688e+02;-2.4535030055445691e+02;-2.4534838867187500e+02
5;211000000;-1.0406844297184282e+03;-1.0406890869140625e+03;-1.0406844297184259e+03;-1.0406844482421875e+03;-1.0406877441406250e+03;-1.0406844297184221e+03;-1.0406823730468750e+03
6;211000000;-1.3421516527938622e+03;-1.3421539306640625e+03;-1.3421516527938577e+03;-1.3421516113281250e+03;-1.3421536865234375e+03;-1.3421516527938652e+03;-1.3421492919921875e+03
7;211000000;-1.7742359354227774e+03;-1.7742388916015625e+03;-1.7742359354227819e+03;-1.7742359619140625e+03;-1.7742359619140625e+03;-1.7742359354227767e+03;-1.7742320556640625e+03
8;211000000;-2.8368384653754010e+03;-2.8368437500000000e+03;-2.8368384653754092e+03;-2.8368383789062500e+03;-2.8368454589843750e+03;-2.8368384653753965e+03;-2.8368376464843750e+03
9;211000000;-2.4354598469037951e+03;-2.4354587402343750e+03;-2.4354598469037924e+03;-2.4354597167968750e+03;-2.4354663085937500e+03;-2.4354598469037919e+03;-2.4354592285156250e+03
0;213000000;4.1717625955489375e+03;4.1717568359375000e+03;4.1717625955489366e+03;4.1717626953125000e+03;4.1717612304687500e+03;4.1717625955489311e+03;4.1717631835937500e+03
1;213000000;3.5561315304454192e+03;3.5561303710937500e+03;3.5561315304454233e+03;3.5561315917968750e+03;3.5561345214843750e+03;3.5561315304454201e+03;3.5561308593750000e+03
2;213000000;2.9372681720311648e+03;2.9372673339843750e+03;2.9372681720311739e+03;2.9372683105468750e+03;2.9372666015625000e+03;2.9372681720311621e+03;2.9372668457031250e+03
3;213000000;-8.7500384860398367e+02;-8.7500695800781250e+02;-8.7500384860398174e+02;-8.7500384521484375e+02;-8.7500640869140625e+02;-8.7500384860396821e+02;-8.7500207519531250e+02
4;213000000;-6.5478947870230741e+02;-6.5478631591796875e+02;-6.5478947870230365e+02;-6.5478948974609375e+02;-6.5478070068359375e+02;-6.5478947870229740e+02;-6.5478808593750000e+02
5;213000000;-6.9291085773047644e+02;-6.9291595458984375e+02;-6.9291085773047723e+02;-6.9291082763671875e+02;-6.9291058349609375e+02;-6.9291085773049122e+02;-6.9290771484375000e+02
6;213000000;-1.5771674733058883e+03;-1.5771646728515625e+03;-1.5771674733058830e+03;-1.5771674804687500e+03;-1.5771624755859375e+03;-1.5771674733058896e+03;-1.5771649169921875e+03
7;213000000;-1.3731240655136637e+03;-1.3731293945312500e+03;-1.3731240655136573e+03;-1.3731240234375000e+03;-1.3731279296875000e+03;-1.3731240655136614e+03;-1.3731214599609375e+03
8;213000000;-3.5047990628909506e+03;-3.5048012695312500e+03;-3.5047990628909383e+03;-3.5047990722656250e+03;-3.5048002929687500e+03;-3.5047990628909415e+03;-3.5047966308593750e+03
9;213000000;-2.6483694839495033e+03;-2.6483701171875000e+03;-2.6483694839494988e+03;-2.6483693847656250e+03;-2.6483708496093750e+03;-2.6483694839494992e+03;-2.6483703613281250e+03
0;215000000;3.8920727703637745e+03;3.8920729980468750e+03;3.8920727703637749e+03;3.8920727539062500e+03;3.8920742187500000e+03;3.8920727703637708e+03;3.8920732421875000e+03
1;215000000;3.3738546259369950e+03;3.3738510742187500e+03;3.3738546259369932e+03;3.3738547363281250e+03;3.3738510742187500e+03;3.3738546259369868e+03;3.3738557128906250e+03
2;215000000;2.8885413503764257e+03;2.8885456542968750e+03;2.8885413503764280e+03;2.8885415039062500e+03;2.8885412597656250e+03;2.8885413503764189e+03;2.8885407714843750e+03
3;215000000;1.6188164631071749e+02;1.6187890625000000e+02;1.6188164631072726e+02;1.6188165283203125e+02;1.6188081359863281e+02;1.6188164631071481e+02;1.6188281250000000e+02
4;215000000;-9.2126573766364118e+02;-9.2126324462890625e+02;-9.2126573766363776e+02;-9.2126568603515625e+02;-9.2126171875000000e+02;-9.2126573766363572e+02;-9.2126489257812500e+02
5;215000000;-1.1018067735841207e+03;-1.1018081054687500e+03;-1.1018067735841180e+03;-1.1018067626953125e+03;-1.1018083496093750e+03;-1.1018067735841298e+03;-1.1018051757812500e+03
6;215000000;-1.4680381754771929e+03;-1.4680341796875000e+03;-1.4680381754771938e+03;-1.4680380859375000e+03;-1.4680377197265625e+03;-1.4680381754771922e+03;-1.4680351562500000e+03
7;215000000;-1.8143845493680542e+03;-1.8143837890625000e+03;-1.8143845493680499e+03;-1.8143845214843750e+03;-1.8143825683593750e+03;-1.8143845493680503e+03;-1.8143811035156250e+03
8;215000000;-3.8455261056712170e+03;-3.8455297851562500e+03;-3.8455261056712275e+03;-3.8455261230468750e+03;-3.8455295410156250e+03;-3.8455261056712225e+03;-3.8455241699218750e+03
9;215000000;-2.5666474818538522e+03;-2.5666452636718750e+03;-2.5666474818538509e+03;-2.5666474609375000e+03;-2.5666484375000000e+03;-2.5666474818538463e+03;-2.5666477050781250e+03
0;217000000;4.1076442613591498e+03;4.1076386718750000e+03;4.1076442613591453e+03;4.1076445312500000e+03;4.1076367187500000e+03;4.1076442613591435e+03;4.1076464843750000e+03
1;217000000;3.9383047802367291e+03;3.9383027343750000e+03;3.9383047802367400e+03;3.9383049316406250e+03;3.9383020019531250e+03;3.9383047802367273e+03;3.9383063964843750e+03
2;217000000;3.4528552139921180e+03;3.4528608398437500e+03;3.4528552139921062e+03;3.4528552246093750e+03;3.4528583984375000e+03;3.4528552139921048e+03;3.4528554687500000e+03
3;217000000;1.9605240661173041e+03;1.9605234375000000e+03;1.9605240661173029e+03;1.9605240478515625e+03;1.9605223388671875e+03;1.9605240661172963e+03;1.9605253906250000e+03
4;217000000;-4.7867062243418115e+02;-4.7867187500000000e+02;-4.7867062243419377e+02;-4.7867059326171875e+02;-4.7867184448242188e+02;-4.7867062243419082e+02;-4.7866845703125000e+02
5;217000000;-1.6456792079652946e+03;-1.6456752929687500e+03;-1.6456792079652957e+03;-1.6456791992187500e+03;-1.6456798095703125e+03;-1.6456792079652910e+03;-1.6456770019531250e+03
6;217000000;-9.7758884892780509e+02;-9.7758813476562500e+02;-9.7758884892780884e+02;-9.7758880615234375e+02;-9.7759320068359375e+02;-9.7758884892780725e+02;-9.7758642578125000e+02
7;217000000;-2.3145973891971466e+03;-2.3145920410156250e+03;-2.3145973891971489e+03;-2.3145974121093750e+03;-2.3145981445312500e+03;-2.3145973891971425e+03;-2.3145937500000000e+03
8;217000000;-3.1598335569885789e+03;-3.1598308105468750e+03;-3.1598335569885735e+03;-3.1598334960937500e+03;-3.1598342285156250e+03;-3.1598335569885689e+03;-3.1598315429687500e+03
9;217000000;-3.5401031813847449e+03;-3.5401071777343750e+03;-3.5401031813847367e+03;-3.5401030273437500e+03;-3.5401062011718750e+03;-3.5401031813847562e+03;-3.5401020507812500e+03
0;219000000;3.5330468218368196e+03;3.5330461425781250e+03;3.5330468218368137e+03;3.5330468750000000e+03;3.5330451660156250e+03;3.5330468218368178e+03;3.5330478515625000e+03
1;219000000;3.7633883497104616e+03;3.7633850097656250e+03;3.7633883497104589e+03;3.7633884277343750e+03;3.7633869628906250e+03;3.7633883497104507e+03;3.7633894042968750e+03
2;219000000;3.6062547047865128e+03;3.6062548828125000e+03;3.6062547047865141e+03;3.6062546386718750e+03;3.6062614746093750e+03;3.6062547047865019e+03;3.6062541503906250e+03
3;219000000;1.9922739485555076e+03;1.9922739257812500e+03;1.9922739485554998e+03;1.9922739257812500e+03;1.9922734375000000e+03;1.9922739485554937e+03;1.9922746582031250e+03
4;219000000;5.4227418959177476e+02;5.4227392578125000e+02;5.4227418959177714e+02;5.4227416992187500e+02;5.4227532958984375e+02;5.4227418959177817e+02;5.4227709960937500e+02
5;219000000;-1.5039708280528562e+03;-1.5039636230468750e+03;-1.5039708280528496e+03;-1.5039707031250000e+03;-1.5039689941406250e+03;-1.5039708280528484e+03;-1.5039692382812500e+03
6;219000000;-1.5472556511791561e+03;-1.5472573242187500e+03;-1.5472556511791583e+03;-1.5472556152343750e+03;-1.5472561035156250e+03;-1.5472556511791572e+03;-1.5472537841796875e+03
7;219000000;-1.9921074654755096e+03;-1.9921035156250000e+03;-1.9921074654755016e+03;-1.9921074218750000e+03;-1.9921049804687500e+03;-1.9921074654755018e+03;-1.9921049804687500e+03
8;219000000;-3.9798912817424375e+03;-3.9798842773437500e+03;-3.9798912817424321e+03;-3.9798911132812500e+03;-3.9798823242187500e+03;-3.9798912817424316e+03;-3.9798891601562500e+03
9;219000000;-3.6442451421083774e+03;-3.6442495117187500e+03;-3.6442451421083774e+03;-3.6442451171875000e+03;-3.6442456054687500e+03;-3.6442451421083883e+03;-3.6442436523437500e+03
0;221000000;3.6219538383877562e+03;3.6219492187500000e+03;3.6219538383877634e+03;3.6219538574218750e+03;3.6219501953125000e+03;3.6219538383877548e+03;3.6219562988281250e+03
1;221000000;3.8168174302603720e+03;3.8168137207031250e+03;3.8168174302603729e+03;3.8168176269531250e+03;3.8168134765625000e+03;3.8168174302603757e+03;3.8168178710937500e+03
2;221000000;4.3149387306553563e+03;4.3149414062500000e+03;4.3149387306553599e+03;4.3149389648437500e+03;4.3149423828125000e+03;4.3149387306553499e+03;4.3149404296875000e+03
3;221000000;2.2138158196740478e+03;2.2138127441406250e+03;2.2138158196740469e+03;2.2138156738281250e+03;2.2138129882812500e+03;2.2138158196740369e+03;2.2138171386718750e+03
4;221000000;2.4489758023679042e+03;2.4489819335937500e+03;2.4489758023679096e+03;2.4489758300781250e+03;2.4489792480468750e+03;2.4489758023679119e+03;2.4489758300781250e+03
5;221000000;-9.5988890327526985e+02;-9.5988543701171875e+02;-9.5988890327527020e+02;-9.5988885498046875e+02;-9.5988684082031250e+02;-9.5988890327527179e+02;-9.5988720703125000e+02
6;221000000;-1.8265231991346270e+03;-1.8265244140625000e+03;-1.8265231991346263e+03;-1.8265231933593750e+03;-1.8265234375000000e+03;-1.8265231991346411e+03;-1.8265200195312500e+03
7;221000000;-1.7873841854066891e+03;-1.7873873291015625e+03;-1.7873841854066927e+03;-1.7873841552734375e+03;-1.7873811035156250e+03;-1.7873841854066920e+03;-1.7873811035156250e+03
8;221000000;-4.0266834537547970e+03;-4.0266840820312500e+03;-4.0266834537548011e+03;-4.0266833496093750e+03;-4.0266796875000000e+03;-4.0266834537548148e+03;-4.0266811523437500e+03
9;221000000;-3.2285824190566627e+03;-3.2285798339843750e+03;-3.2285824190566559e+03;-3.2285822753906250e+03;-3.2285859375000000e+03;-3.2285824190566645e+03;-3.2285817871093750e+03
0;223000000;4.0736072532323724e+03;4.0736081542968750e+03;4.0736072532323715e+03;4.0736074218750000e+03;4.0736079101562500e+03;4.0736072532323665e+03;4.0736093750000000e+03
1;223000000;3.4214829739957154e+03;3.4214799804687500e+03;3.4214829739957127e+03;3.4214831542968750e+03;3.4214790039062500e+03;3.4214829739957140e+03;3.4214848632812500e+03
2;223000000;3.5597373503127988e+03;3.5597375488281250e+03;3.5597373503127988e+03;3.5597373046875000e+03;3.5597370605468750e+03;3.5597373503127860e+03;3.5597377929687500e+03
3;223000000;2.6520737574440714e+03;2.6520742187500000e+03;2.6520737574440750e+03;2.6520737304687500e+03;2.6520729980468750e+03;2.6520737574440614e+03;2.6520766601562500e+03
4;223000000;2.5120106173633867e+03;2.5120185546875000e+03;2.5120106173633835e+03;2.5120104980468750e+03;2.5120173339843750e+03;2.5120106173633890e+03;2.5120117187500000e+03
5;223000000;2.1799307364439862e+01;2.1800300598144531e+01;2.1799307364433197e+01;2.1799343109130859e+01;2.1801811218261719e+01;2.1799307364433616e+01;2.1800781250000000e+01
6;223000000;-1.4904092130317317e+03;-1.4904074707031250e+03;-1.4904092130317279e+03;-1.4904091796875000e+03;-1.4904085693359375e+03;-1.4904092130317338e+03;-1.4904073486328125e+03
7;223000000;-2.1174621227605935e+03;-2.1174645996093750e+03;-2.1174621227605990e+03;-2.1174621582031250e+03;-2.1174594726562500e+03;-2.1174621227606008e+03;-2.1174589843750000e+03
8;223000000;-4.0050259837681301e+03;-4.0050234375000000e+03;-4.0050259837681260e+03;-4.0050258789062500e+03;-4.0050261230468750e+03;-4.0050259837681442e+03;-4.0050239257812500e+03
9;223000000;-3.7347908019088522e+03;-3.7347958984375000e+03;-3.7347908019088604e+03;-3.7347907714843750e+03;-3.7347888183593750e+03;-3.7347908019088673e+03;-3.7347888183593750e+03
0;225000000;4.5566401465408435e+03;4.5566381835937500e+03;4.5566401465408435e+03;4.5566401367187500e+03;4.5566396484375000e+03;4.5566401465408317e+03;4.5566416015625000e+03
1;225000000;3.4412565869244659e+03;3.4412529296875000e+03;3.4412565869244659e+03;3.4412565917968750e+03;3.4412546386718750e+03;3.4412565869244600e+03;3.4412583007812500e+03
2;225000000;3.7938857294096642e+03;3.7938857421875000e+03;3.7938857294096556e+03;3.7938857421875000e+03;3.7938850097656250e+03;3.7938857294096442e+03;3.7938859863281250e+03
3;225000000;3.2956713848742620e+03;3.2956682128906250e+03;3.2956713848742575e+03;3.2956713867187500e+03;3.2956713867187500e+03;3.2956713848742575e+03;3.2956740722656250e+03
4;225000000;2.3041926793582097e+03;2.3041950683593750e+03;2.3041926793582024e+03;2.3041926269531250e+03;2.3041933593750000e+03;2.3041926793582033e+03;2.3041945800781250e+03
5;225000000;1.6688945407786896e+03;1.6688958740234375e+03;1.6688945407786950e+03;1.6688945312500000e+03;1.6688950195312500e+03;1.6688945407786898e+03;1.6688962402343750e+03
6;225000000;-1.2283544959319102e+03;-1.2283569335937500e+03;-1.2283544959319086e+03;-1.2283544921875000e+03;-1.2283520507812500e+03;-1.2283544959319036e+03;-1.2283527832031250e+03
7;225000000;-2.5199761123754743e+03;-2.5199714355468750e+03;-2.5199761123754788e+03;-2.5199760742187500e+03;-2.5199726562500000e+03;-2.5199761123754761e+03;-2.5199721679687500e+03
8;225000000;-3.6138095170696433e+03;-3.6138098144531250e+03;-3.6138095170696429e+03;-3.6138093261718750e+03;-3.6138088378906250e+03;-3.6138095170696506e+03;-3.6138073730468750e+03
9;225000000;-3.8077376857551785e+03;-3.8077358398437500e+03;-3.8077376857551803e+03;-3.8077375488281250e+03;-3.8077324218750000e+03;-3.8077376857551781e+03;-3.8077368164062500e+03
0;227000000;4.5221243732351695e+03;4.5221220703125000e+03;4.5221243732351686e+03;4.5221245117187500e+03;4.5221225585937500e+03;4.5221243732351559e+03;4.5221264648437500e+03
1;227000000;4.1528209134372855e+03;4.1528159179687500e+03;4.1528209134372792e+03;4.1528208007812500e+03;4.1528154296875000e+03;4.1528209134372710e+03;4.1528212890625000e+03
2;227000000;3.4461262896009903e+03;3.4461237792968750e+03;3.4461262896009921e+03;3.4461262207031250e+03;3.4461198730468750e+03;3.4461262896009780e+03;3.4461279296875000e+03
3;227000000;2.6404609977846662e+03;2.6404609375000000e+03;2.6404609977846649e+03;2.6404609375000000e+03;2.6404565429687500e+03;2.6404609977846580e+03;2.6404638671875000e+03
4;227000000;2.8911338306440548e+03;2.8911357421875000e+03;2.8911338306440521e+03;2.8911337890625000e+03;2.8911337890625000e+03;2.8911338306440521e+03;2.8911354980468750e+03
5;227000000;2.0913131646943998e+03;2.0913107910156250e+03;2.0913131646944016e+03;2.0913132324218750e+03;2.0913063964843750e+03;2.0913131646943975e+03;2.0913149414062500e+03
6;227000000;1.8996353725219586e+02;1.8996392822265625e+02;1.8996353725219086e+02;1.8996356201171875e+02;1.8996499633789062e+02;1.8996353725218614e+02;1.8996484375000000e+02
7;227000000;-2.0318465843357674e+03;-2.0318463134765625e+03;-2.0318465843357683e+03;-2.0318465576171875e+03;-2.0318446044921875e+03;-2.0318465843357671e+03;-2.0318441162109375e+03
8;227000000;-4.0657245242981612e+03;-4.0657292480468750e+03;-4.0657245242981644e+03;-4.0657243652343750e+03;-4.0657287597656250e+03;-4.0657245242981562e+03;-4.0657233886718750e+03
9;227000000;-3.6267684369531303e+03;-3.6267673339843750e+03;-3.6267684369531271e+03;-3.6267683105468750e+03;-3.6267670898437500e+03;-3.6267684369531262e+03;-3.6267656250000000e+03
0;229000000;5.3739337250236767e+03;5.3739321289062500e+03;5.3739337250236722e+03;5.3739335937500000e+03;5.3739355468750000e+03;5.3739337250236658e+03;5.3739370117187500e+03
1;229000000;4.4415118630735860e+03;4.4415097656250000e+03;4.4415118630735897e+03;4.4415117187500000e+03;4.4415092773437500e+03;4.4415118630735842e+03;4.4415117187500000e+03
2;229000000;3.7311124483366038e+03;3.7311123046875000e+03;3.7311124483366088e+03;3.7311125488281250e+03;3.7311113281250000e+03;3.7311124483365957e+03;3.7311140136718750e+03
3;229000000;2.6691296490238533e+03;2.6691267089843750e+03;2.6691296490238460e+03;2.6691296386718750e+03;2.6691259765625000e+03;2.6691296490238424e+03;2.6691333007812500e+03
4;229000000;3.6988867079660304e+03;3.6988850097656250e+03;3.6988867079660213e+03;3.6988867187500000e+03;3.6988891601562500e+03;3.6988867079660231e+03;3.6988884277343750e+03
5;229000000;1.7823274383525702e+03;1.7823243408203125e+03;1.7823274383525704e+03;1.7823273925781250e+03;1.7823236083984375e+03;1.7823274383525654e+03;1.7823303222656250e+03
6;229000000;1.3115055926236555e+03;1.3115036621093750e+03;1.3115055926236528e+03;1.3115056152343750e+03;1.3115065917968750e+03;1.3115055926236437e+03;1.3115065917968750e+03
7;229000000;-1.4811942150713376e+03;-1.4811917724609375e+03;-1.4811942150713385e+03;-1.4811940917968750e+03;-1.4811903076171875e+03;-1.4811942150713387e+03;-1.4811920166015625e+03
8;229000000;-4.3678719024457951e+03;-4.3678750000000000e+03;-4.3678719024457987e+03;-4.3678715820312500e+03;-4.3678740234375000e+03;-4.3678719024457941e+03;-4.3678706054687500e+03
9;229000000;-3.3360998772736016e+03;-3.3360937500000000e+03;-3.3360998772736016e+03;-3.3360998535156250e+03;-3.3360949707031250e+03;-3.3360998772736111e+03;-3.3361000976562500e+03
0;231000000;5.3467541087307754e+03;5.3467529296875000e+03;5.3467541087307691e+03;5.3467539062500000e+03;5.3467504882812500e+03;5.3467541087307618e+03;5.3467558593750000e+03
1;231000000;4.6435496248563377e+03;4.6435468750000000e+03;4.6435496248563477e+03;4.6435498046875000e+03;4.6435444335937500e+03;4.6435496248563386e+03;4.6435502929687500e+03
2;231000000;4.1394475410790901e+03;4.1394467773437500e+03;4.1394475410790837e+03;4.1394477539062500e+03;4.1394472656250000e+03;4.1394475410790810e+03;4.1394487304687500e+03
3;231000000;2.5981240252524626e+03;2.5981259765625000e+03;2.5981240252524599e+03;2.5981240234375000e+03;2.5981232910156250e+03;2.5981240252524581e+03;2.5981264648437500e+03
4;231000000;3.1970719418148478e+03;3.1970727539062500e+03;3.1970719418148497e+03;3.1970720214843750e+03;3.1970727539062500e+03;3.1970719418148474e+03;3.1970739746093750e+03
5;231000000;2.6461371188751982e+03;2.6461413574218750e+03;2.6461371188752000e+03;2.6461372070312500e+03;2.6461372070312500e+03;2.6461371188751928e+03;2.6461386718750000e+03
6;231000000;1.6446209230675131e+03;1.6446199951171875e+03;1.6446209230675179e+03;1.6446209716796875e+03;1.6446149902343750e+03;1.6446209230675108e+03;1.6446229248046875e+03
7;231000000;-1.7893845870386437e+02;-1.7893806457519531e+02;-1.7893845870386784e+02;-1.7893841552734375e+02;-1.7893890380859375e+02;-1.7893845870386758e+02;-1.7893713378906250e+02
8;231000000;-4.0177240136583359e+03;-4.0177202148437500e+03;-4.0177240136583364e+03;-4.0177238769531250e+03;-4.0177250976562500e+03;-4.0177240136583309e+03;-4.0177226562500000e+03
9;231000000;-3.9202426055875153e+03;-3.9202436523437500e+03;-3.9202426055875271e+03;-3.9202424316406250e+03;-3.9202480468750000e+03;-3.9202426055875303e+03;-3.9202414550781250e+03
0;233000000;5.5122721274169435e+03;5.5122709960937500e+03;5.5122721274169398e+03;5.5122719726562500e+03;5.5122670898437500e+03;5.5122721274169335e+03;5.5122739257812500e+03
1;233000000;5.1989821281569903e+03;5.1989829101562500e+03;5.1989821281569848e+03;5.1989819335937500e+03;5.1989780273437500e+03;5.1989821281569912e+03;5.1989824218750000e+03
2;233000000;4.6282880729843446e+03;4.6282817382812500e+03;4.6282880729843473e+03;4.6282880859375000e+03;4.6282817382812500e+03;4.6282880729843309e+03;4.6282895507812500e+03
3;233000000;2.9760469069419328e+03;2.9760432128906250e+03;2.9760469069419296e+03;2.9760468750000000e+03;2.9760419921875000e+03;2.9760469069419346e+03;2.9760488281250000e+03
4;233000000;2.6975152797259116e+03;2.6975183105468750e+03;2.6975152797259111e+03;2.6975153808593750e+03;2.6975175781250000e+03;2.6975152797259097e+03;2.6975173339843750e+03
5;233000000;3.0543693108507650e+03;3.0543701171875000e+03;3.0543693108507659e+03;3.0543693847656250e+03;3.0543681640625000e+03;3.0543693108507687e+03;3.0543715820312500e+03
6;233000000;1.5580346859767276e+03;1.5580324707031250e+03;1.5580346859767290e+03;1.5580346679687500e+03;1.5580317382812500e+03;1.5580346859767242e+03;1.5580362548828125e+03
7;233000000;7.0822886778259590e+02;7.0822595214843750e+02;7.0822886778258726e+02;7.0822888183593750e+02;7.0822735595703125e+02;7.0822886778258885e+02;7.0823193359375000e+02
8;233000000;-3.2295899839848803e+03;-3.2295920410156250e+03;-3.2295899839848839e+03;-3.2295898437500000e+03;-3.2295895996093750e+03;-3.2295899839848844e+03;-3.2295883789062500e+03
9;233000000;-4.2688592456783208e+03;-4.2688691406250000e+03;-4.2688592456783172e+03;-4.2688593750000000e+03;-4.2688754882812500e+03;-4.2688592456783190e+03;-4.2688603515625000e+03
0;235000000;6.1383677565361741e+03;6.1383681640625000e+03;6.1383677565361759e+03;6.1383676757812500e+03;6.1383637695312500e+03;6.1383677565361722e+03;6.1383710937500000e+03
1;235000000;5.2277145927660513e+03;5.2277163085937500e+03;5.2277145927660540e+03;5.2277143554687500e+03;5.2277114257812500e+03;5.2277145927660604e+03;5.2277163085937500e+03
2;235000000;4.7340431461608705e+03;4.7340361328125000e+03;4.7340431461608687e+03;4.7340429687500000e+03;4.7340385742187500e+03;4.7340431461608587e+03;4.7340458984375000e+03
3;235000000;3.2401742109879619e+03;3.2401755371093750e+03;3.2401742109879597e+03;3.2401740722656250e+03;3.2401733398437500e+03;3.2401742109879528e+03;3.2401765136718750e+03
4;235000000;2.7266292248024615e+03;2.7266311035156250e+03;2.7266292248024683e+03;2.7266291503906250e+03;2.7266335449218750e+03;2.7266292248024665e+03;2.7266311035156250e+03
5;235000000;2.9390514486570783e+03;2.9390510253906250e+03;2.9390514486570787e+03;2.9390515136718750e+03;2.9390510253906250e+03;2.9390514486570823e+03;2.9390541992187500e+03
6;235000000;2.6325191634696894e+03;2.6325214843750000e+03;2.6325191634696907e+03;2.6325190429687500e+03;2.6325197753906250e+03;2.6325191634696821e+03;2.6325214843750000e+03
7;235000000;1.3546047572605535e+03;1.3546031494140625e+03;1.3546047572605539e+03;1.3546047363281250e+03;1.3546010742187500e+03;1.3546047572605548e+03;1.3546062011718750e+03
8;235000000;-1.6034901729538035e+03;-1.6034913330078125e+03;-1.6034901729538055e+03;-1.6034901123046875e+03;-1.6034957275390625e+03;-1.6034901729538115e+03;-1.6034902343750000e+03
9;235000000;-3.7397524846861779e+03;-3.7397497558593750e+03;-3.7397524846861688e+03;-3.7397524414062500e+03;-3.7397521972656250e+03;-3.7397524846861634e+03;-3.7397534179687500e+03
0;237000000;5.9562904663175968e+03;5.9562949218750000e+03;5.9562904663175905e+03;5.9562905273437500e+03;5.9562939453125000e+03;5.9562904663175996e+03;5.9562939453125000e+03
1;237000000;5.6119061215847532e+03;5.6119091796875000e+03;5.6119061215847496e+03;5.6119062500000000e+03;5.6119086914062500e+03;5.6119061215847487e+03;5.6119067382812500e+03
2;237000000;5.1992698520256281e+03;5.1992675781250000e+03;5.1992698520256372e+03;5.1992700195312500e+03;5.1992690429687500e+03;5.1992698520256272e+03;5.1992714843750000e+03
3;237000000;3.7005584623393261e+03;3.7005583496093750e+03;3.7005584623393293e+03;3.7005583496093750e+03;3.7005617675781250e+03;3.7005584623393256e+03;3.7005615234375000e+03
4;237000000;3.5747854755178018e+03;3.5747858886718750e+03;3.5747854755177996e+03;3.5747854003906250e+03;3.5747846679687500e+03;3.5747854755177950e+03;3.5747890625000000e+03
5;237000000;2.1603245792709372e+03;2.1603188476562500e+03;2.1603245792709340e+03;2.1603247070312500e+03;2.1603195800781250e+03;2.1603245792709322e+03;2.1603269042968750e+03
6;237000000;2.6515394962027040e+03;2.6515419921875000e+03;2.6515394962027049e+03;2.6515395507812500e+03;2.6515402832031250e+03;2.6515394962027044e+03;2.6515419921875000e+03
7;237000000;9.9092661549225079e+02;9.9092846679687500e+02;9.9092661549225375e+02;9.9092663574218750e+02;9.9092834472656250e+02;9.9092661549224931e+02;9.9092907714843750e+02
8;237000000;-1.2305804816143977e+03;-1.2305885009765625e+03;-1.2305804816144073e+03;-1.2305804443359375e+03;-1.2305837402343750e+03;-1.2305804816144098e+03;-1.2305798339843750e+03
9;237000000;-3.2154433229200467e+03;-3.2154375000000000e+03;-3.2154433229200463e+03;-3.2154433593750000e+03;-3.2154433593750000e+03;-3.2154433229200422e+03;-3.2154438476562500e+03
0;239000000;5.4212769610494961e+03;5.4212788085937500e+03;5.4212769610494988e+03;5.4212768554687500e+03;5.4212763671875000e+03;5.4212769610495006e+03;5.4212802734375000e+03
1;239000000;6.0007389062576349e+03;6.0007465820312500e+03;6.0007389062576312e+03;6.0007387695312500e+03;6.0007412109375000e+03;6.0007389062576394e+03;6.0007407226562500e+03
2;239000000;5.2823343163964155e+03;5.2823369140625000e+03;5.2823343163964128e+03;5.2823344726562500e+03;5.2823359375000000e+03;5.2823343163964028e+03;5.2823359375000000e+03
3;239000000;3.7253830466372374e+03;3.7253798828125000e+03;3.7253830466372328e+03;3.7253830566406250e+03;3.7253803710937500e+03;3.7253830466372256e+03;3.7253852539062500e+03
4;239000000;3.6772815327445023e+03;3.6772839355468750e+03;3.6772815327445037e+03;3.6772814941406250e+03;3.6772844238281250e+03;3.6772815327444955e+03;3.6772834472656250e+03
5;239000000;2.0683151537087715e+03;2.0683178710937500e+03;2.0683151537087770e+03;2.0683151855468750e+03;2.0683183593750000e+03;2.0683151537087674e+03;2.0683186035156250e+03
6;239000000;2.3938205703159742e+03;2.3938168945312500e+03;2.3938205703159692e+03;2.3938205566406250e+03;2.3938205566406250e+03;2.3938205703159720e+03;2.3938232421875000e+03
7;239000000;1.9341742483005769e+03;1.9341744384765625e+03;1.9341742483005721e+03;1.9341743164062500e+03;1.9341759033203125e+03;1.9341742483005687e+03;1.9341765136718750e+03
8;239000000;-5.2191097179380927e+02;-5.2190783691406250e+02;-5.2191097179382461e+02;-5.2191094970703125e+02;-5.2191058349609375e+02;-5.2191097179381882e+02;-5.2190966796875000e+02
9;239000000;-1.0861254769855143e+03;-1.0861240234375000e+03;-1.0861254769855227e+03;-1.0861254882812500e+03;-1.0861269531250000e+03;-1.0861254769855218e+03;-1.0861267089843750e+03
0;241000000;5.3989791622542634e+03;5.3989785156250000e+03;5.3989791622542625e+03;5.3989790039062500e+03;5.3989765625000000e+03;5.3989791622542489e+03;5.3989833984375000e+03
1;241000000;5.8460253871923733e+03;5.8460253906250000e+03;5.8460253871923678e+03;5.8460253906250000e+03;5.8460278320312500e+03;5.8460253871923742e+03;5.8460258789062500e+03
2;241000000;5.5122890201721884e+03;5.5122919921875000e+03;5.5122890201721902e+03;5.5122890625000000e+03;5.5122900390625000e+03;5.5122890201721839e+03;5.5122910156250000e+03
3;241000000;4.0849261061861835e+03;4.0849230957031250e+03;4.0849261061861894e+03;4.0849260253906250e+03;4.0849267578125000e+03;4.0849261061861671e+03;4.0849296875000000e+03
4;241000000;4.2801893584212276e+03;4.2801889648437500e+03;4.2801893584212230e+03;4.2801894531250000e+03;4.2801909179687500e+03;4.2801893584212194e+03;4.2801914062500000e+03
5;241000000;2.8780718361710515e+03;2.8780712890625000e+03;2.8780718361710537e+03;2.8780717773437500e+03;2.8780722656250000e+03;2.8780718361710415e+03;2.8780754394531250e+03
6;241000000;1.8716119468329584e+03;1.8716115722656250e+03;1.8716119468329662e+03;1.8716119384765625e+03;1.8716101074218750e+03;1.8716119468329616e+03;1.8716135253906250e+03
7;241000000;1.8027018536603046e+03;1.8027017822265625e+03;1.8027018536602991e+03;1.8027019042968750e+03;1.8026994628906250e+03;1.8027018536602950e+03;1.8027033691406250e+03
8;241000000;-7.1618974120175835e+02;-7.1619061279296875e+02;-7.1618974120176426e+02;-7.1618969726562500e+02;-7.1619555664062500e+02;-7.1618974120176313e+02;-7.1618933105468750e+02
9;241000000;-9.7111231537930428e+02;-9.7110900878906250e+02;-9.7111231537929382e+02;-9.7111230468750000e+02;-9.7111846923828125e+02;-9.7111231537929757e+02;-9.7111346435546875e+02
0;243000000;5.4128971505581931e+03;5.4128945312500000e+03;5.4128971505581940e+03;5.4128969726562500e+03;5.4128950195312500e+03;5.4128971505581831e+03;5.4129013671875000e+03
1;243000000;5.7278348138639476e+03;5.7278320312500000e+03;5.7278348138639376e+03;5.7278349609375000e+03;5.7278334960937500e+03;5.7278348138639485e+03;5.7278359375000000e+03
2;243000000;6.3495738477624391e+03;6.3495722656250000e+03;6.3495738477624409e+03;6.3495737304687500e+03;6.3495673828125000e+03;6.3495738477624336e+03;6.3495751953125000e+03
3;243000000;4.2870865703275158e+03;4.2870834960937500e+03;4.2870865703275149e+03;4.2870864257812500e+03;4.2870834960937500e+03;4.2870865703275067e+03;4.2870903320312500e+03
4;243000000;4.1183732232374450e+03;4.1183706054687500e+03;4.1183732232374441e+03;4.1183730468750000e+03;4.1183730468750000e+03;4.1183732232374423e+03;4.1183759765625000e+03
5;243000000;2.9882118316349251e+03;2.9882097167968750e+03;2.9882118316349247e+03;2.9882119140625000e+03;2.9882094726562500e+03;2.9882118316349238e+03;2.9882143554687500e+03
6;243000000;1.8030739367397407e+03;1.8030718994140625e+03;1.8030739367397425e+03;1.8030739746093750e+03;1.8030772705078125e+03;1.8030739367397414e+03;1.8030761718750000e+03
7;243000000;1.9322715147346241e+03;1.9322689208984375e+03;1.9322715147346244e+03;1.9322716064453125e+03;1.9322707519531250e+03;1.9322715147346125e+03;1.9322751464843750e+03
8;243000000;7.6360963793256232e+01;7.6360794067382812e+01;7.6360963793245517e+01;7.6361022949218750e+01;7.6354118347167969e+01;7.6360963793249084e+01;7.6361816406250000e+01
9;243000000;-4.4035526947398074e+02;-4.4035101318359375e+02;-4.4035526947398040e+02;-4.4035525512695312e+02;-4.4035430908203125e+02;-4.4035526947397898e+02;-4.4035659790039062e+02
0;245000000;6.4911912049417933e+03;6.4911870117187500e+03;6.4911912049417888e+03;6.4911914062500000e+03;6.4911889648437500e+03;6.4911912049417833e+03;6.4911958007812500e+03
1;245000000;5.2521038873874832e+03;5.2520976562500000e+03;5.2521038873874759e+03;5.2521040039062500e+03;5.2520996093750000e+03;5.2521038873874804e+03;5.2521054687500000e+03
2;245000000;6.0151563930280372e+03;6.0151552734375000e+03;6.0151563930280372e+03;6.0151562500000000e+03;6.0151528320312500e+03;6.0151563930280263e+03;6.0151586914062500e+03
3;245000000;4.5338425978826644e+03;4.5338427734375000e+03;4.5338425978826535e+03;4.5338427734375000e+03;4.5338447265625000e+03;4.5338425978826599e+03;4.5338452148437500e+03
4;245000000;4.4867047415889483e+03;4.4867026367187500e+03;4.4867047415889556e+03;4.4867045898437500e+03;4.4867055664062500e+03;4.4867047415889483e+03;4.4867070312500000e+03
5;245000000;3.4958017072185608e+03;3.4957971191406250e+03;3.4958017072185567e+03;3.4958017578125000e+03;3.4957995605468750e+03;3.4958017072185576e+03;3.4958041992187500e+03
6;245000000;2.6070874967631344e+03;2.6070859375000000e+03;2.6070874967631239e+03;2.6070874023437500e+03;2.6070883789062500e+03;2.6070874967631257e+03;2.6070908203125000e+03
7;245000000;1.2415439007843879e+03;1.2415395507812500e+03;1.2415439007843861e+03;1.2415439453125000e+03;1.2415415039062500e+03;1.2415439007843806e+03;1.2415473632812500e+03
8;245000000;-3.2336699727921069e+02;-3.2337145996093750e+02;-3.2336699727921990e+02;-3.2336694335937500e+02;-3.2337408447265625e+02;-3.2336699727921678e+02;-3.2336596679687500e+02
9;245000000;-3.4877151128577333e+02;-3.4876788330078125e+02;-3.4877151128576759e+02;-3.4877148437500000e+02;-3.4876971435546875e+02;-3.4877151128577589e+02;-3.4877322387695312e+02
0;247000000;6.0379397795813884e+03;6.0379404296875000e+03;6.0379397795813857e+03;6.0379399414062500e+03;6.0379389648437500e+03;6.0379397795813766e+03;6.0379433593750000e+03
1;247000000;5.1704407881817096e+03;5.1704384765625000e+03;5.1704407881817151e+03;5.1704409179687500e+03;5.1704379882812500e+03;5.1704407881817115e+03;5.1704423828125000e+03
2;247000000;5.4139529832782291e+03;5.4139545898437500e+03;5.4139529832782355e+03;5.4139531250000000e+03;5.4139555664062500e+03;5.4139529832782273e+03;5.4139555664062500e+03
3;247000000;4.9880522733210719e+03;4.9880512695312500e+03;4.9880522733210692e+03;4.9880522460937500e+03;4.9880512695312500e+03;4.9880522733210591e+03;4.9880556640625000e+03
4;247000000;4.8842315990929965e+03;4.8842338867187500e+03;4.8842315990929937e+03;4.8842314453125000e+03;4.8842343750000000e+03;4.8842315990929956e+03;4.8842333984375000e+03
5;247000000;3.5503240069854332e+03;3.5503215332031250e+03;3.5503240069854373e+03;3.5503239746093750e+03;3.5503220214843750e+03;3.5503240069854392e+03;3.5503271484375000e+03
6;247000000;2.6177096863378124e+03;2.6177094726562500e+03;2.6177096863378065e+03;2.6177097167968750e+03;2.6177111816406250e+03;2.6177096863378006e+03;2.6177126464843750e+03
7;247000000;1.2928293987903644e+03;1.2928272705078125e+03;1.2928293987903671e+03;1.2928294677734375e+03;1.2928321533203125e+03;1.2928293987903594e+03;1.2928316650390625e+03
8;247000000;-6.1519228264249847e+01;-6.1520362854003906e+01;-6.1519228264258544e+01;-6.1519157409667969e+01;-6.1523361206054688e+01;-6.1519228264252433e+01;-6.1518066406250000e+01
9;247000000;2.6553725311414581e+02;2.6554196166992188e+02;2.6553725311414644e+02;2.6553729248046875e+02;2.6553979492187500e+02;2.6553725311413723e+02;2.6553726196289062e+02
0;249000000;5.5013204572135783e+03;5.5013217773437500e+03;5.5013204572135919e+03;5.5013203125000000e+03;5.5013203125000000e+03;5.5013204572135774e+03;5.5013247070312500e+03
1;249000000;6.1997933542396331e+03;6.1997993164062500e+03;6.1997933542396368e+03;6.1997934570312500e+03;6.1997958984375000e+03;6.1997933542396313e+03;6.1997958984375000e+03
2;249000000;5.2495923154442826e+03;5.2495927734375000e+03;5.2495923154442862e+03;5.2495922851562500e+03;5.2495903320312500e+03;5.2495923154442771e+03;5.2495947265625000e+03
3;249000000;4.8236416253173047e+03;4.8236396484375000e+03;4.8236416253173120e+03;4.8236416015625000e+03;4.8236372070312500e+03;4.8236416253173038e+03;4.8236459960937500e+03
4;249000000;5.0466429350154076e+03;5.0466386718750000e+03;5.0466429350153976e+03;5.0466430664062500e+03;5.0466435546875000e+03;5.0466429350154003e+03;5.0466450195312500e+03
5;249000000;3.9942044168326097e+03;3.9942043457031250e+03;3.9942044168326101e+03;3.9942043457031250e+03;3.9942050781250000e+03;3.9942044168326129e+03;3.9942072753906250e+03
6;249000000;3.1426836530831870e+03;3.1426806640625000e+03;3.1426836530831897e+03;3.1426835937500000e+03;3.1426831054687500e+03;3.1426836530831797e+03;3.1426867675781250e+03
7;249000000;1.9370752706348183e+03;1.9370765380859375e+03;1.9370752706348217e+03;1.9370753173828125e+03;1.9370744628906250e+03;1.9370752706348208e+03;1.9370786132812500e+03
8;249000000;-4.8751040242071610e+02;-4.8751333618164062e+02;-4.8751040242070667e+02;-4.8751034545898438e+02;-4.8752154541015625e+02;-4.8751040242071053e+02;-4.8750927734375000e+02
9;249000000;-2.9156719774949534e+02;-2.9156622314453125e+02;-2.9156719774949079e+02;-2.9156716918945312e+02;-2.9156555175781250e+02;-2.9156719774949079e+02;-2.9156768798828125e+02
0;251000000;5.5265419250086597e+03;5.5265390625000000e+03;5.5265419250086588e+03;5.5265419921875000e+03;5.5265478515625000e+03;5.5265419250086570e+03;5.5265463867187500e+03
1;251000000;5.9179021143250202e+03;5.9179067382812500e+03;5.9179021143250247e+03;5.9179023437500000e+03;5.9179067382812500e+03;5.9179021143250229e+03;5.9179042968750000e+03
2;251000000;4.9412975379301761e+03;4.9412993164062500e+03;4.9412975379301834e+03;4.9412973632812500e+03;4.9412973632812500e+03;4.9412975379301743e+03;4.9412993164062500e+03
3;251000000;4.5880830399747610e+03;4.5880810546875000e+03;4.5880830399747665e+03;4.5880830078125000e+03;4.5880800781250000e+03;4.5880830399747547e+03;4.5880869140625000e+03
4;251000000;5.2662093480905069e+03;5.2662075195312500e+03;5.2662093480905050e+03;5.2662094726562500e+03;5.2662065429687500e+03;5.2662093480905141e+03;5.2662128906250000e+03
5;251000000;4.2199574011303030e+03;4.2199570312500000e+03;4.2199574011303075e+03;4.2199575195312500e+03;4.2199580078125000e+03;4.2199574011303030e+03;4.2199589843750000e+03
6;251000000;3.3068234501774655e+03;3.3068244628906250e+03;3.3068234501774646e+03;3.3068234863281250e+03;3.3068244628906250e+03;3.3068234501774655e+03;3.3068269042968750e+03
7;251000000;2.3100024344979347e+03;2.3100039062500000e+03;2.3100024344979306e+03;2.3100024414062500e+03;2.3099992675781250e+03;2.3100024344979288e+03;2.3100063476562500e+03
8;251000000;-3.7795624186632944e+02;-3.7795434570312500e+02;-3.7795624186633393e+02;-3.7795617675781250e+02;-3.7795245361328125e+02;-3.7795624186632244e+02;-3.7795385742187500e+02
9;251000000;-5.5984706932781734e+01;-5.5980869293212891e+01;-5.5984706932778764e+01;-5.5984642028808594e+01;-5.5985836029052734e+01;-5.5984706932780682e+01;-5.5984375000000000e+01
0;253000000;6.5803460287677935e+03;6.5803408203125000e+03;6.5803460287678035e+03;6.5803461914062500e+03;6.5803466796875000e+03;6.5803460287678017e+03;6.5803476562500000e+03
1;253000000;5.3209838880235739e+03;5.3209794921875000e+03;5.3209838880235784e+03;5.3209838867187500e+03;5.3209848632812500e+03;5.3209838880235784e+03;5.3209853515625000e+03
2;253000000;6.3862004637980017e+03;6.3861982421875000e+03;6.3862004637979899e+03;6.3862006835937500e+03;6.3861987304687500e+03;6.3862004637979935e+03;6.3862036132812500e+03
3;253000000;4.6025422525416398e+03;4.6025473632812500e+03;4.6025422525416379e+03;4.6025419921875000e+03;4.6025454101562500e+03;4.6025422525416325e+03;4.6025458984375000e+03
4;253000000;5.3469659339038844e+03;5.3469697265625000e+03;5.3469659339038799e+03;5.3469658203125000e+03;5.3469633789062500e+03;5.3469659339038844e+03;5.3469687500000000e+03
5;253000000;4.3847580109020901e+03;4.3847543945312500e+03;4.3847580109020801e+03;4.3847578125000000e+03;4.3847529296875000e+03;4.3847580109020746e+03;4.3847607421875000e+03
6;253000000;3.4807117679088237e+03;3.4807160644531250e+03;3.4807117679088215e+03;3.4807116699218750e+03;3.4807111816406250e+03;3.4807117679088151e+03;3.4807133789062500e+03
7;253000000;2.4124921514220459e+03;2.4124914550781250e+03;2.4124921514220464e+03;2.4124921875000000e+03;2.4124931640625000e+03;2.4124921514220437e+03;2.4124960937500000e+03
8;253000000;1.4866338911653173e+02;1.4865769958496094e+02;1.4866338911653241e+02;1.4866342163085938e+02;1.4866003417968750e+02;1.4866338911653565e+02;1.4866455078125000e+02
9;253000000;-4.3825532714654003e+02;-4.3825549316406250e+02;-4.3825532714653457e+02;-4.3825527954101562e+02;-4.3825415039062500e+02;-4.3825532714653946e+02;-4.3825610351562500e+02
0;255000000;5.7786488513556133e+03;5.7786430664062500e+03;5.7786488513556178e+03;5.7786489257812500e+03;5.7786445312500000e+03;5.7786488513556114e+03;5.7786533203125000e+03
1;255000000;5.3077001610616144e+03;5.3076972656250000e+03;5.3077001610616053e+03;5.3077001953125000e+03;5.3076977539062500e+03;5.3077001610616062e+03;5.3077021484375000e+03
2;255000000;5.9557596292205290e+03;5.9557607421875000e+03;5.9557596292205308e+03;5.9557597656250000e+03;5.9557612304687500e+03;5.9557596292205280e+03;5.9557622070312500e+03
3;255000000;4.1007047693439390e+03;4.1007050781250000e+03;4.1007047693439454e+03;4.1007045898437500e+03;4.1007070312500000e+03;4.1007047693439417e+03;4.1007089843750000e+03
4;255000000;5.0093445993067544e+03;5.0093447265625000e+03;5.0093445993067517e+03;5.0093447265625000e+03;5.0093452148437500e+03;5.0093445993067489e+03;5.0093481445312500e+03
5;255000000;4.6747902289741633e+03;4.6747866210937500e+03;4.6747902289741605e+03;4.6747900390625000e+03;4.6747841796875000e+03;4.6747902289741578e+03;4.6747929687500000e+03
6;255000000;3.9738843970327780e+03;3.9738837890625000e+03;3.9738843970327725e+03;3.9738842773437500e+03;3.9738776855468750e+03;3.9738843970327621e+03;3.9738867187500000e+03
7;255000000;2.7940484515625453e+03;2.7940507812500000e+03;2.7940484515625390e+03;2.7940483398437500e+03;2.7940529785156250e+03;2.7940484515625340e+03;2.7940515136718750e+03
8;255000000;2.9896056081519862e+02;2.9895864868164062e+02;2.9896056081519606e+02;2.9896057128906250e+02;2.9895819091796875e+02;2.9896056081519282e+02;2.9896240234375000e+02
9;255000000;-3.9840044950875949e+02;-3.9839553833007812e+02;-3.9840044950876046e+02;-3.9840042114257812e+02;-3.9840191650390625e+02;-3.9840044950875290e+02;-3.9840127563476562e+02
0;257000000;6.5578368573383132e+03;6.5578310546875000e+03;6.5578368573383195e+03;6.5578369140625000e+03;6.5578271484375000e+03;6.5578368573383095e+03;6.5578388671875000e+03
1;257000000;6.1436885117234651e+03;6.1436909179687500e+03;6.1436885117234669e+03;6.1436884765625000e+03;6.1436865234375000e+03;6.1436885117234606e+03;6.1436904296875000e+03
2;257000000;5.2860840838849244e+03;5.2860844726562500e+03;5.2860840838849244e+03;5.2860839843750000e+03;5.2860859375000000e+03;5.2860840838849253e+03;5.2860859375000000e+03
3;257000000;5.2658288154614565e+03;5.2658281250000000e+03;5.2658288154614565e+03;5.2658286132812500e+03;5.2658286132812500e+03;5.2658288154614611e+03;5.2658334960937500e+03
4;257000000;4.7959882788279674e+03;4.7959873046875000e+03;4.7959882788279647e+03;4.7959882812500000e+03;4.7959882812500000e+03;4.7959882788279665e+03;4.7959912109375000e+03
5;257000000;4.6389290334722709e+03;4.6389282226562500e+03;4.6389290334722755e+03;4.6389291992187500e+03;4.6389223632812500e+03;4.6389290334722655e+03;4.6389326171875000e+03
6;257000000;4.3271123841960862e+03;4.3271137695312500e+03;4.3271123841960898e+03;4.3271123046875000e+03;4.3271132812500000e+03;4.3271123841960834e+03;4.3271152343750000e+03
7;257000000;3.3154800491357823e+03;3.3154799804687500e+03;3.3154800491357828e+03;3.3154799804687500e+03;3.3154763183593750e+03;3.3154800491357792e+03;3.3154836425781250e+03
8;257000000;4.7695148834136313e+02;4.7695800781250000e+02;4.7695148834136126e+02;4.7695147705078125e+02;4.7695733642578125e+02;4.7695148834136398e+02;4.7695312500000000e+02
9;257000000;2.9527306113615617e+02;2.9527075195312500e+02;2.9527306113616771e+02;2.9527307128906250e+02;2.9527819824218750e+02;2.9527306113617055e+02;2.9527282714843750e+02
0;259000000;6.8737963309745110e+03;6.8737929687500000e+03;6.8737963309745146e+03;6.8737963867187500e+03;6.8737973632812500e+03;6.8737963309745228e+03;6.8738002929687500e+03
1;259000000;5.9108351470157395e+03;5.9108354492187500e+03;5.9108351470157468e+03;5.9108349609375000e+03;5.9108374023437500e+03;5.9108351470157540e+03;5.9108359375000000e+03
2;259000000;5.2223587799171719e+03;5.2223608398437500e+03;5.2223587799171646e+03;5.2223588867187500e+03;5.2223598632812500e+03;5.2223587799171619e+03;5.2223613281250000e+03
3;259000000;5.0183314006267228e+03;5.0183286132812500e+03;5.0183314006267265e+03;5.0183315429687500e+03;5.0183320312500000e+03;5.0183314006267165e+03;5.0183354492187500e+03
4;259000000;4.7661503754835894e+03;4.7661499023437500e+03;4.7661503754835840e+03;4.7661503906250000e+03;4.7661513671875000e+03;4.7661503754835867e+03;4.7661533203125000e+03
5;259000000;4.3555402506621504e+03;4.3555341796875000e+03;4.3555402506621522e+03;4.3555400390625000e+03;4.3555361328125000e+03;4.3555402506621522e+03;4.3555439453125000e+03
6;259000000;4.2320371957412635e+03;4.2320361328125000e+03;4.2320371957412599e+03;4.2320371093750000e+03;4.2320366210937500e+03;4.2320371957412544e+03;4.2320400390625000e+03
7;259000000;3.4107000346609434e+03;3.4106945800781250e+03;3.4107000346609407e+03;3.4106999511718750e+03;3.4106989746093750e+03;3.4107000346609375e+03;3.4107028808593750e+03
8;259000000;1.3293763942003848e+03;1.3293811035156250e+03;1.3293763942003827e+03;1.3293763427734375e+03;1.3293819580078125e+03;1.3293763942003807e+03;1.3293767089843750e+03
9;259000000;5.9923438448071681e+02;5.9923352050781250e+02;5.9923438448071715e+02;5.9923437500000000e+02;5.9923388671875000e+02;5.9923438448071261e+02;5.9923303222656250e+02
0;261000000;6.9083390198006155e+03;6.9083408203125000e+03;6.9083390198006155e+03;6.9083388671875000e+03;6.9083413085937500e+03;6.9083390198006200e+03;6.9083432617187500e+03
1;261000000;6.4634461377480029e+03;6.4634418945312500e+03;6.4634461377480093e+03;6.4634462890625000e+03;6.4634394531250000e+03;6.4634461377480111e+03;6.4634492187500000e+03
2;261000000;5.8689061800267618e+03;5.8689042968750000e+03;5.8689061800267655e+03;5.8689062500000000e+03;5.8689028320312500e+03;5.8689061800267582e+03;5.8689077148437500e+03
3;261000000;4.4757000513776566e+03;4.4756987304687500e+03;4.4757000513776620e+03;4.4757001953125000e+03;4.4757026367187500e+03;4.4757000513776593e+03;4.4757041015625000e+03
4;261000000;5.4994671297090872e+03;5.4994663085937500e+03;5.4994671297090908e+03;5.4994672851562500e+03;5.4994658203125000e+03;5.4994671297090854e+03;5.4994707031250000e+03
5;261000000;4.0414446155528822e+03;4.0414428710937500e+03;4.0414446155528772e+03;4.0414445800781250e+03;4.0414382324218750e+03;4.0414446155528772e+03;4.0414489746093750e+03
6;261000000;4.1532877143167989e+03;4.1532875976562500e+03;4.1532877143167989e+03;4.1532875976562500e+03;4.1532861328125000e+03;4.1532877143167925e+03;4.1532910156250000e+03
7;261000000;3.7616763528750712e+03;3.7616765136718750e+03;3.7616763528750757e+03;3.7616762695312500e+03;3.7616752929687500e+03;3.7616763528750798e+03;3.7616789550781250e+03
8;261000000;1.2289856235849466e+03;1.2289871826171875e+03;1.2289856235849481e+03;1.2289855957031250e+03;1.2289865722656250e+03;1.2289856235849438e+03;1.2289873046875000e+03
9;261000000;8.7109869251707653e+02;8.7109399414062500e+02;8.7109869251707391e+02;8.7109869384765625e+02;8.7110095214843750e+02;8.7109869251707369e+02;8.7109881591796875e+02
0;263000000;6.5969629923086050e+03;6.5969594726562500e+03;6.5969629923086013e+03;6.5969628906250000e+03;6.5969619140625000e+03;6.5969629923085959e+03;6.5969658203125000e+03
1;263000000;6.6682829603111932e+03;6.6682792968750000e+03;6.6682829603111850e+03;6.6682832031250000e+03;6.6682783203125000e+03;6.6682829603111932e+03;6.6682832031250000e+03
2;263000000;5.8581851231414175e+03;5.8581850585937500e+03;5.8581851231414248e+03;5.8581850585937500e+03;5.8581826171875000e+03;5.8581851231414184e+03;5.8581884765625000e+03
3;263000000;4.5267493240586355e+03;4.5267446289062500e+03;4.5267493240586400e+03;4.5267495117187500e+03;4.5267475585937500e+03;4.5267493240586364e+03;4.5267529296875000e+03
4;263000000;5.1884526186859239e+03;5.1884545898437500e+03;5.1884526186859339e+03;5.1884526367187500e+03;5.1884521484375000e+03;5.1884526186859393e+03;5.1884560546875000e+03
5;263000000;4.3385185730035455e+03;4.3385151367187500e+03;4.3385185730035473e+03;4.3385185546875000e+03;4.3385190429687500e+03;4.3385185730035464e+03;4.3385229492187500e+03
6;263000000;4.1100049412956050e+03;4.1100097656250000e+03;4.1100049412956068e+03;4.1100048828125000e+03;4.1100092773437500e+03;4.1100049412956032e+03;4.1100083007812500e+03
7;263000000;3.7492635220061115e+03;3.7492648925781250e+03;3.7492635220061147e+03;3.7492634277343750e+03;3.7492651367187500e+03;3.7492635220061179e+03;3.7492685546875000e+03
8;263000000;1.2884583562446110e+03;1.2884569091796875e+03;1.2884583562446057e+03;1.2884583740234375e+03;1.2884555664062500e+03;1.2884583562446032e+03;1.2884602050781250e+03
9;263000000;1.3180649000504557e+03;1.3180617675781250e+03;1.3180649000504616e+03;1.3180648193359375e+03;1.3180662841796875e+03;1.3180649000504584e+03;1.3180639648437500e+03
0;265000000;6.2287264739818575e+03;6.2287319335937500e+03;6.2287264739818511e+03;6.2287265625000000e+03;6.2287265625000000e+03;6.2287264739818511e+03;6.2287294921875000e+03
1;265000000;6.9191017657702951e+03;6.9190976562500000e+03;6.9191017657702923e+03;6.9191015625000000e+03;6.9190966796875000e+03;6.9191017657702869e+03;6.9191044921875000e+03
2;265000000;6.5708194847092009e+03;6.5708168945312500e+03;6.5708194847092091e+03;6.5708193359375000e+03;6.5708134765625000e+03;6.5708194847092072e+03;6.5708217773437500e+03
3;265000000;4.9142552975781882e+03;4.9142568359375000e+03;4.9142552975781873e+03;4.9142553710937500e+03;4.9142534179687500e+03;4.9142552975781873e+03;4.9142578125000000e+03
4;265000000;4.7890583891059832e+03;4.7890585937500000e+03;4.7890583891059887e+03;4.7890581054687500e+03;4.7890600585937500e+03;4.7890583891059869e+03;4.7890625000000000e+03
5;265000000;4.6681263970922009e+03;4.6681245117187500e+03;4.6681263970922028e+03;4.6681264648437500e+03;4.6681245117187500e+03;4.6681263970922009e+03;4.6681303710937500e+03
6;265000000;3.6258541548193566e+03;3.6258544921875000e+03;3.6258541548193543e+03;3.6258540039062500e+03;3.6258552246093750e+03;3.6258541548193521e+03;3.6258569335937500e+03
7;265000000;3.3770977303453756e+03;3.3770986328125000e+03;3.3770977303453828e+03;3.3770976562500000e+03;3.3771005859375000e+03;3.3770977303453856e+03;3.3771013183593750e+03
8;265000000;2.1774425057802946e+03;2.1774433593750000e+03;2.1774425057802951e+03;2.1774423828125000e+03;2.1774418945312500e+03;2.1774425057802946e+03;2.1774445800781250e+03
9;265000000;1.4519239628443900e+03;1.4519235839843750e+03;1.4519239628443943e+03;1.4519239501953125e+03;1.4519255371093750e+03;1.4519239628443891e+03;1.4519228515625000e+03
0;267000000;7.1062574607860315e+03;7.1062592773437500e+03;7.1062574607860342e+03;7.1062573242187500e+03;7.1062553710937500e+03;7.1062574607860261e+03;7.1062617187500000e+03
1;267000000;6.2705453459869186e+03;6.2705478515625000e+03;6.2705453459869159e+03;6.2705454101562500e+03;6.2705468750000000e+03;6.2705453459869059e+03;6.2705463867187500e+03
2;267000000;6.7149366633788222e+03;6.7149384765625000e+03;6.7149366633788231e+03;6.7149365234375000e+03;6.7149331054687500e+03;6.7149366633788231e+03;6.7149384765625000e+03
3;267000000;4.9729892731110976e+03;4.9729912109375000e+03;4.9729892731111013e+03;4.9729892578125000e+03;4.9729902343750000e+03;4.9729892731110976e+03;4.9729916992187500e+03
4;267000000;5.3265997279886960e+03;5.3266035156250000e+03;5.3265997279886969e+03;5.3265996093750000e+03;5.3266054687500000e+03;5.3265997279887051e+03;5.3266044921875000e+03
5;267000000;4.3906875450647522e+03;4.3906894531250000e+03;4.3906875450647531e+03;4.3906875000000000e+03;4.3906865234375000e+03;4.3906875450647567e+03;4.3906933593750000e+03
6;267000000;4.3163598675998182e+03;4.3163593750000000e+03;4.3163598675998164e+03;4.3163598632812500e+03;4.3163579101562500e+03;4.3163598675998173e+03;4.3163632812500000e+03
7;267000000;3.2116334577576231e+03;3.2116293945312500e+03;3.2116334577576272e+03;3.2116335449218750e+03;3.2116350097656250e+03;3.2116334577576245e+03;3.2116372070312500e+03
8;267000000;1.9394888510218614e+03;1.9394852294921875e+03;1.9394888510218602e+03;1.9394888916015625e+03;1.9394868164062500e+03;1.9394888510218607e+03;1.9394907226562500e+03
9;267000000;1.8161447199742070e+03;1.8161475830078125e+03;1.8161447199742108e+03;1.8161446533203125e+03;1.8161447753906250e+03;1.8161447199742097e+03;1.8161447753906250e+03
0;269000000;6.9314810175736375e+03;6.9314814453125000e+03;6.9314810175736275e+03;6.9314809570312500e+03;6.9314819335937500e+03;6.9314810175736402e+03;6.9314863281250000e+03
1;269000000;6.0096060112940540e+03;6.0096132812500000e+03;6.0096060112940559e+03;6.0096059570312500e+03;6.0096088867187500e+03;6.0096060112940577e+03;6.0096074218750000e+03
2;269000000;6.8664316036411874e+03;6.8664331054687500e+03;6.8664316036411801e+03;6.8664316406250000e+03;6.8664331054687500e+03;6.8664316036411819e+03;6.8664340820312500e+03
3;269000000;5.4862234344979715e+03;5.4862285156250000e+03;5.4862234344979825e+03;5.4862236328125000e+03;5.4862270507812500e+03;5.4862234344979834e+03;5.4862270507812500e+03
4;269000000;5.2877467785777762e+03;5.2877451171875000e+03;5.2877467785777753e+03;5.2877465820312500e+03;5.2877475585937500e+03;5.2877467785777826e+03;5.2877500000000000e+03
5;269000000;4.2460116682386597e+03;4.2460136718750000e+03;4.2460116682386597e+03;4.2460117187500000e+03;4.2460131835937500e+03;4.2460116682386633e+03;4.2460156250000000e+03
6;269000000;4.5479934931328908e+03;4.5479907226562500e+03;4.5479934931328917e+03;4.5479936523437500e+03;4.5479897460937500e+03;4.5479934931328880e+03;4.5479960937500000e+03
7;269000000;3.2283509851995836e+03;3.2283515625000000e+03;3.2283509851995846e+03;3.2283510742187500e+03;3.2283508300781250e+03;3.2283509851995823e+03;3.2283540039062500e+03
8;269000000;1.4254755883690832e+03;1.4254760742187500e+03;1.4254755883690864e+03;1.4254755859375000e+03;1.4254765625000000e+03;1.4254755883690859e+03;1.4254772949218750e+03
9;269000000;2.3633982095370125e+03;2.3633994140625000e+03;2.3633982095370116e+03;2.3633981933593750e+03;2.3633947753906250e+03;2.3633982095370056e+03;2.3633981933593750e+03
0;271000000;7.2425515393342921e+03;7.2425463867187500e+03;7.2425515393342903e+03;7.2425517578125000e+03;7.2425512695312500e+03;7.2425515393342939e+03;7.2425566406250000e+03
1;271000000;7.1117585126258409e+03;7.1117622070312500e+03;7.1117585126258373e+03;7.1117587890625000e+03;7.1117656250000000e+03;7.1117585126258346e+03;7.1117636718750000e+03
2;271000000;6.1929367169583402e+03;6.1929394531250000e+03;6.1929367169583402e+03;6.1929365234375000e+03;6.1929414062500000e+03;6.1929367169583365e+03;6.1929399414062500e+03
3;271000000;5.8693057778764050e+03;5.8693066406250000e+03;5.8693057778764078e+03;5.8693056640625000e+03;5.8693056640625000e+03;5.8693057778764041e+03;5.8693100585937500e+03
4;271000000;5.4151547085307484e+03;5.4151572265625000e+03;5.4151547085307520e+03;5.4151547851562500e+03;5.4151572265625000e+03;5.4151547085307593e+03;5.4151582031250000e+03
5;271000000;5.0969959554267234e+03;5.0969941406250000e+03;5.0969959554267225e+03;5.0969960937500000e+03;5.0969931640625000e+03;5.0969959554267280e+03;5.0970004882812500e+03
6;271000000;3.8799978212414044e+03;3.8800004882812500e+03;3.8799978212414048e+03;3.8799978027343750e+03;3.8799982910156250e+03;3.8799978212414035e+03;3.8800017089843750e+03
7;271000000;3.9871751648749969e+03;3.9871787109375000e+03;3.9871751648750010e+03;3.9871750488281250e+03;3.9871765136718750e+03;3.9871751648749919e+03;3.9871801757812500e+03
8;271000000;1.3348380807761951e+03;1.3348349609375000e+03;1.3348380807761898e+03;1.3348381347656250e+03;1.3348350830078125e+03;1.3348380807761923e+03;1.3348393554687500e+03
9;271000000;2.0219404801446478e+03;2.0219378662109375e+03;2.0219404801446410e+03;2.0219404296875000e+03;2.0219359130859375e+03;2.0219404801446367e+03;2.0219401855468750e+03
0;273000000;6.9524625116607285e+03;6.9524589843750000e+03;6.9524625116607267e+03;6.9524624023437500e+03;6.9524589843750000e+03;6.9524625116607240e+03;6.9524667968750000e+03
1;273000000;6.8789502161845294e+03;6.8789492187500000e+03;6.8789502161845330e+03;6.8789501953125000e+03;6.8789516601562500e+03;6.8789502161845348e+03;6.8789550781250000e+03
2;273000000;6.1609427903764308e+03;6.1609414062500000e+03;6.1609427903764372e+03;6.1609428710937500e+03;6.1609355468750000e+03;6.1609427903764299e+03;6.1609477539062500e+03
3;273000000;5.6115413129964991e+03;5.6115371093750000e+03;5.6115413129964900e+03;5.6115415039062500e+03;5.6115346679687500e+03;5.6115413129964927e+03;5.6115449218750000e+03
4;273000000;6.0723523092768446e+03;6.0723569335937500e+03;6.0723523092768428e+03;6.0723520507812500e+03;6.0723583984375000e+03;6.0723523092768355e+03;6.0723564453125000e+03
5;273000000;4.5753701155580557e+03;4.5753681640625000e+03;4.5753701155580620e+03;4.5753701171875000e+03;4.5753681640625000e+03;4.5753701155580611e+03;4.5753740234375000e+03
6;273000000;4.0383687843838302e+03;4.0383693847656250e+03;4.0383687843838215e+03;4.0383686523437500e+03;4.0383757324218750e+03;4.0383687843838193e+03;4.0383725585937500e+03
7;273000000;3.9863975269197422e+03;3.9863981933593750e+03;3.9863975269197408e+03;3.9863974609375000e+03;3.9863994140625000e+03;3.9863975269197335e+03;3.9864013671875000e+03
8;273000000;1.3004532240885460e+03;1.3004494628906250e+03;1.3004532240885424e+03;1.3004532470703125e+03;1.3004476318359375e+03;1.3004532240885474e+03;1.3004545898437500e+03
9;273000000;1.7869622777002289e+03;1.7869610595703125e+03;1.7869622777002328e+03;1.7869622802734375e+03;1.7869641113281250e+03;1.7869622777002278e+03;1.7869611816406250e+03
0;275000000;6.8747105542048412e+03;6.8747080078125000e+03;6.8747105542048466e+03;6.8747104492187500e+03;6.8747031250000000e+03;6.8747105542048403e+03;6.8747148437500000e+03
1;275000000;6.9761440594613578e+03;6.9761411132812500e+03;6.9761440594613587e+03;6.9761440429687500e+03;6.9761435546875000e+03;6.9761440594613705e+03;6.9761455078125000e+03
2;275000000;7.3589718196128870e+03;7.3589663085937500e+03;7.3589718196128879e+03;7.3589716796875000e+03;7.3589658203125000e+03;7.3589718196128806e+03;7.3589746093750000e+03
3;275000000;5.0655793124974316e+03;5.0655761718750000e+03;5.0655793124974398e+03;5.0655791015625000e+03;5.0655747070312500e+03;5.0655793124974243e+03;5.0655830078125000e+03
4;275000000;6.0843692497567590e+03;6.0843759765625000e+03;6.0843692497567572e+03;6.0843691406250000e+03;6.0843735351562500e+03;6.0843692497567481e+03;6.0843715820312500e+03
5;275000000;4.7268788605080235e+03;4.7268789062500000e+03;4.7268788605080135e+03;4.7268789062500000e+03;4.7268789062500000e+03;4.7268788605080154e+03;4.7268813476562500e+03
6;275000000;4.7696706080584490e+03;4.7696669921875000e+03;4.7696706080584527e+03;4.7696704101562500e+03;4.7696669921875000e+03;4.7696706080584518e+03;4.7696748046875000e+03
7;275000000;3.4106993647744475e+03;3.4107001953125000e+03;3.4106993647744498e+03;3.4106994628906250e+03;3.4107009277343750e+03;3.4106993647744439e+03;3.4107048339843750e+03
8;275000000;2.3476717939831719e+03;2.3476711425781250e+03;2.3476717939831660e+03;2.3476718750000000e+03;2.3476667480468750e+03;2.3476717939831715e+03;2.3476733398437500e+03
9;275000000;1.4474885216437542e+03;1.4474886474609375e+03;1.4474885216437476e+03;1.4474885253906250e+03;1.4474885253906250e+03;1.4474885216437556e+03;1.4474888916015625e+03
0;277000000;6.6781113111215764e+03;6.6781069335937500e+03;6.6781113111215809e+03;6.6781113281250000e+03;6.6781079101562500e+03;6.6781113111215882e+03;6.6781166992187500e+03
1;277000000;6.7425873260687022e+03;6.7425839843750000e+03;6.7425873260687076e+03;6.7425874023437500e+03;6.7425844726562500e+03;6.7425873260687040e+03;6.7425913085937500e+03
2;277000000;6.8033808154135168e+03;6.8033764648437500e+03;6.8033808154135113e+03;6.8033808593750000e+03;6.8033759765625000e+03;6.8033808154135095e+03;6.8033847656250000e+03
3;277000000;5.3748202733038106e+03;5.3748183593750000e+03;5.3748202733038106e+03;5.3748203125000000e+03;5.3748247070312500e+03;5.3748202733038115e+03;5.3748256835937500e+03
4;277000000;6.0178902616387177e+03;6.0178955078125000e+03;6.0178902616387222e+03;6.0178901367187500e+03;6.0178950195312500e+03;6.0178902616387195e+03;6.0178935546875000e+03
5;277000000;5.3908726804620301e+03;5.3908730468750000e+03;5.3908726804620337e+03;5.3908725585937500e+03;5.3908759765625000e+03;5.3908726804620374e+03;5.3908769531250000e+03
6;277000000;4.2195581886443624e+03;4.2195566406250000e+03;4.2195581886443651e+03;4.2195581054687500e+03;4.2195561523437500e+03;4.2195581886443615e+03;4.2195615234375000e+03
7;277000000;3.4519971886622075e+03;3.4519968261718750e+03;3.4519971886622129e+03;3.4519970703125000e+03;3.4519965820312500e+03;3.4519971886622106e+03;3.4520019531250000e+03
8;277000000;1.8666197073578253e+03;1.8666182861328125e+03;1.8666197073578260e+03;1.8666197509765625e+03;1.8666177978515625e+03;1.8666197073578267e+03;1.8666215820312500e+03
9;277000000;1.3201993755085148e+03;1.3202000732421875e+03;1.3201993755085155e+03;1.3201993408203125e+03;1.3202042236328125e+03;1.3201993755085177e+03;1.3201994628906250e+03
0;279000000;6.7127432349555993e+03;6.7127446289062500e+03;6.7127432349555947e+03;6.7127431640625000e+03;6.7127407226562500e+03;6.7127432349555947e+03;6.7127495117187500e+03
1;279000000;6.5952889140078787e+03;6.5952851562500000e+03;6.5952889140078842e+03;6.5952890625000000e+03;6.5952832031250000e+03;6.5952889140078714e+03;6.5952924804687500e+03
2;279000000;7.2035347200525785e+03;7.2035302734375000e+03;7.2035347200525785e+03;7.2035346679687500e+03;7.2035312500000000e+03;7.2035347200525657e+03;7.2035380859375000e+03
3;279000000;6.1825119032589819e+03;6.1825092773437500e+03;6.1825119032589791e+03;6.1825117187500000e+03;6.1825136718750000e+03;6.1825119032589755e+03;6.1825161132812500e+03
4;279000000;5.5399532845190397e+03;5.5399531250000000e+03;5.5399532845190424e+03;5.5399531250000000e+03;5.5399570312500000e+03;5.5399532845190406e+03;5.5399565429687500e+03
5;279000000;5.7130665054254432e+03;5.7130698242187500e+03;5.7130665054254378e+03;5.7130664062500000e+03;5.7130727539062500e+03;5.7130665054254450e+03;5.7130688476562500e+03
6;279000000;4.4943172230461723e+03;4.4943188476562500e+03;4.4943172230461705e+03;4.4943173828125000e+03;4.4943183593750000e+03;4.4943172230461696e+03;4.4943193359375000e+03
7;279000000;4.1011393827212942e+03;4.1011362304687500e+03;4.1011393827212969e+03;4.1011391601562500e+03;4.1011401367187500e+03;4.1011393827212942e+03;4.1011435546875000e+03
8;279000000;1.5445855970281391e+03;1.5445847167968750e+03;1.5445855970281391e+03;1.5445855712890625e+03;1.5445883789062500e+03;1.5445855970281473e+03;1.5445883789062500e+03
9;279000000;2.4441199066749796e+03;2.4441223144531250e+03;2.4441199066749841e+03;2.4441198730468750e+03;2.4441196289062500e+03;2.4441199066749841e+03;2.4441196289062500e+03
0;281000000;6.8293554528726199e+03;6.8293540039062500e+03;6.8293554528726172e+03;6.8293554687500000e+03;6.8293603515625000e+03;6.8293554528726254e+03;6.8293593750000000e+03
1;281000000;6.3539249463153164e+03;6.3539262695312500e+03;6.3539249463153210e+03;6.3539248046875000e+03;6.3539277343750000e+03;6.3539249463153337e+03;6.3539282226562500e+03
2;281000000;6.8146893348197500e+03;6.8146909179687500e+03;6.8146893348197618e+03;6.8146894531250000e+03;6.8146914062500000e+03;6.8146893348197427e+03;6.8146909179687500e+03
3;281000000;5.6578647722070727e+03;5.6578564453125000e+03;5.6578647722070746e+03;5.6578647460937500e+03;5.6578583984375000e+03;5.6578647722070618e+03;5.6578691406250000e+03
4;281000000;6.1304949563372229e+03;6.1304926757812500e+03;6.1304949563372193e+03;6.1304951171875000e+03;6.1304965820312500e+03;6.1304949563372174e+03;6.1304990234375000e+03
5;281000000;5.5544445571222841e+03;5.5544458007812500e+03;5.5544445571222968e+03;5.5544443359375000e+03;5.5544453125000000e+03;5.5544445571222877e+03;5.5544482421875000e+03
6;281000000;5.0983336617075165e+03;5.0983354492187500e+03;5.0983336617075092e+03;5.0983334960937500e+03;5.0983359375000000e+03;5.0983336617075129e+03;5.0983378906250000e+03
7;281000000;3.7569361018326936e+03;3.7569338378906250e+03;3.7569361018326954e+03;3.7569360351562500e+03;3.7569350585937500e+03;3.7569361018326967e+03;3.7569414062500000e+03
8;281000000;1.3677766939478095e+03;1.3677774658203125e+03;1.3677766939478083e+03;1.3677767333984375e+03;1.3677780761718750e+03;1.3677766939478097e+03;1.3677780761718750e+03
9;281000000;2.1979228913858688e+03;2.1979235839843750e+03;2.1979228913858637e+03;2.1979228515625000e+03;2.1979233398437500e+03;2.1979228913858678e+03;2.1979238281250000e+03
0;283000000;7.1927560311407060e+03;7.1927626953125000e+03;7.1927560311406914e+03;7.1927563476562500e+03;7.1927617187500000e+03;7.1927560311407069e+03;7.1927607421875000e+03
1;283000000;6.4638598059579517e+03;6.4638613281250000e+03;6.4638598059579517e+03;6.4638598632812500e+03;6.4638574218750000e+03;6.4638598059579544e+03;6.4638627929687500e+03
2;283000000;6.5575778381418495e+03;6.5575771484375000e+03;6.5575778381418495e+03;6.5575776367187500e+03;6.5575776367187500e+03;6.5575778381418368e+03;6.5575810546875000e+03
3;283000000;5.8946842136623927e+03;5.8946845703125000e+03;5.8946842136623791e+03;5.8946840820312500e+03;5.8946855468750000e+03;5.8946842136623818e+03;5.8946884765625000e+03
4;283000000;6.3677239480713952e+03;6.3677226562500000e+03;6.3677239480713806e+03;6.3677241210937500e+03;6.3677231445312500e+03;6.3677239480713888e+03;6.3677285156250000e+03
5;283000000;4.8418241155499572e+03;4.8418193359375000e+03;4.8418241155499663e+03;4.8418242187500000e+03;4.8418208007812500e+03;4.8418241155499727e+03;4.8418281250000000e+03
6;283000000;5.2478810904462407e+03;5.2478789062500000e+03;5.2478810904462489e+03;5.2478808593750000e+03;5.2478828125000000e+03;5.2478810904462343e+03;5.2478842773437500e+03
7;283000000;4.0910292647098750e+03;4.0910270996093750e+03;4.0910292647098649e+03;4.0910292968750000e+03;4.0910246582031250e+03;4.0910292647098750e+03;4.0910351562500000e+03
8;283000000;2.3915233341776352e+03;2.3915241699218750e+03;2.3915233341776297e+03;2.3915234375000000e+03;2.3915227050781250e+03;2.3915233341776297e+03;2.3915244140625000e+03
9;283000000;1.5947742945939601e+03;1.5947750244140625e+03;1.5947742945939644e+03;1.5947742919921875e+03;1.5947736816406250e+03;1.5947742945939681e+03;1.5947735595703125e+03
0;285000000;6.5346591571484423e+03;6.5346630859375000e+03;6.5346591571484469e+03;6.5346591796875000e+03;6.5346645507812500e+03;6.5346591571484460e+03;6.5346635742187500e+03
1;285000000;6.7626821690155557e+03;6.7626801757812500e+03;6.7626821690155557e+03;6.7626821289062500e+03;6.7626782226562500e+03;6.7626821690155648e+03;6.7626865234375000e+03
2;285000000;6.5890061901411718e+03;6.5890009765625000e+03;6.5890061901411727e+03;6.5890063476562500e+03;6.5890034179687500e+03;6.5890061901411755e+03;6.5890087890625000e+03
3;285000000;5.8735304940509586e+03;5.8735361328125000e+03;5.8735304940509604e+03;5.8735302734375000e+03;5.8735351562500000e+03;5.8735304940509559e+03;5.8735351562500000e+03
4;285000000;6.2209780529038107e+03;6.2209848632812500e+03;6.2209780529038126e+03;6.2209780273437500e+03;6.2209814453125000e+03;6.2209780529038198e+03;6.2209814453125000e+03
5;285000000;5.7121957473576258e+03;5.7121958007812500e+03;5.7121957473576176e+03;5.7121958007812500e+03;5.7121982421875000e+03;5.7121957473576294e+03;5.7122011718750000e+03
6;285000000;5.1862039731781269e+03;5.1862055664062500e+03;5.1862039731781215e+03;5.1862041015625000e+03;5.1862045898437500e+03;5.1862039731781106e+03;5.1862070312500000e+03
7;285000000;4.6125990280755095e+03;4.6125966796875000e+03;4.6125990280755041e+03;4.6125991210937500e+03;4.6125947265625000e+03;4.6125990280755022e+03;4.6126035156250000e+03
8;285000000;1.8160069216048396e+03;1.8160018310546875e+03;1.8160069216048380e+03;1.8160069580078125e+03;1.8160034179687500e+03;1.8160069216048350e+03;1.8160102539062500e+03
9;285000000;1.5113804392727668e+03;1.5113815917968750e+03;1.5113804392727754e+03;1.5113804931640625e+03;1.5113806152343750e+03;1.5113804392727748e+03;1.5113814697265625e+03
0;287000000;6.6959636847004749e+03;6.6959677734375000e+03;6.6959636847004795e+03;6.6959638671875000e+03;6.6959677734375000e+03;6.6959636847004767e+03;6.6959667968750000e+03
1;287000000;6.9801870895436568e+03;6.9801835937500000e+03;6.9801870895436468e+03;6.9801870117187500e+03;6.9801865234375000e+03;6.9801870895436632e+03;6.9801918945312500e+03
2;287000000;6.5751572737570605e+03;6.5751547851562500e+03;6.5751572737570705e+03;6.5751572265625000e+03;6.5751601562500000e+03;6.5751572737570805e+03;6.5751611328125000e+03
3;287000000;5.3888758113681215e+03;5.3888847656250000e+03;5.3888758113681224e+03;5.3888759765625000e+03;5.3888789062500000e+03;5.3888758113681233e+03;5.3888798828125000e+03
4;287000000;6.3361584625230507e+03;6.3361665039062500e+03;6.3361584625230516e+03;6.3361582031250000e+03;6.3361645507812500e+03;6.3361584625230589e+03;6.3361625976562500e+03
5;287000000;5.6953411203663782e+03;5.6953437500000000e+03;5.6953411203663763e+03;5.6953413085937500e+03;5.6953491210937500e+03;5.6953411203663836e+03;5.6953447265625000e+03
6;287000000;4.7506631386017525e+03;4.7506625976562500e+03;4.7506631386017516e+03;4.7506630859375000e+03;4.7506635742187500e+03;4.7506631386017525e+03;4.7506674804687500e+03
7;287000000;4.7487558704930843e+03;4.7487573242187500e+03;4.7487558704930816e+03;4.7487558593750000e+03;4.7487602539062500e+03;4.7487558704930752e+03;4.7487602539062500e+03
8;287000000;2.4376995340388949e+03;2.4376997070312500e+03;2.4376995340388926e+03;2.4376994628906250e+03;2.4376999511718750e+03;2.4376995340388971e+03;2.4377011718750000e+03
9;287000000;2.2428661427834882e+03;2.2428720703125000e+03;2.2428661427834877e+03;2.2428662109375000e+03;2.2428706054687500e+03;2.2428661427834959e+03;2.2428652343750000e+03
0;289000000;6.6598435873895733e+03;6.6598452148437500e+03;6.6598435873895733e+03;6.6598437500000000e+03;6.6598442382812500e+03;6.6598435873895796e+03;6.6598461914062500e+03
1;289000000;6.3272124566016837e+03;6.3272172851562500e+03;6.3272124566016819e+03;6.3272124023437500e+03;6.3272167968750000e+03;6.3272124566016873e+03;6.3272167968750000e+03
2;289000000;6.9929624364974725e+03;6.9929643554687500e+03;6.9929624364974698e+03;6.9929624023437500e+03;6.9929643554687500e+03;6.9929624364974579e+03;6.9929658203125000e+03
3;289000000;5.6827206274838136e+03;5.6827290039062500e+03;5.6827206274838245e+03;5.6827207031250000e+03;5.6827304687500000e+03;5.6827206274838172e+03;5.6827250976562500e+03
4;289000000;6.1940990047536061e+03;6.1941010742187500e+03;6.1940990047536052e+03;6.1940991210937500e+03;6.1941025390625000e+03;6.1940990047536070e+03;6.1941035156250000e+03
5;289000000;5.7073843695301111e+03;5.7073813476562500e+03;5.7073843695301266e+03;5.7073842773437500e+03;5.7073876953125000e+03;5.7073843695301293e+03;5.7073876953125000e+03
6;289000000;5.3086237554229920e+03;5.3086240234375000e+03;5.3086237554229992e+03;5.3086235351562500e+03;5.3086166992187500e+03;5.3086237554229938e+03;5.3086279296875000e+03
7;289000000;4.4900434758533402e+03;4.4900415039062500e+03;4.4900434758533456e+03;4.4900434570312500e+03;4.4900385742187500e+03;4.4900434758533456e+03;4.4900483398437500e+03
8;289000000;2.7329595462023894e+03;2.7329580078125000e+03;2.7329595462023872e+03;2.7329594726562500e+03;2.7329587402343750e+03;2.7329595462023872e+03;2.7329616699218750e+03
9;289000000;2.0273521918116901e+03;2.0273565673828125e+03;2.0273521918116885e+03;2.0273521728515625e+03;2.0273532714843750e+03;2.0273521918116921e+03;2.0273502197265625e+03
0;291000000;5.7746686722484983e+03;5.7746708984375000e+03;5.7746686722484901e+03;5.7746689453125000e+03;5.7746679687500000e+03;5.7746686722484937e+03;5.7746728515625000e+03
1;291000000;6.5594720329840093e+03;6.5594824218750000e+03;6.5594720329840111e+03;6.5594721679687500e+03;6.5594814453125000e+03;6.5594720329840184e+03;6.5594760742187500e+03
2;291000000;7.1923768710733193e+03;7.1923774414062500e+03;7.1923768710733193e+03;7.1923769531250000e+03;7.1923779296875000e+03;7.1923768710733229e+03;7.1923803710937500e+03
3;291000000;5.4397564434797159e+03;5.4397583007812500e+03;5.4397564434797141e+03;5.4397563476562500e+03;5.4397583007812500e+03;5.4397564434797059e+03;5.4397602539062500e+03
4;291000000;5.8906651200194156e+03;5.8906669921875000e+03;5.8906651200194092e+03;5.8906650390625000e+03;5.8906660156250000e+03;5.8906651200194119e+03;5.8906679687500000e+03
5;291000000;5.9248633254377810e+03;5.9248632812500000e+03;5.9248633254377783e+03;5.9248632812500000e+03;5.9248574218750000e+03;5.9248633254377773e+03;5.9248671875000000e+03
6;291000000;5.2292116361772560e+03;5.2292148437500000e+03;5.2292116361772587e+03;5.2292114257812500e+03;5.2292089843750000e+03;5.2292116361772551e+03;5.2292153320312500e+03
7;291000000;4.1112755542401974e+03;4.1112749023437500e+03;4.1112755542401992e+03;4.1112753906250000e+03;4.1112705078125000e+03;4.1112755542401992e+03;4.1112812500000000e+03
8;291000000;2.8637296436444349e+03;2.8637314453125000e+03;2.8637296436444321e+03;2.8637297363281250e+03;2.8637290039062500e+03;2.8637296436444349e+03;2.8637307128906250e+03
9;291000000;2.5954319879476170e+03;2.5954318847656250e+03;2.5954319879476052e+03;2.5954318847656250e+03;2.5954343261718750e+03;2.5954319879476084e+03;2.5954321289062500e+03
0;293000000;5.6178279276310877e+03;5.6178310546875000e+03;5.6178279276310886e+03;5.6178281250000000e+03;5.6178349609375000e+03;5.6178279276310795e+03;5.6178300781250000e+03
1;293000000;6.2432459396047516e+03;6.2432543945312500e+03;6.2432459396047507e+03;6.2432460937500000e+03;6.2432465820312500e+03;6.2432459396047470e+03;6.2432490234375000e+03
2;293000000;6.4371847834543505e+03;6.4371884765625000e+03;6.4371847834543587e+03;6.4371850585937500e+03;6.4371875000000000e+03;6.4371847834543496e+03;6.4371884765625000e+03
3;293000000;5.8725605010840145e+03;5.8725629882812500e+03;5.8725605010840172e+03;5.8725605468750000e+03;5.8725625000000000e+03;5.8725605010839981e+03;5.8725654296875000e+03
4;293000000;5.8568717324038626e+03;5.8568750000000000e+03;5.8568717324038680e+03;5.8568715820312500e+03;5.8568745117187500e+03;5.8568717324038562e+03;5.8568750000000000e+03
5;293000000;5.7719516689378042e+03;5.7719536132812500e+03;5.7719516689377970e+03;5.7719516601562500e+03;5.7719511718750000e+03;5.7719516689377942e+03;5.7719555664062500e+03
6;293000000;5.4233405334410072e+03;5.4233403320312500e+03;5.4233405334410099e+03;5.4233403320312500e+03;5.4233471679687500e+03;5.4233405334409981e+03;5.4233447265625000e+03
7;293000000;4.8019639001975520e+03;4.8019624023437500e+03;4.8019639001975411e+03;4.8019638671875000e+03;4.8019633789062500e+03;4.8019639001975474e+03;4.8019707031250000e+03
8;293000000;2.4836815022279961e+03;2.4836826171875000e+03;2.4836815022280002e+03;2.4836816406250000e+03;2.4836831054687500e+03;2.4836815022280007e+03;2.4836835937500000e+03
9;293000000;2.8238010802314698e+03;2.8238000488281250e+03;2.8238010802314734e+03;2.8238010253906250e+03;2.8237980957031250e+03;2.8238010802314720e+03;2.8237998046875000e+03
0;295000000;5.2416936990835538e+03;5.2416962890625000e+03;5.2416936990835484e+03;5.2416938476562500e+03;5.2416948242187500e+03;5.2416936990835493e+03;5.2416962890625000e+03
1;295000000;5.8515473577775674e+03;5.8515493164062500e+03;5.8515473577775638e+03;5.8515473632812500e+03;5.8515507812500000e+03;5.8515473577775556e+03;5.8515517578125000e+03
2;295000000;6.7018234351326200e+03;6.7018300781250000e+03;6.7018234351326264e+03;6.7018237304687500e+03;6.7018217773437500e+03;6.7018234351326264e+03;6.7018242187500000e+03
3;295000000;5.8577348967417693e+03;5.8577314453125000e+03;5.8577348967417747e+03;5.8577348632812500e+03;5.8577285156250000e+03;5.8577348967417583e+03;5.8577392578125000e+03
4;295000000;5.9261092112025390e+03;5.9261166992187500e+03;5.9261092112025444e+03;5.9261093750000000e+03;5.9261137695312500e+03;5.9261092112025335e+03;5.9261123046875000e+03
5;295000000;5.2801058659363662e+03;5.2801074218750000e+03;5.2801058659363607e+03;5.2801059570312500e+03;5.2801103515625000e+03;5.2801058659363734e+03;5.2801108398437500e+03
6;295000000;5.5197488799539124e+03;5.5197500000000000e+03;5.5197488799539160e+03;5.5197490234375000e+03;5.5197475585937500e+03;5.5197488799539151e+03;5.5197529296875000e+03
7;295000000;4.6839389865204021e+03;4.6839379882812500e+03;4.6839389865204012e+03;4.6839389648437500e+03;4.6839345703125000e+03;4.6839389865204002e+03;4.6839458007812500e+03
8;295000000;2.1351507625715171e+03;2.1351491699218750e+03;2.1351507625715049e+03;2.1351508789062500e+03;2.1351516113281250e+03;2.1351507625715190e+03;2.1351530761718750e+03
9;295000000;3.1378358572999341e+03;3.1378330078125000e+03;3.1378358572999318e+03;3.1378359375000000e+03;3.1378347167968750e+03;3.1378358572999282e+03;3.1378354492187500e+03
0;297000000;4.8208550607295483e+03;4.8208530273437500e+03;4.8208550607295574e+03;4.8208549804687500e+03;4.8208535156250000e+03;4.8208550607295538e+03;4.8208583984375000e+03
1;297000000;5.3142189429436903e+03;5.3142250976562500e+03;5.3142189429436930e+03;5.3142192382812500e+03;5.3142221679687500e+03;5.3142189429436858e+03;5.3142226562500000e+03
2;297000000;6.2815479707337163e+03;6.2815478515625000e+03;6.2815479707337108e+03;6.2815478515625000e+03;6.2815468750000000e+03;6.2815479707337108e+03;6.2815488281250000e+03
3;297000000;5.3104491983328780e+03;5.3104501953125000e+03;5.3104491983328880e+03;5.3104492187500000e+03;5.3104521484375000e+03;5.3104491983328844e+03;5.3104536132812500e+03
4;297000000;6.4603626079536652e+03;6.4603657226562500e+03;6.4603626079536707e+03;6.4603627929687500e+03;6.4603706054687500e+03;6.4603626079536616e+03;6.4603662109375000e+03
5;297000000;5.1630049965285243e+03;5.1630092773437500e+03;5.1630049965285098e+03;5.1630048828125000e+03;5.1630073242187500e+03;5.1630049965285252e+03;5.1630078125000000e+03
6;297000000;5.2182286796917451e+03;5.2182294921875000e+03;5.2182286796917506e+03;5.2182285156250000e+03;5.2182246093750000e+03;5.2182286796917488e+03;5.2182333984375000e+03
7;297000000;4.7983455887564432e+03;4.7983457031250000e+03;4.7983455887564369e+03;4.7983457031250000e+03;4.7983505859375000e+03;4.7983455887564451e+03;4.7983530273437500e+03
8;297000000;3.0152832369188454e+03;3.0152856445312500e+03;3.0152832369188441e+03;3.0152832031250000e+03;3.0152834472656250e+03;3.0152832369188491e+03;3.0152856445312500e+03
9;297000000;2.3981065774831741e+03;2.3981071777343750e+03;2.3981065774831723e+03;2.3981066894531250e+03;2.3981037597656250e+03;2.3981065774831736e+03;2.3981059570312500e+03
0;299000000;4.6514300619428295e+03;4.6514311523437500e+03;4.6514300619428368e+03;4.6514301757812500e+03;4.6514262695312500e+03;4.6514300619428277e+03;4.6514340820312500e+03
1;299000000;5.2527917238698201e+03;5.2527973632812500e+03;5.2527917238698192e+03;5.2527919921875000e+03;5.2527929687500000e+03;5.2527917238698228e+03;5.2527939453125000e+03
2;299000000;5.8372231523769769e+03;5.8372260742187500e+03;5.8372231523769842e+03;5.8372231445312500e+03;5.8372280273437500e+03;5.8372231523769779e+03;5.8372260742187500e+03
3;299000000;5.3365798641073343e+03;5.3365756835937500e+03;5.3365798641073461e+03;5.3365800781250000e+03;5.3365815429687500e+03;5.3365798641073334e+03;5.3365844726562500e+03
4;299000000;6.4085459374274396e+03;6.4085410156250000e+03;6.4085459374274369e+03;6.4085458984375000e+03;6.4085439453125000e+03;6.4085459374274433e+03;6.4085498046875000e+03
5;299000000;5.4874702527311765e+03;5.4874702148437500e+03;5.4874702527311747e+03;5.4874702148437500e+03;5.4874633789062500e+03;5.4874702527311838e+03;5.4874726562500000e+03
6;299000000;4.9082976280079120e+03;4.9082968750000000e+03;4.9082976280079138e+03;4.9082978515625000e+03;4.9082978515625000e+03;4.9082976280079092e+03;4.9083017578125000e+03
7;299000000;4.5798599882827903e+03;4.5798686523437500e+03;4.5798599882827921e+03;4.5798598632812500e+03;4.5798618164062500e+03;4.5798599882827893e+03;4.5798652343750000e+03
8;299000000;2.8208403849104193e+03;2.8208444824218750e+03;2.8208403849104216e+03;2.8208403320312500e+03;2.8208391113281250e+03;2.8208403849104216e+03;2.8208437500000000e+03
9;299000000;2.2726354106911194e+03;2.2726340332031250e+03;2.2726354106911208e+03;2.2726354980468750e+03;2.2726347656250000e+03;2.2726354106911272e+03;2.2726362304687500e+03
0;301000000;4.6282239421712002e+03;4.6282231445312500e+03;4.6282239421712020e+03;4.6282241210937500e+03;4.6282231445312500e+03;4.6282239421711938e+03;4.6282275390625000e+03
1;301000000;4.5860298156763110e+03;4.5860292968750000e+03;4.5860298156763174e+03;4.5860297851562500e+03;4.5860312500000000e+03;4.5860298156763092e+03;4.5860332031250000e+03
2;301000000;5.1958911250494830e+03;5.1958896484375000e+03;5.1958911250494903e+03;5.1958911132812500e+03;5.1958940429687500e+03;5.1958911250494839e+03;5.1958935546875000e+03
3;301000000;5.0917625251561376e+03;5.0917617187500000e+03;5.0917625251561376e+03;5.0917626953125000e+03;5.0917602539062500e+03;5.0917625251561294e+03;5.0917646484375000e+03
4;301000000;5.8194249843098787e+03;5.8194282226562500e+03;5.8194249843098742e+03;5.8194248046875000e+03;5.8194262695312500e+03;5.8194249843098823e+03;5.8194277343750000e+03
5;301000000;5.9767641759207427e+03;5.9767636718750000e+03;5.9767641759207390e+03;5.9767641601562500e+03;5.9767636718750000e+03;5.9767641759207409e+03;5.9767675781250000e+03
6;301000000;5.1139123827142157e+03;5.1139135742187500e+03;5.1139123827142239e+03;5.1139125976562500e+03;5.1139130859375000e+03;5.1139123827142230e+03;5.1139160156250000e+03
7;301000000;4.5796438153205072e+03;4.5796474609375000e+03;4.5796438153205045e+03;4.5796440429687500e+03;4.5796425781250000e+03;4.5796438153205145e+03;4.5796494140625000e+03
8;301000000;2.9350475749405791e+03;2.9350458984375000e+03;2.9350475749405659e+03;2.9350476074218750e+03;2.9350456542968750e+03;2.9350475749405773e+03;2.9350495605468750e+03
9;301000000;3.2931442340324002e+03;3.2931435546875000e+03;3.2931442340324061e+03;3.2931442871093750e+03;3.2931445312500000e+03;3.2931442340324079e+03;3.2931464843750000e+03
0;303000000;5.4353531611470198e+03;5.4353569335937500e+03;5.4353531611470235e+03;5.4353535156250000e+03;5.4353515625000000e+03;5.4353531611470080e+03;5.4353554687500000e+03
1;303000000;4.5900376426824105e+03;4.5900395507812500e+03;4.5900376426824087e+03;4.5900375976562500e+03;4.5900410156250000e+03;4.5900376426824059e+03;4.5900405273437500e+03
2;303000000;5.1997129418428858e+03;5.1997128906250000e+03;5.1997129418428822e+03;5.1997128906250000e+03;5.1997153320312500e+03;5.1997129418428813e+03;5.1997153320312500e+03
3;303000000;4.4982925354128947e+03;4.4982934570312500e+03;4.4982925354128956e+03;4.4982924804687500e+03;4.4982910156250000e+03;4.4982925354128884e+03;4.4982973632812500e+03
4;303000000;5.9047144746852782e+03;5.9047202148437500e+03;5.9047144746852891e+03;5.9047143554687500e+03;5.9047211914062500e+03;5.9047144746852800e+03;5.9047172851562500e+03
5;303000000;5.7290713823725737e+03;5.7290737304687500e+03;5.7290713823725955e+03;5.7290712890625000e+03;5.7290712890625000e+03;5.7290713823725782e+03;5.7290751953125000e+03
6;303000000;5.0613730917799257e+03;5.0613730468750000e+03;5.0613730917799285e+03;5.0613730468750000e+03;5.0613750000000000e+03;5.0613730917799357e+03;5.0613750000000000e+03
7;303000000;4.4061778274889066e+03;4.4061806640625000e+03;4.4061778274889157e+03;4.4061777343750000e+03;4.4061811523437500e+03;4.4061778274889111e+03;4.4061840820312500e+03
8;303000000;2.9558986490803081e+03;2.9558969726562500e+03;2.9558986490803059e+03;2.9558986816406250e+03;2.9558984375000000e+03;2.9558986490803127e+03;2.9559018554687500e+03
9;303000000;3.0189214533756813e+03;3.0189223632812500e+03;3.0189214533756790e+03;3.0189213867187500e+03;3.0189226074218750e+03;3.0189214533756840e+03;3.0189213867187500e+03
0;305000000;5.5093111127533703e+03;5.5093076171875000e+03;5.5093111127533730e+03;5.5093115234375000e+03;5.5093076171875000e+03;5.5093111127533703e+03;5.5093149414062500e+03
1;305000000;4.6505490745012321e+03;4.6505488281250000e+03;4.6505490745012321e+03;4.6505493164062500e+03;4.6505522460937500e+03;4.6505490745012248e+03;4.6505527343750000e+03
2;305000000;4.5938802744732893e+03;4.5938833007812500e+03;4.5938802744732911e+03;4.5938803710937500e+03;4.5938828125000000e+03;4.5938802744732939e+03;4.5938828125000000e+03
3;305000000;4.1395713656667058e+03;4.1395712890625000e+03;4.1395713656667058e+03;4.1395712890625000e+03;4.1395751953125000e+03;4.1395713656666976e+03;4.1395756835937500e+03
4;305000000;5.4553966082392508e+03;5.4554038085937500e+03;5.4553966082392426e+03;5.4553964843750000e+03;5.4554028320312500e+03;5.4553966082392426e+03;5.4553984375000000e+03
5;305000000;5.1085950342426213e+03;5.1085913085937500e+03;5.1085950342426204e+03;5.1085952148437500e+03;5.1085961914062500e+03;5.1085950342426240e+03;5.1085996093750000e+03
6;305000000;5.3830939592905970e+03;5.3830883789062500e+03;5.3830939592906034e+03;5.3830937500000000e+03;5.3830932617187500e+03;5.3830939592906034e+03;5.3830966796875000e+03
7;305000000;4.5199183302138981e+03;4.5199243164062500e+03;4.5199183302139063e+03;4.5199184570312500e+03;4.5199199218750000e+03;4.5199183302138999e+03;4.5199223632812500e+03
8;305000000;2.7932808123592281e+03;2.7932822265625000e+03;2.7932808123592354e+03;2.7932807617187500e+03;2.7932822265625000e+03;2.7932808123592340e+03;2.7932832031250000e+03
9;305000000;3.2390737910173998e+03;3.2390764160156250e+03;3.2390737910174034e+03;3.2390737304687500e+03;3.2390742187500000e+03;3.2390737910173993e+03;3.2390754394531250e+03
0;307000000;5.3138417548939506e+03;5.3138383789062500e+03;5.3138417548939469e+03;5.3138417968750000e+03;5.3138393554687500e+03;5.3138417548939487e+03;5.3138437500000000e+03
1;307000000;5.2410225658978779e+03;5.2410195312500000e+03;5.2410225658978807e+03;5.2410229492187500e+03;5.2410219726562500e+03;5.2410225658978798e+03;5.2410263671875000e+03
2;307000000;4.8946399427781480e+03;4.8946396484375000e+03;4.8946399427781507e+03;4.8946401367187500e+03;4.8946406250000000e+03;4.8946399427781480e+03;4.8946411132812500e+03
3;307000000;4.0677640578705505e+03;4.0677639160156250e+03;4.0677640578705550e+03;4.0677641601562500e+03;4.0677609863281250e+03;4.0677640578705491e+03;4.0677673339843750e+03
4;307000000;4.8892734921629344e+03;4.8892724609375000e+03;4.8892734921629308e+03;4.8892734375000000e+03;4.8892734375000000e+03;4.8892734921629253e+03;4.8892773437500000e+03
5;307000000;5.4543384064378452e+03;5.4543378906250000e+03;5.4543384064378424e+03;5.4543383789062500e+03;5.4543330078125000e+03;5.4543384064378388e+03;5.4543413085937500e+03
6;307000000;5.3477088103517872e+03;5.3477045898437500e+03;5.3477088103517826e+03;5.3477089843750000e+03;5.3476997070312500e+03;5.3477088103517754e+03;5.3477128906250000e+03
7;307000000;4.4318946167805971e+03;4.4318974609375000e+03;4.4318946167805971e+03;4.4318945312500000e+03;4.4318984375000000e+03;4.4318946167805889e+03;4.4318979492187500e+03
8;307000000;2.5529478920203860e+03;2.5529484863281250e+03;2.5529478920203924e+03;2.5529479980468750e+03;2.5529494628906250e+03;2.5529478920203928e+03;2.5529489746093750e+03
9;307000000;2.9223056570816402e+03;2.9223066406250000e+03;2.9223056570816470e+03;2.9223056640625000e+03;2.9223049316406250e+03;2.9223056570816443e+03;2.9223071289062500e+03
0;309000000;5.5919182985610432e+03;5.5919135742187500e+03;5.5919182985610314e+03;5.5919184570312500e+03;5.5919145507812500e+03;5.5919182985610423e+03;5.5919199218750000e+03
1;309000000;5.4840827767110895e+03;5.4840859375000000e+03;5.4840827767110932e+03;5.4840830078125000e+03;5.4840825195312500e+03;5.4840827767110959e+03;5.4840849609375000e+03
2;309000000;4.5288056212078127e+03;4.5288017578125000e+03;4.5288056212077963e+03;4.5288056640625000e+03;4.5288076171875000e+03;4.5288056212078018e+03;4.5288076171875000e+03
3;309000000;3.3899841599727451e+03;3.3899836425781250e+03;3.3899841599727552e+03;3.3899841308593750e+03;3.3899848632812500e+03;3.3899841599727442e+03;3.3899873046875000e+03
4;309000000;4.3130811141560662e+03;4.3130815429687500e+03;4.3130811141560716e+03;4.3130810546875000e+03;4.3130800781250000e+03;4.3130811141560644e+03;4.3130834960937500e+03
5;309000000;4.8914301537511037e+03;4.8914296875000000e+03;4.8914301537511074e+03;4.8914301757812500e+03;4.8914272460937500e+03;4.8914301537511074e+03;4.8914335937500000e+03
6;309000000;5.0796997822462290e+03;5.0797011718750000e+03;5.0796997822462308e+03;5.0796997070312500e+03;5.0797021484375000e+03;5.0796997822462199e+03;5.0797021484375000e+03
7;309000000;4.8290042472973964e+03;4.8290078125000000e+03;4.8290042472973992e+03;4.8290043945312500e+03;4.8290073242187500e+03;4.8290042472973928e+03;4.8290097656250000e+03
8;309000000;2.5561878751060840e+03;2.5561906738281250e+03;2.5561878751060790e+03;2.5561879882812500e+03;2.5561892089843750e+03;2.5561878751060858e+03;2.5561894531250000e+03
9;309000000;2.8169276858867147e+03;2.8169301757812500e+03;2.8169276858867242e+03;2.8169277343750000e+03;2.8169282226562500e+03;2.8169276858867215e+03;2.8169291992187500e+03
0;311000000;5.2004553283978403e+03;5.2004541015625000e+03;5.2004553283978285e+03;5.2004555664062500e+03;5.2004531250000000e+03;5.2004553283978348e+03;5.2004584960937500e+03
1;311000000;4.8901688404637280e+03;4.8901665039062500e+03;4.8901688404637252e+03;4.8901689453125000e+03;4.8901674804687500e+03;4.8901688404637243e+03;4.8901723632812500e+03
2;311000000;5.2134634536990916e+03;5.2134663085937500e+03;5.2134634536990907e+03;5.2134633789062500e+03;5.2134648437500000e+03;5.2134634536990852e+03;5.2134658203125000e+03
3;311000000;3.5368611318928802e+03;3.5368591308593750e+03;3.5368611318928888e+03;3.5368610839843750e+03;3.5368596191406250e+03;3.5368611318928779e+03;3.5368645019531250e+03
4;311000000;4.3554402442101918e+03;4.3554370117187500e+03;4.3554402442101955e+03;4.3554404296875000e+03;4.3554375000000000e+03;4.3554402442101909e+03;4.3554443359375000e+03
5;311000000;4.4200909623956204e+03;4.4200869140625000e+03;4.4200909623956159e+03;4.4200908203125000e+03;4.4200893554687500e+03;4.4200909623956168e+03;4.4200937500000000e+03
6;311000000;4.9517522216102197e+03;4.9517573242187500e+03;4.9517522216102143e+03;4.9517524414062500e+03;4.9517568359375000e+03;4.9517522216102043e+03;4.9517558593750000e+03
7;311000000;4.5385014947613317e+03;4.5385029296875000e+03;4.5385014947613436e+03;4.5385014648437500e+03;4.5385024414062500e+03;4.5385014947613272e+03;4.5385053710937500e+03
8;311000000;2.7458750667052750e+03;2.7458728027343750e+03;2.7458750667052891e+03;2.7458752441406250e+03;2.7458750000000000e+03;2.7458750667052896e+03;2.7458767089843750e+03
9;311000000;2.6067646501883569e+03;2.6067666015625000e+03;2.6067646501883496e+03;2.6067646484375000e+03;2.6067663574218750e+03;2.6067646501883514e+03;2.6067651367187500e+03
0;313000000;4.9275858041291722e+03;4.9275869140625000e+03;4.9275858041291749e+03;4.9275859375000000e+03;4.9275883789062500e+03;4.9275858041291758e+03;4.9275888671875000e+03
1;313000000;5.4871232630373679e+03;5.4871254882812500e+03;5.4871232630373670e+03;5.4871235351562500e+03;5.4871206054687500e+03;5.4871232630373670e+03;5.4871259765625000e+03
2;313000000;5.6709434262334526e+03;5.6709467773437500e+03;5.6709434262334544e+03;5.6709433593750000e+03;5.6709482421875000e+03;5.6709434262334471e+03;5.6709443359375000e+03
3;313000000;3.8082072141181457e+03;3.8082106933593750e+03;3.8082072141181457e+03;3.8082072753906250e+03;3.8082089843750000e+03;3.8082072141181425e+03;3.8082097167968750e+03
4;313000000;3.5449845867400782e+03;3.5449807128906250e+03;3.5449845867400732e+03;3.5449846191406250e+03;3.5449829101562500e+03;3.5449845867400736e+03;3.5449863281250000e+03
5;313000000;3.5718820491821925e+03;3.5718867187500000e+03;3.5718820491821921e+03;3.5718820800781250e+03;3.5718847656250000e+03;3.5718820491821916e+03;3.5718837890625000e+03
6;313000000;4.5469818899162847e+03;4.5469824218750000e+03;4.5469818899162956e+03;4.5469819335937500e+03;4.5469819335937500e+03;4.5469818899162874e+03;4.5469858398437500e+03
7;313000000;4.4367099535639845e+03;4.4367075195312500e+03;4.4367099535639891e+03;4.4367099609375000e+03;4.4367075195312500e+03;4.4367099535639827e+03;4.4367128906250000e+03
8;313000000;3.2521995762962438e+03;3.2521994628906250e+03;3.2521995762962451e+03;3.2521997070312500e+03;3.2522028808593750e+03;3.2521995762962438e+03;3.2522001953125000e+03
9;313000000;2.5068931902484624e+03;2.5068962402343750e+03;2.5068931902484596e+03;2.5068933105468750e+03;2.5068972167968750e+03;2.5068931902484583e+03;2.5068930664062500e+03
0;315000000;5.4760592654607508e+03;5.4760615234375000e+03;5.4760592654607453e+03;5.4760595703125000e+03;5.4760605468750000e+03;5.4760592654607472e+03;5.4760625000000000e+03
1;315000000;5.1433997508646771e+03;5.1433999023437500e+03;5.1433997508646889e+03;5.1433999023437500e+03;5.1433969726562500e+03;5.1433997508646844e+03;5.1434028320312500e+03
2;315000000;5.0559824939576683e+03;5.0559819335937500e+03;5.0559824939576647e+03;5.0559824218750000e+03;5.0559833984375000e+03;5.0559824939576647e+03;5.0559833984375000e+03
3;315000000;4.3104493440274473e+03;4.3104506835937500e+03;4.3104493440274500e+03;4.3104492187500000e+03;4.3104448242187500e+03;4.3104493440274491e+03;4.3104531250000000e+03
4;315000000;4.1552120622009270e+03;4.1552148437500000e+03;4.1552120622009234e+03;4.1552119140625000e+03;4.1552128906250000e+03;4.1552120622009224e+03;4.1552143554687500e+03
5;315000000;3.7441892275927175e+03;3.7441909179687500e+03;3.7441892275927203e+03;3.7441892089843750e+03;3.7441933593750000e+03;3.7441892275927216e+03;3.7441943359375000e+03
6;315000000;4.1046148876054986e+03;4.1046137695312500e+03;4.1046148876055004e+03;4.1046147460937500e+03;4.1046210937500000e+03;4.1046148876054958e+03;4.1046171875000000e+03
7;315000000;4.3632504651955587e+03;4.3632426757812500e+03;4.3632504651955551e+03;4.3632504882812500e+03;4.3632495117187500e+03;4.3632504651955551e+03;4.3632543945312500e+03
8;315000000;2.4347594549216678e+03;2.4347624511718750e+03;2.4347594549216756e+03;2.4347595214843750e+03;2.4347622070312500e+03;2.4347594549216747e+03;2.4347607421875000e+03
9;315000000;2.9562312089576199e+03;2.9562319335937500e+03;2.9562312089576144e+03;2.9562312011718750e+03;2.9562346191406250e+03;2.9562312089576162e+03;2.9562304687500000e+03
0;317000000;5.1763179071371951e+03;5.1763212890625000e+03;5.1763179071371896e+03;5.1763178710937500e+03;5.1763183593750000e+03;5.1763179071371960e+03;5.1763198242187500e+03
1;317000000;4.8919926232068456e+03;4.8919907226562500e+03;4.8919926232068401e+03;4.8919926757812500e+03;4.8919902343750000e+03;4.8919926232068501e+03;4.8919951171875000e+03
2;317000000;5.4120874454209406e+03;5.4120864257812500e+03;5.4120874454209343e+03;5.4120874023437500e+03;5.4120834960937500e+03;5.4120874454209397e+03;5.4120883789062500e+03
3;317000000;4.5081445099168677e+03;4.5081440429687500e+03;4.5081445099168659e+03;4.5081445312500000e+03;4.5081411132812500e+03;4.5081445099168659e+03;4.5081474609375000e+03
4;317000000;4.4865414245679558e+03;4.4865444335937500e+03;4.4865414245679603e+03;4.4865415039062500e+03;4.4865429687500000e+03;4.4865414245679467e+03;4.4865449218750000e+03
5;317000000;3.1366058534178587e+03;3.1366088867187500e+03;3.1366058534178555e+03;3.1366059570312500e+03;3.1366044921875000e+03;3.1366058534178569e+03;3.1366093750000000e+03
6;317000000;3.4331907696985709e+03;3.4331887207031250e+03;3.4331907696985736e+03;3.4331909179687500e+03;3.4331877441406250e+03;3.4331907696985668e+03;3.4331938476562500e+03
7;317000000;3.8462926017423547e+03;3.8462912597656250e+03;3.8462926017423720e+03;3.8462927246093750e+03;3.8462949218750000e+03;3.8462926017423515e+03;3.8462966308593750e+03
8;317000000;2.6957719803015557e+03;2.6957736816406250e+03;2.6957719803015557e+03;2.6957719726562500e+03;2.6957758789062500e+03;2.6957719803015593e+03;2.6957727050781250e+03
9;317000000;3.1430234022803470e+03;3.1430249023437500e+03;3.1430234022803529e+03;3.1430234375000000e+03;3.1430258789062500e+03;3.1430234022803534e+03;3.1430222167968750e+03
0;319000000;5.0002682671932289e+03;5.0002680664062500e+03;5.0002682671932271e+03;5.0002685546875000e+03;5.0002656250000000e+03;5.0002682671932344e+03;5.0002695312500000e+03
1;319000000;5.2496979485749189e+03;5.2496982421875000e+03;5.2496979485749162e+03;5.2496982421875000e+03;5.2496962890625000e+03;5.2496979485749316e+03;5.2497011718750000e+03
2;319000000;5.3376933770468931e+03;5.3376928710937500e+03;5.3376933770468922e+03;5.3376933593750000e+03;5.3376958007812500e+03;5.3376933770468913e+03;5.3376948242187500e+03
3;319000000;3.6116448101986771e+03;3.6116447753906250e+03;3.6116448101986784e+03;3.6116447753906250e+03;3.6116442871093750e+03;3.6116448101986734e+03;3.6116467285156250e+03
4;319000000;4.3688853932605389e+03;4.3688891601562500e+03;4.3688853932605380e+03;4.3688852539062500e+03;4.3688852539062500e+03;4.3688853932605325e+03;4.3688876953125000e+03
5;319000000;3.5678977485749642e+03;3.5678977050781250e+03;3.5678977485749606e+03;3.5678979492187500e+03;3.5679003906250000e+03;3.5678977485749610e+03;3.5678991699218750e+03
6;319000000;3.3537184481163449e+03;3.3537160644531250e+03;3.3537184481163449e+03;3.3537185058593750e+03;3.3537165527343750e+03;3.3537184481163440e+03;3.3537214355468750e+03
7;319000000;3.3847619874546681e+03;3.3847619628906250e+03;3.3847619874546745e+03;3.3847619628906250e+03;3.3847585449218750e+03;3.3847619874546676e+03;3.3847656250000000e+03
8;319000000;2.5595618909106747e+03;2.5595578613281250e+03;2.5595618909106806e+03;2.5595620117187500e+03;2.5595637207031250e+03;2.5595618909106861e+03;2.5595642089843750e+03
9;319000000;2.5147423215968897e+03;2.5147456054687500e+03;2.5147423215968929e+03;2.5147424316406250e+03;2.5147426757812500e+03;2.5147423215968902e+03;2.5147416992187500e+03
0;321000000;4.3195805802940085e+03;4.3195776367187500e+03;4.3195805802940195e+03;4.3195805664062500e+03;4.3195805664062500e+03;4.3195805802940140e+03;4.3195834960937500e+03
1;321000000;5.0837916607460966e+03;5.0837944335937500e+03;5.0837916607460975e+03;5.0837919921875000e+03;5.0837919921875000e+03;5.0837916607461102e+03;5.0837949218750000e+03
2;321000000;4.8310541698702364e+03;4.8310502929687500e+03;4.8310541698702400e+03;4.8310541992187500e+03;4.8310561523437500e+03;4.8310541698702309e+03;4.8310551757812500e+03
3;321000000;4.4299933026664985e+03;4.4299902343750000e+03;4.4299933026664976e+03;4.4299931640625000e+03;4.4299882812500000e+03;4.4299933026664885e+03;4.4299965820312500e+03
4;321000000;5.0109745489702682e+03;5.0109750976562500e+03;5.0109745489702664e+03;5.0109746093750000e+03;5.0109770507812500e+03;5.0109745489702573e+03;5.0109770507812500e+03
5;321000000;3.8714665997209108e+03;3.8714648437500000e+03;3.8714665997209086e+03;3.8714667968750000e+03;3.8714667968750000e+03;3.8714665997209086e+03;3.8714711914062500e+03
6;321000000;2.6466084523518316e+03;2.6466103515625000e+03;2.6466084523518216e+03;2.6466086425781250e+03;2.6466081542968750e+03;2.6466084523518221e+03;2.6466115722656250e+03
7;321000000;2.7855272003285372e+03;2.7855288085937500e+03;2.7855272003285290e+03;2.7855273437500000e+03;2.7855268554687500e+03;2.7855272003285272e+03;2.7855317382812500e+03
8;321000000;1.8620428980712966e+03;1.8620457763671875e+03;1.8620428980712884e+03;1.8620429687500000e+03;1.8620421142578125e+03;1.8620428980712927e+03;1.8620432128906250e+03
9;321000000;2.7792252326200683e+03;2.7792255859375000e+03;2.7792252326200551e+03;2.7792253417968750e+03;2.7792260742187500e+03;2.7792252326200642e+03;2.7792243652343750e+03
0;323000000;4.5419906935848931e+03;4.5419926757812500e+03;4.5419906935848840e+03;4.5419907226562500e+03;4.5419853515625000e+03;4.5419906935848958e+03;4.5419936523437500e+03
1;323000000;4.6007329127469175e+03;4.6007338867187500e+03;4.6007329127469220e+03;4.6007329101562500e+03;4.6007338867187500e+03;4.6007329127469347e+03;4.6007363281250000e+03
2;323000000;5.3796302112435524e+03;5.3796274414062500e+03;5.3796302112435487e+03;5.3796303710937500e+03;5.3796298828125000e+03;5.3796302112435469e+03;5.3796318359375000e+03
3;323000000;4.3963680035741399e+03;4.3963730468750000e+03;4.3963680035741409e+03;4.3963681640625000e+03;4.3963657226562500e+03;4.3963680035741354e+03;4.3963710937500000e+03
4;323000000;4.2306383328324619e+03;4.2306352539062500e+03;4.2306383328324628e+03;4.2306381835937500e+03;4.2306396484375000e+03;4.2306383328324609e+03;4.2306401367187500e+03
5;323000000;3.8593416884499470e+03;3.8593420410156250e+03;3.8593416884499416e+03;3.8593417968750000e+03;3.8593435058593750e+03;3.8593416884499457e+03;3.8593442382812500e+03
6;323000000;3.1237850025297607e+03;3.1237878417968750e+03;3.1237850025297589e+03;3.1237851562500000e+03;3.1237880859375000e+03;3.1237850025297585e+03;3.1237873535156250e+03
7;323000000;2.8030179993292704e+03;2.8030187988281250e+03;2.8030179993292654e+03;2.8030180664062500e+03;2.8030195312500000e+03;2.8030179993292618e+03;2.8030214843750000e+03
8;323000000;1.4768558097849279e+03;1.4768558349609375e+03;1.4768558097849325e+03;1.4768559570312500e+03;1.4768581542968750e+03;1.4768558097849304e+03;1.4768566894531250e+03
9;323000000;2.5327952335993086e+03;2.5327944335937500e+03;2.5327952335993041e+03;2.5327954101562500e+03;2.5327976074218750e+03;2.5327952335993086e+03;2.5327939453125000e+03
0;325000000;4.2659518352393707e+03;4.2659487304687500e+03;4.2659518352393752e+03;4.2659521484375000e+03;4.2659501953125000e+03;4.2659518352393752e+03;4.2659560546875000e+03
1;325000000;4.2091681652307043e+03;4.2091669921875000e+03;4.2091681652306952e+03;4.2091684570312500e+03;4.2091650390625000e+03;4.2091681652307052e+03;4.2091713867187500e+03
2;325000000;5.4026448226294715e+03;5.4026474609375000e+03;5.4026448226294706e+03;5.4026450195312500e+03;5.4026494140625000e+03;5.4026448226294633e+03;5.4026455078125000e+03
3;325000000;3.8752348638034318e+03;3.8752392578125000e+03;3.8752348638034291e+03;3.8752348632812500e+03;3.8752377929687500e+03;3.8752348638034282e+03;3.8752363281250000e+03
4;325000000;4.9684492786220999e+03;4.9684501953125000e+03;4.9684492786221081e+03;4.9684492187500000e+03;4.9684477539062500e+03;4.9684492786221053e+03;4.9684531250000000e+03
5;325000000;4.3860624556472285e+03;4.3860610351562500e+03;4.3860624556472312e+03;4.3860625000000000e+03;4.3860585937500000e+03;4.3860624556472258e+03;4.3860668945312500e+03
6;325000000;3.7458232706314493e+03;3.7458249511718750e+03;3.7458232706314461e+03;3.7458234863281250e+03;3.7458247070312500e+03;3.7458232706314438e+03;3.7458281250000000e+03
7;325000000;2.2330238995534737e+03;2.2330212402343750e+03;2.2330238995534714e+03;2.2330239257812500e+03;2.2330234375000000e+03;2.2330238995534701e+03;2.2330285644531250e+03
8;325000000;1.1962267789459308e+03;1.1962299804687500e+03;1.1962267789459395e+03;1.1962269287109375e+03;1.1962261962890625e+03;1.1962267789459361e+03;1.1962272949218750e+03
9;325000000;2.1781685165353947e+03;2.1781716308593750e+03;2.1781685165354061e+03;2.1781687011718750e+03;2.1781728515625000e+03;2.1781685165354079e+03;2.1781669921875000e+03
0;327000000;4.8335118529727133e+03;4.8335092773437500e+03;4.8335118529727170e+03;4.8335122070312500e+03;4.8335102539062500e+03;4.8335118529727188e+03;4.8335141601562500e+03
1;327000000;4.2505188167727420e+03;4.2505146484375000e+03;4.2505188167727410e+03;4.2505190429687500e+03;4.2505117187500000e+03;4.2505188167727538e+03;4.2505205078125000e+03
2;327000000;4.5346825310909553e+03;4.5346811523437500e+03;4.5346825310909608e+03;4.5346826171875000e+03;4.5346782226562500e+03;4.5346825310909489e+03;4.5346826171875000e+03
3;327000000;3.9915393790087332e+03;3.9915417480468750e+03;3.9915393790087260e+03;3.9915395507812500e+03;3.9915380859375000e+03;3.9915393790087214e+03;3.9915417480468750e+03
4;327000000;4.7164208378813009e+03;4.7164248046875000e+03;4.7164208378813173e+03;4.7164208984375000e+03;4.7164248046875000e+03;4.7164208378813082e+03;4.7164218750000000e+03
5;327000000;3.6825438049884451e+03;3.6825444335937500e+03;3.6825438049884501e+03;3.6825439453125000e+03;3.6825456542968750e+03;3.6825438049884478e+03;3.6825473632812500e+03
6;327000000;3.7881697719913695e+03;3.7881721191406250e+03;3.7881697719913691e+03;3.7881699218750000e+03;3.7881704101562500e+03;3.7881697719913577e+03;3.7881728515625000e+03
7;327000000;2.3507383234538543e+03;2.3507382812500000e+03;2.3507383234538579e+03;2.3507385253906250e+03;2.3507412109375000e+03;2.3507383234538511e+03;2.3507421875000000e+03
8;327000000;7.1121783135225542e+02;7.1121624755859375e+02;7.1121783135224382e+02;7.1121795654296875e+02;7.1121270751953125e+02;7.1121783135224950e+02;7.1121875000000000e+02
9;327000000;1.5154114310993252e+03;1.5154152832031250e+03;1.5154114310993300e+03;1.5154114990234375e+03;1.5154169921875000e+03;1.5154114310993298e+03;1.5154116210937500e+03
0;329000000;5.0656692934426055e+03;5.0656679687500000e+03;5.0656692934426173e+03;5.0656694335937500e+03;5.0656733398437500e+03;5.0656692934426137e+03;5.0656718750000000e+03
1;329000000;4.2882003775402918e+03;4.2881972656250000e+03;4.2882003775402900e+03;4.2882006835937500e+03;4.2882036132812500e+03;4.2882003775403018e+03;4.2882021484375000e+03
2;329000000;4.0774885387507479e+03;4.0774890136718750e+03;4.0774885387507488e+03;4.0774887695312500e+03;4.0774902343750000e+03;4.0774885387507420e+03;4.0774892578125000e+03
3;329000000;4.0582036101610602e+03;4.0582048339843750e+03;4.0582036101610574e+03;4.0582036132812500e+03;4.0582033691406250e+03;4.0582036101610520e+03;4.0582048339843750e+03
4;329000000;4.6129904179762798e+03;4.6129916992187500e+03;4.6129904179762725e+03;4.6129907226562500e+03;4.6129882812500000e+03;4.6129904179762734e+03;4.6129926757812500e+03
5;329000000;4.2128546862472103e+03;4.2128579101562500e+03;4.2128546862472058e+03;4.2128549804687500e+03;4.2128569335937500e+03;4.2128546862472049e+03;4.2128559570312500e+03
6;329000000;4.0208119419958762e+03;4.0208088378906250e+03;4.0208119419958703e+03;4.0208120117187500e+03;4.0208129882812500e+03;4.0208119419958634e+03;4.0208137207031250e+03
7;329000000;3.3967138758399806e+03;3.3967143554687500e+03;3.3967138758399765e+03;3.3967141113281250e+03;3.3967150878906250e+03;3.3967138758399747e+03;3.3967172851562500e+03
8;329000000;6.0895123267612848e+02;6.0894793701171875e+02;6.0895123267612780e+02;6.0895135498046875e+02;6.0895715332031250e+02;6.0895123267612325e+02;6.0895312500000000e+02
9;329000000;1.3335455875780863e+03;1.3335450439453125e+03;1.3335455875780847e+03;1.3335456542968750e+03;1.3335454101562500e+03;1.3335455875780867e+03;1.3335454101562500e+03
0;331000000;4.8945249980847129e+03;4.8945278320312500e+03;4.8945249980847120e+03;4.8945249023437500e+03;4.8945249023437500e+03;4.8945249980847102e+03;4.8945268554687500e+03
1;331000000;4.4129448760374435e+03;4.4129506835937500e+03;4.4129448760374489e+03;4.4129448242187500e+03;4.4129477539062500e+03;4.4129448760374526e+03;4.4129482421875000e+03
2;331000000;4.2146705216722976e+03;4.2146752929687500e+03;4.2146705216722967e+03;4.2146704101562500e+03;4.2146743164062500e+03;4.2146705216722930e+03;4.2146728515625000e+03
3;331000000;3.4915864776413014e+03;3.4915800781250000e+03;3.4915864776413059e+03;3.4915866699218750e+03;3.4915839843750000e+03;3.4915864776412977e+03;3.4915886230468750e+03
4;331000000;4.2861916674383046e+03;4.2861943359375000e+03;4.2861916674383074e+03;4.2861918945312500e+03;4.2861923828125000e+03;4.2861916674383083e+03;4.2861943359375000e+03
5;331000000;3.9897518851968293e+03;3.9897514648437500e+03;3.9897518851968239e+03;3.9897519531250000e+03;3.9897475585937500e+03;3.9897518851968293e+03;3.9897536621093750e+03
6;331000000;3.6255286384162587e+03;3.6255275878906250e+03;3.6255286384162487e+03;3.6255288085937500e+03;3.6255317382812500e+03;3.6255286384162441e+03;3.6255310058593750e+03
7;331000000;3.3429696334175965e+03;3.3429655761718750e+03;3.3429696334175810e+03;3.3429697265625000e+03;3.3429658203125000e+03;3.3429696334175824e+03;3.3429731445312500e+03
8;331000000;5.0469318871221924e+02;5.0469854736328125e+02;5.0469318871221026e+02;5.0469335937500000e+02;5.0469351196289062e+02;5.0469318871221094e+02;5.0469531250000000e+02
9;331000000;7.1297199003599667e+02;7.1297247314453125e+02;7.1297199003598985e+02;7.1297210693359375e+02;7.1297680664062500e+02;7.1297199003599667e+02;7.1297119140625000e+02
0;333000000;4.9712529443001831e+03;4.9712529296875000e+03;4.9712529443001822e+03;4.9712529296875000e+03;4.9712553710937500e+03;4.9712529443001831e+03;4.9712553710937500e+03
1;333000000;4.8518470856958647e+03;4.8518491210937500e+03;4.8518470856958547e+03;4.8518471679687500e+03;4.8518476562500000e+03;4.8518470856958675e+03;4.8518500976562500e+03
2;333000000;4.4676930977198199e+03;4.4676894531250000e+03;4.4676930977198199e+03;4.4676933593750000e+03;4.4676870117187500e+03;4.4676930977198253e+03;4.4676953125000000e+03
3;333000000;3.0557037145697032e+03;3.0557006835937500e+03;3.0557037145696931e+03;3.0557038574218750e+03;3.0557031250000000e+03;3.0557037145697022e+03;3.0557058105468750e+03
4;333000000;4.2993881124294558e+03;4.2993945312500000e+03;4.2993881124294558e+03;4.2993881835937500e+03;4.2993945312500000e+03;4.2993881124294585e+03;4.2993906250000000e+03
5;333000000;3.9600872154577196e+03;3.9600847167968750e+03;3.9600872154577182e+03;3.9600874023437500e+03;3.9600864257812500e+03;3.9600872154577282e+03;3.9600903320312500e+03
6;333000000;3.6594384039661995e+03;3.6594396972656250e+03;3.6594384039662013e+03;3.6594384765625000e+03;3.6594421386718750e+03;3.6594384039662013e+03;3.6594394531250000e+03
7;333000000;3.2037040595808371e+03;3.2037048339843750e+03;3.2037040595808348e+03;3.2037041015625000e+03;3.2037033691406250e+03;3.2037040595808276e+03;3.2037094726562500e+03
8;333000000;1.4771307006190584e+03;1.4771313476562500e+03;1.4771307006190532e+03;1.4771308593750000e+03;1.4771300048828125e+03;1.4771307006190514e+03;1.4771334228515625e+03
9;333000000;7.3402261225663233e+02;7.3402856445312500e+02;7.3402261225663460e+02;7.3402270507812500e+02;7.3402337646484375e+02;7.3402261225663915e+02;7.3402191162109375e+02
0;335000000;4.6272128168125791e+03;4.6272119140625000e+03;4.6272128168125773e+03;4.6272128906250000e+03;4.6272099609375000e+03;4.6272128168125855e+03;4.6272158203125000e+03
1;335000000;4.7136717612114908e+03;4.7136669921875000e+03;4.7136717612114871e+03;4.7136718750000000e+03;4.7136699218750000e+03;4.7136717612114890e+03;4.7136757812500000e+03
2;335000000;4.5643219057859815e+03;4.5643222656250000e+03;4.5643219057859724e+03;4.5643222656250000e+03;4.5643173828125000e+03;4.5643219057859806e+03;4.5643222656250000e+03
3;335000000;3.4137097098404670e+03;3.4137163085937500e+03;3.4137097098404570e+03;3.4137097167968750e+03;3.4137109375000000e+03;3.4137097098404602e+03;3.4137124023437500e+03
4;335000000;3.7499725550766766e+03;3.7499797363281250e+03;3.7499725550766675e+03;3.7499726562500000e+03;3.7499731445312500e+03;3.7499725550766825e+03;3.7499743652343750e+03
5;335000000;3.6171164754609549e+03;3.6171162109375000e+03;3.6171164754609572e+03;3.6171164550781250e+03;3.6171166992187500e+03;3.6171164754609690e+03;3.6171166992187500e+03
6;335000000;3.4310575023683973e+03;3.4310585937500000e+03;3.4310575023684046e+03;3.4310576171875000e+03;3.4310605468750000e+03;3.4310575023684041e+03;3.4310600585937500e+03
7;335000000;3.1275271503538766e+03;3.1275256347656250e+03;3.1275271503538806e+03;3.1275273437500000e+03;3.1275270996093750e+03;3.1275271503538706e+03;3.1275317382812500e+03
8;335000000;1.3596393438948351e+03;1.3596427001953125e+03;1.3596393438948305e+03;1.3596395263671875e+03;1.3596408691406250e+03;1.3596393438948389e+03;1.3596401367187500e+03
9;335000000;6.5228027053602011e+02;6.5228356933593750e+02;6.5228027053602534e+02;6.5228039550781250e+02;6.5228454589843750e+02;6.5228027053602136e+02;6.5227941894531250e+02
0;337000000;4.4784462359646113e+03;4.4784462890625000e+03;4.4784462359646141e+03;4.4784462890625000e+03;4.4784487304687500e+03;4.4784462359646132e+03;4.4784487304687500e+03
1;337000000;4.6834439730642389e+03;4.6834443359375000e+03;4.6834439730642271e+03;4.6834438476562500e+03;4.6834448242187500e+03;4.6834439730642498e+03;4.6834458007812500e+03
2;337000000;4.8696190333311133e+03;4.8696186523437500e+03;4.8696190333311069e+03;4.8696191406250000e+03;4.8696157226562500e+03;4.8696190333311060e+03;4.8696196289062500e+03
3;337000000;3.4496215715721282e+03;3.4496169433593750e+03;3.4496215715721246e+03;3.4496215820312500e+03;3.4496174316406250e+03;3.4496215715721160e+03;3.4496232910156250e+03
4;337000000;3.5368688563647279e+03;3.5368703613281250e+03;3.5368688563647274e+03;3.5368688964843750e+03;3.5368686523437500e+03;3.5368688563647338e+03;3.5368720703125000e+03
5;337000000;4.0978723277427280e+03;4.0978720703125000e+03;4.0978723277427362e+03;4.0978725585937500e+03;4.0978710937500000e+03;4.0978723277427425e+03;4.0978735351562500e+03
6;337000000;3.7327442710572136e+03;3.7327490234375000e+03;3.7327442710572150e+03;3.7327443847656250e+03;3.7327468261718750e+03;3.7327442710572141e+03;3.7327470703125000e+03
7;337000000;3.0774711908834252e+03;3.0774692382812500e+03;3.0774711908834224e+03;3.0774711914062500e+03;3.0774702148437500e+03;3.0774711908834165e+03;3.0774760742187500e+03
8;337000000;1.2941539343969007e+03;1.2941540527343750e+03;1.2941539343968896e+03;1.2941540527343750e+03;1.2941527099609375e+03;1.2941539343968980e+03;1.2941557617187500e+03
9;337000000;1.3652130574515013e+03;1.3652111816406250e+03;1.3652130574514974e+03;1.3652132568359375e+03;1.3652127685546875e+03;1.3652130574514947e+03;1.3652124023437500e+03
0;339000000;4.0877276586427165e+03;4.0877314453125000e+03;4.0877276586427133e+03;4.0877277832031250e+03;4.0877246093750000e+03;4.0877276586427142e+03;4.0877302246093750e+03
1;339000000;4.3148359446757877e+03;4.3148295898437500e+03;4.3148359446757950e+03;4.3148359375000000e+03;4.3148344726562500e+03;4.3148359446757922e+03;4.3148369140625000e+03
2;339000000;5.0155667757249475e+03;5.0155634765625000e+03;5.0155667757249466e+03;5.0155668945312500e+03;5.0155664062500000e+03;5.0155667757249521e+03;5.0155683593750000e+03
3;339000000;3.4427861165559757e+03;3.4427844238281250e+03;3.4427861165559802e+03;3.4427861328125000e+03;3.4427834472656250e+03;3.4427861165559766e+03;3.4427910156250000e+03
4;339000000;3.4934440006008726e+03;3.4934460449218750e+03;3.4934440006008672e+03;3.4934440917968750e+03;3.4934462890625000e+03;3.4934440006008749e+03;3.4934467773437500e+03
5;339000000;3.1448945189904616e+03;3.1448945312500000e+03;3.1448945189904548e+03;3.1448945312500000e+03;3.1448955078125000e+03;3.1448945189904630e+03;3.1448964843750000e+03
6;339000000;3.4300340295516548e+03;3.4300361328125000e+03;3.4300340295516517e+03;3.4300341796875000e+03;3.4300344238281250e+03;3.4300340295516512e+03;3.4300361328125000e+03
7;339000000;2.7729132008375695e+03;2.7729133300781250e+03;2.7729132008375695e+03;2.7729133300781250e+03;2.7729155273437500e+03;2.7729132008375673e+03;2.7729177246093750e+03
8;339000000;1.4421014585329356e+03;1.4421010742187500e+03;1.4421014585329401e+03;1.4421015625000000e+03;1.4421021728515625e+03;1.4421014585329422e+03;1.4421033935546875e+03
9;339000000;1.6600429417343598e+03;1.6600412597656250e+03;1.6600429417343571e+03;1.6600430908203125e+03;1.6600394287109375e+03;1.6600429417343537e+03;1.6600419921875000e+03
0;341000000;3.7733285131628836e+03;3.7733261718750000e+03;3.7733285131628813e+03;3.7733286132812500e+03;3.7733264160156250e+03;3.7733285131628818e+03;3.7733298339843750e+03
1;341000000;4.2177335867658730e+03;4.2177368164062500e+03;4.2177335867658758e+03;4.2177338867187500e+03;4.2177329101562500e+03;4.2177335867658867e+03;4.2177358398437500e+03
2;341000000;4.6436206715875560e+03;4.6436186523437500e+03;4.6436206715875505e+03;4.6436206054687500e+03;4.6436225585937500e+03;4.6436206715875514e+03;4.6436225585937500e+03
3;341000000;3.9378113637313559e+03;3.9378122558593750e+03;3.9378113637313563e+03;3.9378115234375000e+03;3.9378117675781250e+03;3.9378113637313554e+03;3.9378134765625000e+03
4;341000000;3.8631006730593663e+03;3.8630983886718750e+03;3.8631006730593635e+03;3.8631008300781250e+03;3.8631037597656250e+03;3.8631006730593554e+03;3.8631037597656250e+03
5;341000000;3.1779780004103018e+03;3.1779760742187500e+03;3.1779780004102995e+03;3.1779780273437500e+03;3.1779797363281250e+03;3.1779780004103004e+03;3.1779819335937500e+03
6;341000000;3.5339937412431814e+03;3.5339941406250000e+03;3.5339937412431746e+03;3.5339938964843750e+03;3.5339919433593750e+03;3.5339937412431746e+03;3.5339963378906250e+03
7;341000000;3.3340976741566310e+03;3.3341015625000000e+03;3.3340976741566305e+03;3.3340979003906250e+03;3.3340961914062500e+03;3.3340976741566296e+03;3.3341018066406250e+03
8;341000000;1.0378768487799732e+03;1.0378759765625000e+03;1.0378768487799823e+03;1.0378769531250000e+03;1.0378752441406250e+03;1.0378768487799875e+03;1.0378782958984375e+03
9;341000000;1.1589540626435441e+03;1.1589560546875000e+03;1.1589540626435391e+03;1.1589542236328125e+03;1.1589512939453125e+03;1.1589540626435332e+03;1.1589545898437500e+03
0;343000000;3.9611304278237203e+03;3.9611293945312500e+03;3.9611304278237271e+03;3.9611306152343750e+03;3.9611279296875000e+03;3.9611304278237253e+03;3.9611318359375000e+03
1;343000000;3.9292125909342653e+03;3.9292116699218750e+03;3.9292125909342694e+03;3.9292126464843750e+03;3.9292150878906250e+03;3.9292125909342776e+03;3.9292153320312500e+03
2;343000000;4.3565456690358669e+03;4.3565434570312500e+03;4.3565456690358715e+03;4.3565458984375000e+03;4.3565424804687500e+03;4.3565456690358615e+03;4.3565458984375000e+03
3;343000000;3.9926909228128388e+03;3.9926899414062500e+03;3.9926909228128411e+03;3.9926909179687500e+03;3.9926931152343750e+03;3.9926909228128216e+03;3.9926943359375000e+03
4;343000000;3.8285781211845106e+03;3.8285747070312500e+03;3.8285781211845028e+03;3.8285781250000000e+03;3.8285771484375000e+03;3.8285781211845124e+03;3.8285808105468750e+03
5;343000000;2.7962763850479587e+03;2.7962783203125000e+03;2.7962763850479655e+03;2.7962763671875000e+03;2.7962770996093750e+03;2.7962763850479669e+03;2.7962797851562500e+03
6;343000000;2.8151779658967148e+03;2.8151782226562500e+03;2.8151779658967112e+03;2.8151779785156250e+03;2.8151748046875000e+03;2.8151779658967116e+03;2.8151801757812500e+03
7;343000000;2.8079776547713154e+03;2.8079753417968750e+03;2.8079776547713163e+03;2.8079777832031250e+03;2.8079782714843750e+03;2.8079776547713218e+03;2.8079814453125000e+03
8;343000000;8.6776169415312143e+02;8.6775653076171875e+02;8.6776169415312665e+02;8.6776184082031250e+02;8.6776782226562500e+02;8.6776169415313598e+02;8.6776354980468750e+02
9;343000000;1.5526799374706407e+03;1.5526782226562500e+03;1.5526799374706347e+03;1.5526800537109375e+03;1.5526770019531250e+03;1.5526799374706404e+03;1.5526788330078125e+03
0;345000000;4.0362551317258994e+03;4.0362517089843750e+03;4.0362551317258976e+03;4.0362553710937500e+03;4.0362504882812500e+03;4.0362551317258922e+03;4.0362553710937500e+03
1;345000000;3.8006773518240475e+03;3.8006762695312500e+03;3.8006773518240543e+03;3.8006774902343750e+03;3.8006816406250000e+03;3.8006773518240593e+03;3.8006782226562500e+03
2;345000000;4.1931734173824516e+03;4.1931718750000000e+03;4.1931734173824379e+03;4.1931733398437500e+03;4.1931748046875000e+03;4.1931734173824343e+03;4.1931752929687500e+03
3;345000000;3.6158218895848881e+03;3.6158244628906250e+03;3.6158218895848868e+03;3.6158220214843750e+03;3.6158227539062500e+03;3.6158218895848850e+03;3.6158251953125000e+03
4;345000000;4.4258986948966276e+03;4.4258999023437500e+03;4.4258986948966303e+03;4.4258989257812500e+03;4.4258994140625000e+03;4.4258986948966267e+03;4.4259003906250000e+03
5;345000000;3.3405812927139723e+03;3.3405817871093750e+03;3.3405812927139687e+03;3.3405812988281250e+03;3.3405817871093750e+03;3.3405812927139691e+03;3.3405844726562500e+03
6;345000000;2.9539763829896874e+03;2.9539750976562500e+03;2.9539763829896792e+03;2.9539765625000000e+03;2.9539790039062500e+03;2.9539763829896810e+03;2.9539780273437500e+03
7;345000000;2.8404582222280465e+03;2.8404492187500000e+03;2.8404582222280455e+03;2.8404582519531250e+03;2.8404548339843750e+03;2.8404582222280433e+03;2.8404619140625000e+03
8;345000000;1.2649676943753834e+03;1.2649765625000000e+03;1.2649676943753909e+03;1.2649677734375000e+03;1.2649771728515625e+03;1.2649676943754039e+03;1.2649694824218750e+03
9;345000000;1.2737462031357811e+03;1.2737536621093750e+03;1.2737462031357779e+03;1.2737463378906250e+03;1.2737558593750000e+03;1.2737462031357773e+03;1.2737462158203125e+03
0;347000000;3.2974140114957590e+03;3.2974157714843750e+03;3.2974140114957604e+03;3.2974140625000000e+03;3.2974118652343750e+03;3.2974140114957518e+03;3.2974143066406250e+03
1;347000000;3.7873822492755421e+03;3.7873823242187500e+03;3.7873822492755435e+03;3.7873823242187500e+03;3.7873879394531250e+03;3.7873822492755503e+03;3.7873852539062500e+03
2;347000000;3.7049248498115089e+03;3.7049267578125000e+03;3.7049248498115098e+03;3.7049250488281250e+03;3.7049260253906250e+03;3.7049248498115094e+03;3.7049257812500000e+03
3;347000000;3.2298868223867671e+03;3.2298808593750000e+03;3.2298868223867557e+03;3.2298869628906250e+03;3.2298815917968750e+03;3.2298868223867694e+03;3.2298896484375000e+03
4;347000000;4.5227424804284938e+03;4.5227456054687500e+03;4.5227424804284938e+03;4.5227426757812500e+03;4.5227460937500000e+03;4.5227424804284938e+03;4.5227460937500000e+03
5;347000000;3.3075976406228128e+03;3.3075998535156250e+03;3.3075976406228147e+03;3.3075976562500000e+03;3.3076015625000000e+03;3.3075976406228247e+03;3.3076010742187500e+03
6;347000000;2.5631302227857796e+03;2.5631325683593750e+03;2.5631302227857809e+03;2.5631303710937500e+03;2.5631362304687500e+03;2.5631302227857768e+03;2.5631325683593750e+03
7;347000000;2.0103474391935752e+03;2.0103397216796875e+03;2.0103474391935708e+03;2.0103475341796875e+03;2.0103453369140625e+03;2.0103474391935667e+03;2.0103503417968750e+03
8;347000000;1.0987676057232497e+03;1.0987760009765625e+03;1.0987676057232320e+03;1.0987677001953125e+03;1.0987714843750000e+03;1.0987676057232502e+03;1.0987702636718750e+03
9;347000000;1.0240662114917143e+03;1.0240646972656250e+03;1.0240662114917295e+03;1.0240662841796875e+03;1.0240703125000000e+03;1.0240662114917277e+03;1.0240661621093750e+03
0;349000000;3.2233527895864386e+03;3.2233508300781250e+03;3.2233527895864381e+03;3.2233530273437500e+03;3.2233469238281250e+03;3.2233527895864358e+03;3.2233525390625000e+03
1;349000000;3.6828694125986385e+03;3.6828735351562500e+03;3.6828694125986322e+03;3.6828696289062500e+03;3.6828720703125000e+03;3.6828694125986335e+03;3.6828706054687500e+03
2;349000000;3.8692606555863058e+03;3.8692590332031250e+03;3.8692606555863031e+03;3.8692607421875000e+03;3.8692600097656250e+03;3.8692606555862994e+03;3.8692619628906250e+03
3;349000000;3.0707402466657850e+03;3.0707375488281250e+03;3.0707402466658014e+03;3.0707402343750000e+03;3.0707380371093750e+03;3.0707402466657909e+03;3.0707431640625000e+03
4;349000000;4.3617545862961178e+03;4.3617563476562500e+03;4.3617545862961224e+03;4.3617543945312500e+03;4.3617592773437500e+03;4.3617545862961224e+03;4.3617553710937500e+03
5;349000000;3.9225085817859208e+03;3.9225085449218750e+03;3.9225085817859226e+03;3.9225087890625000e+03;3.9225092773437500e+03;3.9225085817859308e+03;3.9225102539062500e+03
6;349000000;3.0443138264697545e+03;3.0443173828125000e+03;3.0443138264697550e+03;3.0443139648437500e+03;3.0443183593750000e+03;3.0443138264697618e+03;3.0443168945312500e+03
7;349000000;2.2825898318247778e+03;2.2825900878906250e+03;2.2825898318247800e+03;2.2825898437500000e+03;2.2825849609375000e+03;2.2825898318247710e+03;2.2825937500000000e+03
8;349000000;7.6207575166777349e+02;7.6208142089843750e+02;7.6207575166776644e+02;7.6207592773437500e+02;7.6208471679687500e+02;7.6207575166778224e+02;7.6207641601562500e+02
9;349000000;1.2956150789576814e+03;1.2956206054687500e+03;1.2956150789576852e+03;1.2956152343750000e+03;1.2956188964843750e+03;1.2956150789576914e+03;1.2956138916015625e+03
0;351000000;2.9305243541890268e+03;2.9305156250000000e+03;2.9305243541890254e+03;2.9305244140625000e+03;2.9305219726562500e+03;2.9305243541890318e+03;2.9305241699218750e+03
1;351000000;3.1204422059671897e+03;3.1204370117187500e+03;3.1204422059671888e+03;3.1204423828125000e+03;3.1204392089843750e+03;3.1204422059671897e+03;3.1204445800781250e+03
2;351000000;3.9524261962632841e+03;3.9524187011718750e+03;3.9524261962632831e+03;3.9524262695312500e+03;3.9524208984375000e+03;3.9524261962632795e+03;3.9524265136718750e+03
3;351000000;2.8540198729092294e+03;2.8540178222656250e+03;2.8540198729092322e+03;2.8540200195312500e+03;2.8540178222656250e+03;2.8540198729092226e+03;2.8540239257812500e+03
4;351000000;3.3790575224472714e+03;3.3790605468750000e+03;3.3790575224472609e+03;3.3790576171875000e+03;3.3790598144531250e+03;3.3790575224472705e+03;3.3790600585937500e+03
5;351000000;4.0886335821846560e+03;4.0886337890625000e+03;4.0886335821846601e+03;4.0886335449218750e+03;4.0886352539062500e+03;4.0886335821846592e+03;4.0886362304687500e+03
6;351000000;2.9903799343306432e+03;2.9903830566406250e+03;2.9903799343306505e+03;2.9903801269531250e+03;2.9903801269531250e+03;2.9903799343306468e+03;2.9903823242187500e+03
7;351000000;2.0868521688185401e+03;2.0868515625000000e+03;2.0868521688185292e+03;2.0868522949218750e+03;2.0868513183593750e+03;2.0868521688185338e+03;2.0868559570312500e+03
8;351000000;2.6246994607434556e+02;2.6247427368164062e+02;2.6246994607434294e+02;2.6247009277343750e+02;2.6247332763671875e+02;2.6246994607434544e+02;2.6247058105468750e+02
9;351000000;1.3284134487974763e+03;1.3284174804687500e+03;1.3284134487974627e+03;1.3284135742187500e+03;1.3284136962890625e+03;1.3284134487974700e+03;1.3284121093750000e+03
0;353000000;2.9185982489404510e+03;2.9185974121093750e+03;2.9185982489404505e+03;2.9185983886718750e+03;2.9185979003906250e+03;2.9185982489404591e+03;2.9185979003906250e+03
1;353000000;3.0679280179956745e+03;3.0679267578125000e+03;3.0679280179956841e+03;3.0679282226562500e+03;3.0679265136718750e+03;3.0679280179956891e+03;3.0679279785156250e+03
2;353000000;3.8078729943802637e+03;3.8078725585937500e+03;3.8078729943802623e+03;3.8078730468750000e+03;3.8078735351562500e+03;3.8078729943802632e+03;3.8078735351562500e+03
3;353000000;2.9669346199644406e+03;2.9669343261718750e+03;2.9669346199644451e+03;2.9669345703125000e+03;2.9669348144531250e+03;2.9669346199644397e+03;2.9669399414062500e+03
4;353000000;3.6514423364960571e+03;3.6514487304687500e+03;3.6514423364960503e+03;3.6514423828125000e+03;3.6514462890625000e+03;3.6514423364960576e+03;3.6514453125000000e+03
5;353000000;3.6782893491433924e+03;3.6782895507812500e+03;3.6782893491433865e+03;3.6782893066406250e+03;3.6782880859375000e+03;3.6782893491433906e+03;3.6782912597656250e+03
6;353000000;3.4282565940941372e+03;3.4282592773437500e+03;3.4282565940941349e+03;3.4282565917968750e+03;3.4282583007812500e+03;3.4282565940941349e+03;3.4282575683593750e+03
7;353000000;2.4668740111464872e+03;2.4668754882812500e+03;2.4668740111464958e+03;2.4668740234375000e+03;2.4668750000000000e+03;2.4668740111464895e+03;2.4668784179687500e+03
8;353000000;3.6184883651870229e+02;3.6185400390625000e+02;3.6184883651870314e+02;3.6184896850585938e+02;3.6184957885742188e+02;3.6184883651871542e+02;3.6184973144531250e+02
9;353000000;7.8035507203969360e+02;7.8035675048828125e+02;7.8035507203969621e+02;7.8035522460937500e+02;7.8035229492187500e+02;7.8035507203968405e+02;7.8035552978515625e+02
0;355000000;1.1433715690948256e+03;1.1433692626953125e+03;1.1433715690948256e+03;1.1433717041015625e+03;1.1433759765625000e+03;1.1433715690948266e+03;1.1433723144531250e+03
1;355000000;2.6470338787105361e+03;2.6470288085937500e+03;2.6470338787105261e+03;2.6470339355468750e+03;2.6470266113281250e+03;2.6470338787105429e+03;2.6470341796875000e+03
2;355000000;3.0016031633926118e+03;3.0016015625000000e+03;3.0016031633926082e+03;3.0016032714843750e+03;3.0016000976562500e+03;3.0016031633926000e+03;3.0016054687500000e+03
3;355000000;2.9991215310131270e+03;2.9991184082031250e+03;2.9991215310131383e+03;2.9991215820312500e+03;2.9991159667968750e+03;2.9991215310131297e+03;2.9991232910156250e+03
4;355000000;2.9256806239449070e+03;2.9256850585937500e+03;2.9256806239449097e+03;2.9256806640625000e+03;2.9256862792968750e+03;2.9256806239449124e+03;2.9256831054687500e+03
5;355000000;2.8836686694478208e+03;2.8836660156250000e+03;2.8836686694478180e+03;2.8836687011718750e+03;2.8836667480468750e+03;2.8836686694478121e+03;2.8836708984375000e+03
6;355000000;3.5079479547228775e+03;3.5079519042968750e+03;3.5079479547228711e+03;3.5079479980468750e+03;3.5079487304687500e+03;3.5079479547228711e+03;3.5079509277343750e+03
7;355000000;2.6017238714127229e+03;2.6017209472656250e+03;2.6017238714127179e+03;2.6017238769531250e+03;2.6017231445312500e+03;2.6017238714127261e+03;2.6017260742187500e+03
8;355000000;2.2435948422876260e+02;2.2436094665527344e+02;2.2435948422878147e+02;2.2435961914062500e+02;2.2436294555664062e+02;2.2435948422879073e+02;2.2436096191406250e+02
9;355000000;3.2671075997830968e+02;3.2671548461914062e+02;3.2671075997831019e+02;3.2671087646484375e+02;3.2671511840820312e+02;3.2671075997831304e+02;3.2671118164062500e+02
0;357000000;1.1718541798915230e+03;1.1718541259765625e+03;1.1718541798915367e+03;1.1718543701171875e+03;1.1718559570312500e+03;1.1718541798915348e+03;1.1718540039062500e+03
1;357000000;2.2229640050960334e+03;2.2229643554687500e+03;2.2229640050960347e+03;2.2229641113281250e+03;2.2229633789062500e+03;2.2229640050960456e+03;2.2229672851562500e+03
2;357000000;2.9946168374680442e+03;2.9946154785156250e+03;2.9946168374680419e+03;2.9946169433593750e+03;2.9946137695312500e+03;2.9946168374680319e+03;2.9946186523437500e+03
3;357000000;2.9004043512681610e+03;2.9003989257812500e+03;2.9004043512681624e+03;2.9004042968750000e+03;2.9004028320312500e+03;2.9004043512681528e+03;2.9004077148437500e+03
4;357000000;3.2812819684922019e+03;3.2812814941406250e+03;3.2812819684921988e+03;3.2812819824218750e+03;3.2812834472656250e+03;3.2812819684921951e+03;3.2812858886718750e+03
5;357000000;3.1643862426086230e+03;3.1643881835937500e+03;3.1643862426086075e+03;3.1643862304687500e+03;3.1643889160156250e+03;3.1643862426086171e+03;3.1643876953125000e+03
6;357000000;3.0953026971451154e+03;3.0953024902343750e+03;3.0953026971451063e+03;3.0953027343750000e+03;3.0953037109375000e+03;3.0953026971451009e+03;3.0953041992187500e+03
7;357000000;2.6638512503101579e+03;2.6638500976562500e+03;2.6638512503101515e+03;2.6638513183593750e+03;2.6638454589843750e+03;2.6638512503101533e+03;2.6638544921875000e+03
8;357000000;7.9289652990450827e+02;7.9289825439453125e+02;7.9289652990451361e+02;7.9289666748046875e+02;7.9289392089843750e+02;7.9289652990452169e+02;7.9289636230468750e+02
9;357000000;4.7608303173213449e+02;4.7608926391601562e+02;4.7608303173213505e+02;4.7608316040039062e+02;4.7608911132812500e+02;4.7608303173213130e+02;4.7608300781250000e+02
0;359000000;1.5938577035835519e+03;1.5938509521484375e+03;1.5938577035835485e+03;1.5938579101562500e+03;1.5938540039062500e+03;1.5938577035835528e+03;1.5938586425781250e+03
1;359000000;1.1579337547012456e+03;1.1579366455078125e+03;1.1579337547012456e+03;1.1579339599609375e+03;1.1579398193359375e+03;1.1579337547012378e+03;1.1579351806640625e+03
2;359000000;2.4447126685351864e+03;2.4447023925781250e+03;2.4447126685351841e+03;2.4447128906250000e+03;2.4447082519531250e+03;2.4447126685351855e+03;2.4447136230468750e+03
3;359000000;2.0670942437460640e+03;2.0670947265625000e+03;2.0670942437460667e+03;2.0670942382812500e+03;2.0670981445312500e+03;2.0670942437460644e+03;2.0670979003906250e+03
4;359000000;3.3578497025922102e+03;3.3578518066406250e+03;3.3578497025922024e+03;3.3578496093750000e+03;3.3578469238281250e+03;3.3578497025921974e+03;3.3578503417968750e+03
5;359000000;2.6428860934094855e+03;2.6428815917968750e+03;2.6428860934094837e+03;2.6428862304687500e+03;2.6428852539062500e+03;2.6428860934094891e+03;2.6428872070312500e+03
6;359000000;2.4936988465770396e+03;2.4936972656250000e+03;2.4936988465770446e+03;2.4936989746093750e+03;2.4936994628906250e+03;2.4936988465770382e+03;2.4937001953125000e+03
7;359000000;2.9788651636529216e+03;2.9788679199218750e+03;2.9788651636529185e+03;2.9788652343750000e+03;2.9788647460937500e+03;2.9788651636529194e+03;2.9788676757812500e+03
8;359000000;1.1617502684699041e+03;1.1617457275390625e+03;1.1617502684699084e+03;1.1617503662109375e+03;1.1617498779296875e+03;1.1617502684699211e+03;1.1617507324218750e+03
9;359000000;5.6355642042395868e+02;5.6355364990234375e+02;5.6355642042395527e+02;5.6355651855468750e+02;5.6355084228515625e+02;5.6355642042395903e+02;5.6355737304687500e+02
0;361000000;1.3613166633349872e+03;1.3613073730468750e+03;1.3613166633349892e+03;1.3613167724609375e+03;1.3613142089843750e+03;1.3613166633349820e+03;1.3613161621093750e+03
1;361000000;9.0298959809415101e+02;9.0299261474609375e+02;9.0298959809415010e+02;9.0298974609375000e+02;9.0298980712890625e+02;9.0298959809414418e+02;9.0299121093750000e+02
2;361000000;2.1853815988719475e+03;2.1853781738281250e+03;2.1853815988719298e+03;2.1853818359375000e+03;2.1853835449218750e+03;2.1853815988719407e+03;2.1853837890625000e+03
3;361000000;1.7093636505630750e+03;1.7093637695312500e+03;1.7093636505630725e+03;1.7093636474609375e+03;1.7093618164062500e+03;1.7093636505630716e+03;1.7093657226562500e+03
4;361000000;3.2556264525664592e+03;3.2556262207031250e+03;3.2556264525664524e+03;3.2556264648437500e+03;3.2556276855468750e+03;3.2556264525664560e+03;3.2556271972656250e+03
5;361000000;2.4595526917718280e+03;2.4595468750000000e+03;2.4595526917718316e+03;2.4595527343750000e+03;2.4595512695312500e+03;2.4595526917718380e+03;2.4595551757812500e+03
6;361000000;2.6907195937856809e+03;2.6907187500000000e+03;2.6907195937856809e+03;2.6907197265625000e+03;2.6907209472656250e+03;2.6907195937856795e+03;2.6907211914062500e+03
7;361000000;2.4296678319534012e+03;2.4296687011718750e+03;2.4296678319534003e+03;2.4296679687500000e+03;2.4296687011718750e+03;2.4296678319534012e+03;2.4296704101562500e+03
8;361000000;8.2441013261987734e+02;8.2441198730468750e+02;8.2441013261987530e+02;8.2441027832031250e+02;8.2440966796875000e+02;8.2441013261987882e+02;8.2441003417968750e+02
9;361000000;5.3550182937463683e+02;5.3550079345703125e+02;5.3550182937464797e+02;5.3550195312500000e+02;5.3549981689453125e+02;5.3550182937465274e+02;5.3550048828125000e+02
0;363000000;1.7381576254162162e+03;1.7381551513671875e+03;1.7381576254162167e+03;1.7381578369140625e+03;1.7381573486328125e+03;1.7381576254162114e+03;1.7381573486328125e+03
1;363000000;1.3835080275512537e+03;1.3835117187500000e+03;1.3835080275512519e+03;1.3835081787109375e+03;1.3835070800781250e+03;1.3835080275512471e+03;1.3835100097656250e+03
2;363000000;1.1228555738811347e+03;1.1228516845703125e+03;1.1228555738811219e+03;1.1228557128906250e+03;1.1228529052734375e+03;1.1228555738811187e+03;1.1228562011718750e+03
3;363000000;1.3726484749206656e+03;1.3726495361328125e+03;1.3726484749206700e+03;1.3726485595703125e+03;1.3726419677734375e+03;1.3726484749206691e+03;1.3726516113281250e+03
4;363000000;2.3750719066091146e+03;2.3750729980468750e+03;2.3750719066091142e+03;2.3750720214843750e+03;2.3750725097656250e+03;2.3750719066091128e+03;2.3750737304687500e+03
5;363000000;2.9349009399983102e+03;2.9348994140625000e+03;2.9349009399983133e+03;2.9349008789062500e+03;2.9348977050781250e+03;2.9349009399983179e+03;2.9349038085937500e+03
6;363000000;2.1495738376240874e+03;2.1495751953125000e+03;2.1495738376240947e+03;2.1495739746093750e+03;2.1495729980468750e+03;2.1495738376240806e+03;2.1495761718750000e+03
7;363000000;2.2072499591249089e+03;2.2072495117187500e+03;2.2072499591249170e+03;2.2072500000000000e+03;2.2072460937500000e+03;2.2072499591249125e+03;2.2072531738281250e+03
8;363000000;8.1956010209348563e+02;8.1955224609375000e+02;8.1956010209348347e+02;8.1956018066406250e+02;8.1955285644531250e+02;8.1956010209348915e+02;8.1956042480468750e+02
9;363000000;1.0149204358004849e+03;1.0149240722656250e+03;1.0149204358004803e+03;1.0149205322265625e+03;1.0149252319335938e+03;1.0149204358004883e+03;1.0149187011718750e+03
0;365000000;1.6485860016987956e+03;1.6485788574218750e+03;1.6485860016987972e+03;1.6485861816406250e+03;1.6485836181640625e+03;1.6485860016987954e+03;1.6485864257812500e+03
1;365000000;1.1741755693851937e+03;1.1741789550781250e+03;1.1741755693851935e+03;1.1741757812500000e+03;1.1741784667968750e+03;1.1741755693851992e+03;1.1741765136718750e+03
2;365000000;6.7931398246625110e+02;6.7931079101562500e+02;6.7931398246625008e+02;6.7931408691406250e+02;6.7930444335937500e+02;6.7931398246624008e+02;6.7931481933593750e+02
3;365000000;9.3352274521968775e+02;9.3352001953125000e+02;9.3352274521968957e+02;9.3352282714843750e+02;9.3352154541015625e+02;9.3352274521968502e+02;9.3352716064453125e+02
4;365000000;2.0558822352916659e+03;2.0558798828125000e+03;2.0558822352916791e+03;2.0558823242187500e+03;2.0558859863281250e+03;2.0558822352916750e+03;2.0558833007812500e+03
5;365000000;2.8331775906665807e+03;2.8331748046875000e+03;2.8331775906665748e+03;2.8331777343750000e+03;2.8331726074218750e+03;2.8331775906665803e+03;2.8331811523437500e+03
6;365000000;2.2903493704964199e+03;2.2903547363281250e+03;2.2903493704964203e+03;2.2903493652343750e+03;2.2903557128906250e+03;2.2903493704964199e+03;2.2903510742187500e+03
7;365000000;2.0157289211941006e+03;2.0157319335937500e+03;2.0157289211940927e+03;2.0157290039062500e+03;2.0157264404296875e+03;2.0157289211940920e+03;2.0157314453125000e+03
8;365000000;4.2210148651263694e+02;4.2210357666015625e+02;4.2210148651264075e+02;4.2210159301757812e+02;4.2209664916992188e+02;4.2210148651263899e+02;4.2210119628906250e+02
9;365000000;9.7400768677848703e+02;9.7401019287109375e+02;9.7400768677848748e+02;9.7400781250000000e+02;9.7401129150390625e+02;9.7400768677849283e+02;9.7400659179687500e+02
0;367000000;1.0446030151598784e+03;1.0446022949218750e+03;1.0446030151598798e+03;1.0446032714843750e+03;1.0446025390625000e+03;1.0446030151598825e+03;1.0446040039062500e+03
1;367000000;1.7163191250821158e+03;1.7163134765625000e+03;1.7163191250821158e+03;1.7163193359375000e+03;1.7163165283203125e+03;1.7163191250821321e+03;1.7163203125000000e+03
2;367000000;1.0844794500111047e+03;1.0844710693359375e+03;1.0844794500111054e+03;1.0844796142578125e+03;1.0844754638671875e+03;1.0844794500111077e+03;1.0844799804687500e+03
3;367000000;6.7353855427860466e+01;6.7352706909179688e+01;6.7353855427862129e+01;6.7353912353515625e+01;6.7351409912109375e+01;6.7353855427870258e+01;6.7358154296875000e+01
4;367000000;1.7009496521311517e+03;1.7009481201171875e+03;1.7009496521311519e+03;1.7009497070312500e+03;1.7009476318359375e+03;1.7009496521311605e+03;1.7009509277343750e+03
5;367000000;1.9341571518984279e+03;1.9341544189453125e+03;1.9341571518984254e+03;1.9341572265625000e+03;1.9341523437500000e+03;1.9341571518984267e+03;1.9341596679687500e+03
6;367000000;2.8030867232201481e+03;2.8030913085937500e+03;2.8030867232201354e+03;2.8030866699218750e+03;2.8030898437500000e+03;2.8030867232201399e+03;2.8030876464843750e+03
7;367000000;1.4149091300404730e+03;1.4149117431640625e+03;1.4149091300404773e+03;1.4149091796875000e+03;1.4149108886718750e+03;1.4149091300404743e+03;1.4149113769531250e+03
8;367000000;3.3321066606063118e+02;3.3320425415039062e+02;3.3321066606062516e+02;3.3321078491210938e+02;3.3320428466796875e+02;3.3321066606063960e+02;3.3320983886718750e+02
9;367000000;9.7761015321335401e+02;9.7761199951171875e+02;9.7761015321334799e+02;9.7761022949218750e+02;9.7761047363281250e+02;9.7761015321335344e+02;9.7760937500000000e+02
0;369000000;1.2140698437631320e+03;1.2140734863281250e+03;1.2140698437631327e+03;1.2140700683593750e+03;1.2140745849609375e+03;1.2140698437631331e+03;1.2140710449218750e+03
1;369000000;1.3373284971683674e+03;1.3373271484375000e+03;1.3373284971683668e+03;1.3373287353515625e+03;1.3373273925781250e+03;1.3373284971683743e+03;1.3373308105468750e+03
2;369000000;1.3621999513266019e+03;1.3622027587890625e+03;1.3621999513265844e+03;1.3622000732421875e+03;1.3621959228515625e+03;1.3621999513266042e+03;1.3622016601562500e+03
3;369000000;-2.5474227120612647e+02;-2.5474452209472656e+02;-2.5474227120613119e+02;-2.5474220275878906e+02;-2.5473944091796875e+02;-2.5474227120611954e+02;-2.5474096679687500e+02
4;369000000;1.1698300265709584e+03;1.1698233642578125e+03;1.1698300265709620e+03;1.1698300781250000e+03;1.1698247070312500e+03;1.1698300265709738e+03;1.1698325195312500e+03
5;369000000;1.3552691924493090e+03;1.3552641601562500e+03;1.3552691924493136e+03;1.3552692871093750e+03;1.3552678222656250e+03;1.3552691924493138e+03;1.3552719726562500e+03
6;369000000;2.1873468595813765e+03;2.1873520507812500e+03;2.1873468595813733e+03;2.1873469238281250e+03;2.1873493652343750e+03;2.1873468595813715e+03;2.1873479003906250e+03
7;369000000;1.5939122852210426e+03;1.5939129638671875e+03;1.5939122852210503e+03;1.5939123535156250e+03;1.5939141845703125e+03;1.5939122852210492e+03;1.5939147949218750e+03
8;369000000;-7.2724501225085504e+01;-7.2728034973144531e+01;-7.2724501225080218e+01;-7.2724365234375000e+01;-7.2726043701171875e+01;-7.2724501225076438e+01;-7.2724731445312500e+01
9;369000000;4.3735711189284518e+02;4.3736608886718750e+02;4.3735711189284200e+02;4.3735720825195312e+02;4.3736083984375000e+02;4.3735711189283575e+02;4.3735534667968750e+02
0;371000000;1.1506923460256010e+03;1.1506870117187500e+03;1.1506923460255998e+03;1.1506925048828125e+03;1.1506864013671875e+03;1.1506923460255953e+03;1.1506928710937500e+03
1;371000000;7.5465799207845191e+02;7.5466320800781250e+02;7.5465799207843861e+02;7.5465820312500000e+02;7.5465899658203125e+02;7.5465799207845293e+02;7.5466015625000000e+02
2;371000000;1.8465194458071828e+03;1.8465189208984375e+03;1.8465194458071844e+03;1.8465196533203125e+03;1.8465142822265625e+03;1.8465194458071840e+03;1.8465196533203125e+03
3;371000000;-1.5447542725806778e+02;-1.5447398376464844e+02;-1.5447542725806744e+02;-1.5447535705566406e+02;-1.5447161865234375e+02;-1.5447542725806693e+02;-1.5447351074218750e+02
4;371000000;2.7369334449251210e+02;2.7369012451171875e+02;2.7369334449252062e+02;2.7369338989257812e+02;2.7369366455078125e+02;2.7369334449252506e+02;2.7369384765625000e+02
5;371000000;1.2187350497417706e+03;1.2187333984375000e+03;1.2187350497417597e+03;1.2187351074218750e+03;1.2187341308593750e+03;1.2187350497417697e+03;1.2187368164062500e+03
6;371000000;1.5083901456646727e+03;1.5083920898437500e+03;1.5083901456646681e+03;1.5083902587890625e+03;1.5083924560546875e+03;1.5083901456646661e+03;1.5083920898437500e+03
7;371000000;1.9046051888140473e+03;1.9046027832031250e+03;1.9046051888140578e+03;1.9046052246093750e+03;1.9046062011718750e+03;1.9046051888140496e+03;1.9046066894531250e+03
8;371000000;-2.7402553656164275e+02;-2.7402502441406250e+02;-2.7402553656164679e+02;-2.7402539062500000e+02;-2.7402868652343750e+02;-2.7402553656163764e+02;-2.7402343750000000e+02
9;371000000;4.8255965646077931e+02;4.8256210327148438e+02;4.8255965646077522e+02;4.8255978393554688e+02;4.8255847167968750e+02;4.8255965646077948e+02;4.8255810546875000e+02
0;373000000;7.4778182465106693e+02;7.4778125000000000e+02;7.4778182465107045e+02;7.4778204345703125e+02;7.4778527832031250e+02;7.4778182465107693e+02;7.4778320312500000e+02
1;373000000;1.0966475393196793e+03;1.0966475830078125e+03;1.0966475393196886e+03;1.0966477050781250e+03;1.0966446533203125e+03;1.0966475393196824e+03;1.0966494140625000e+03
2;373000000;1.2747188390900528e+03;1.2747205810546875e+03;1.2747188390900369e+03;1.2747189941406250e+03;1.2747192382812500e+03;1.2747188390900410e+03;1.2747194824218750e+03
3;373000000;4.2554457443628115e+02;4.2554183959960938e+02;4.2554457443628496e+02;4.2554464721679688e+02;4.2554150390625000e+02;4.2554457443627575e+02;4.2554870605468750e+02
4;373000000;7.0896232960424044e+01;7.0897872924804688e+01;7.0896232960426531e+01;7.0896293640136719e+01;7.0897354125976562e+01;7.0896232960432599e+01;7.0897827148437500e+01
5;373000000;5.8310665175344525e+02;5.8310650634765625e+02;5.8310665175344354e+02;5.8310675048828125e+02;5.8310644531250000e+02;5.8310665175345548e+02;5.8310791015625000e+02
6;373000000;1.2857237645749408e+03;1.2857232666015625e+03;1.2857237645749287e+03;1.2857238769531250e+03;1.2857216796875000e+03;1.2857237645749426e+03;1.2857254638671875e+03
7;373000000;1.3984315314342732e+03;1.3984263916015625e+03;1.3984315314342682e+03;1.3984316406250000e+03;1.3984304199218750e+03;1.3984315314342782e+03;1.3984328613281250e+03
8;373000000;-1.7024479729712004e+02;-1.7024754333496094e+02;-1.7024479729712940e+02;-1.7024468994140625e+02;-1.7024786376953125e+02;-1.7024479729712675e+02;-1.7024511718750000e+02
9;373000000;5.5480814287872974e+01;5.5487426757812500e+01;5.5480814287879340e+01;5.5480926513671875e+01;5.5479347229003906e+01;5.5480814287875546e+01;5.5480224609375000e+01
0;375000000;4.8997041338806974e+02;4.8996804809570312e+02;4.8997041338807492e+02;4.8997064208984375e+02;4.8997045898437500e+02;4.8997041338808503e+02;4.8997070312500000e+02
1;375000000;7.9872833667747420e+02;7.9872534179687500e+02;7.9872833667746602e+02;7.9872851562500000e+02;7.9872167968750000e+02;7.9872833667746545e+02;7.9873083496093750e+02
2;375000000;7.5633056871859787e+02;7.5633715820312500e+02;7.5633056871859424e+02;7.5633074951171875e+02;7.5633984375000000e+02;7.5633056871858480e+02;7.5633154296875000e+02
3;375000000;5.2528674420200457e+02;5.2527697753906250e+02;5.2528674420200673e+02;5.2528686523437500e+02;5.2528302001953125e+02;5.2528674420200014e+02;5.2528955078125000e+02
4;375000000;4.7382443605696767e+02;4.7382550048828125e+02;4.7382443605696380e+02;4.7382449340820312e+02;4.7383209228515625e+02;4.7382443605697472e+02;4.7382543945312500e+02
5;375000000;-4.1404809208527604e+02;-4.1404782104492188e+02;-4.1404809208527229e+02;-4.1404800415039062e+02;-4.1404681396484375e+02;-4.1404809208527718e+02;-4.1404589843750000e+02
6;375000000;1.1173440479576554e+03;1.1173404541015625e+03;1.1173440479576554e+03;1.1173441162109375e+03;1.1173404541015625e+03;1.1173440479576620e+03;1.1173463134765625e+03
7;375000000;1.0358479217239412e+03;1.0358446044921875e+03;1.0358479217239344e+03;1.0358480224609375e+03;1.0358458251953125e+03;1.0358479217239424e+03;1.0358487548828125e+03
8;375000000;-1.8632740515780398e+02;-1.8632913208007812e+02;-1.8632740515780404e+02;-1.8632731628417969e+02;-1.8633943176269531e+02;-1.8632740515779824e+02;-1.8632739257812500e+02
9;375000000;-2.6333344656059268e+01;-2.6331542968750000e+01;-2.6333344656063247e+01;-2.6333219528198242e+01;-2.6332134246826172e+01;-2.6333344656067538e+01;-2.6334838867187500e+01
0;377000000;-1.7741271828649840e+02;-1.7741551208496094e+02;-1.7741271828651060e+02;-1.7741247558593750e+02;-1.7741738891601562e+02;-1.7741271828650247e+02;-1.7741186523437500e+02
1;377000000;5.8313527532937053e+02;5.8313354492187500e+02;5.8313527532936791e+02;5.8313549804687500e+02;5.8313909912109375e+02;5.8313527532937405e+02;5.8313647460937500e+02
2;377000000;9.7898393209785434e+02;9.7898913574218750e+02;9.7898393209785388e+02;9.7898413085937500e+02;9.7898620605468750e+02;9.7898393209785695e+02;9.7898535156250000e+02
3;377000000;2.2957159326797651e+01;2.2958267211914062e+01;2.2957159326804124e+01;2.2957269668579102e+01;2.2961692810058594e+01;2.2957159326805140e+01;2.2959472656250000e+01
4;377000000;6.1590644029328223e+02;6.1590509033203125e+02;6.1590644029328587e+02;6.1590649414062500e+02;6.1591125488281250e+02;6.1590644029329565e+02;6.1590722656250000e+02
5;377000000;-1.5241549692976261e+02;-1.5241099548339844e+02;-1.5241549692977588e+02;-1.5241539001464844e+02;-1.5241288757324219e+02;-1.5241549692976287e+02;-1.5241455078125000e+02
6;377000000;1.3360708250891182e+02;1.3361285400390625e+02;1.3360708250891273e+02;1.3360717773437500e+02;1.3360958862304688e+02;1.3360708250890730e+02;1.3360961914062500e+02
7;377000000;6.4928480241176237e+02;6.4928271484375000e+02;6.4928480241176499e+02;6.4928491210937500e+02;6.4927850341796875e+02;6.4928480241176248e+02;6.4928637695312500e+02
8;377000000;-8.9189398646729683e+02;-8.9188519287109375e+02;-8.9189398646729217e+02;-8.9189392089843750e+02;-8.9189392089843750e+02;-8.9189398646729182e+02;-8.9189501953125000e+02
9;377000000;6.8795411343759895e+01;6.8800491333007812e+01;6.8795411343755461e+01;6.8795494079589844e+01;6.8795913696289062e+01;6.8795411343764044e+01;6.8794189453125000e+01
0;379000000;-6.9301207661754336e+02;-6.9301794433593750e+02;-6.9301207661754415e+02;-6.9301184082031250e+02;-6.9301239013671875e+02;-6.9301207661753233e+02;-6.9301098632812500e+02
1;379000000;4.4914775501859413e+02;4.4915237426757812e+02;4.4914775501859310e+02;4.4914797973632812e+02;4.4914013671875000e+02;4.4914775501860140e+02;4.4914916992187500e+02
2;379000000;7.5627240727289859e+02;7.5627099609375000e+02;7.5627240727290223e+02;7.5627258300781250e+02;7.5626953125000000e+02;7.5627240727290382e+02;7.5627514648437500e+02
3;379000000;-1.8683948730656061e+02;-1.8683790588378906e+02;-1.8683948730655638e+02;-1.8683937072753906e+02;-1.8683868408203125e+02;-1.8683948730656357e+02;-1.8683593750000000e+02
4;379000000;9.7229816750455234e+02;9.7230200195312500e+02;9.7229816750454938e+02;9.7229827880859375e+02;9.7230255126953125e+02;9.7229816750456348e+02;9.7229833984375000e+02
5;379000000;-2.4209468215705209e+02;-2.4209169006347656e+02;-2.4209468215705436e+02;-2.4209458923339844e+02;-2.4209434509277344e+02;-2.4209468215704305e+02;-2.4209423828125000e+02
6;379000000;-5.2622716392411360e+02;-5.2621881103515625e+02;-5.2622716392411166e+02;-5.2622705078125000e+02;-5.2622027587890625e+02;-5.2622716392411439e+02;-5.2622717285156250e+02
7;379000000;6.2955613707116220e+02;6.2955035400390625e+02;6.2955613707115936e+02;6.2955621337890625e+02;6.2955084228515625e+02;6.2955613707116208e+02;6.2955761718750000e+02
8;379000000;-9.1374636007667755e+02;-9.1374487304687500e+02;-9.1374636007667573e+02;-9.1374627685546875e+02;-9.1374273681640625e+02;-9.1374636007667050e+02;-9.1374603271484375e+02
9;379000000;-1.5177400588734002e+02;-1.5177403259277344e+02;-1.5177400588733963e+02;-1.5177392578125000e+02;-1.5177197265625000e+02;-1.5177400588733826e+02;-1.5177502441406250e+02
0;381000000;-1.0124475115658968e+03;-1.0124487915039062e+03;-1.0124475115658942e+03;-1.0124472656250000e+03;-1.0124474487304688e+03;-1.0124475115659027e+03;-1.0124459228515625e+03
1;381000000;-2.8809642346819703e+02;-2.8810284423828125e+02;-2.8809642346820419e+02;-2.8809619140625000e+02;-2.8810314941406250e+02;-2.8809642346819805e+02;-2.8809167480468750e+02
2;381000000;3.4269293905551262e+02;3.4268872070312500e+02;3.4269293905550535e+02;3.4269314575195312e+02;3.4269039916992188e+02;3.4269293905551058e+02;3.4269445800781250e+02
3;381000000;-2.7466922163486558e+01;-2.7466918945312500e+01;-2.7466922163477179e+01;-2.7466802597045898e+01;-2.7469825744628906e+01;-2.7466922163486515e+01;-2.7464111328125000e+01
4;381000000;2.5685874019301201e+02;2.5686291503906250e+02;2.5685874019302895e+02;2.5685885620117188e+02;2.5685876464843750e+02;2.5685874019302173e+02;2.5686157226562500e+02
5;381000000;3.9622464050311095e+01;3.9617801666259766e+01;3.9622464050320190e+01;3.9622573852539062e+01;3.9617118835449219e+01;3.9622464050309645e+01;3.9624023437500000e+01
6;381000000;-3.8200675880203960e+02;-3.8199819946289062e+02;-3.8200675880202942e+02;-3.8200665283203125e+02;-3.8200411987304688e+02;-3.8200675880204017e+02;-3.8200683593750000e+02
7;381000000;-6.9678531659545718e+02;-6.9678845214843750e+02;-6.9678531659544888e+02;-6.9678521728515625e+02;-6.9678912353515625e+02;-6.9678531659546479e+02;-6.9678369140625000e+02
8;381000000;-1.1667084528037560e+03;-1.1667072753906250e+03;-1.1667084528037617e+03;-1.1667082519531250e+03;-1.1667086181640625e+03;-1.1667084528037472e+03;-1.1667087402343750e+03
9;381000000;-7.2134029413993107e+02;-7.2134216308593750e+02;-7.2134029413993517e+02;-7.2134020996093750e+02;-7.2134167480468750e+02;-7.2134029413992357e+02;-7.2134252929687500e+02
0;383000000;-7.0768826797270572e+02;-7.0768670654296875e+02;-7.0768826797270560e+02;-7.0768804931640625e+02;-7.0768261718750000e+02;-7.0768826797271026e+02;-7.0768676757812500e+02
1;383000000;-6.8255532940605542e+02;-6.8256695556640625e+02;-6.8255532940605963e+02;-6.8255511474609375e+02;-6.8256579589843750e+02;-6.8255532940604894e+02;-6.8255249023437500e+02
2;383000000;4.1448653000113313e+02;4.1448461914062500e+02;4.1448653000112517e+02;4.1448672485351562e+02;4.1448684692382812e+02;4.1448653000113291e+02;4.1448828125000000e+02
3;383000000;-4.7029405108342746e+02;-4.7029293823242188e+02;-4.7029405108341734e+02;-4.7029394531250000e+02;-4.7029370117187500e+02;-4.7029405108343053e+02;-4.7029052734375000e+02
4;383000000;3.1912555729711386e+02;3.1912268066406250e+02;3.1912555729712960e+02;3.1912567138671875e+02;3.1912832641601562e+02;3.1912555729712267e+02;3.1912939453125000e+02
5;383000000;4.1145558638396426e+02;4.1145471191406250e+02;4.1145558638398165e+02;4.1145571899414062e+02;4.1145178222656250e+02;4.1145558638396960e+02;4.1145800781250000e+02
6;383000000;-2.2002326815959481e+02;-2.2001690673828125e+02;-2.2002326815959069e+02;-2.2002317810058594e+02;-2.2001681518554688e+02;-2.2002326815959987e+02;-2.2002270507812500e+02
7;383000000;-8.6145296258651956e+02;-8.6146020507812500e+02;-8.6145296258652638e+02;-8.6145288085937500e+02;-8.6145654296875000e+02;-8.6145296258651751e+02;-8.6144995117187500e+02
8;383000000;-1.3158137215113679e+03;-1.3158078613281250e+03;-1.3158137215113693e+03;-1.3158135986328125e+03;-1.3158110351562500e+03;-1.3158137215113561e+03;-1.3158134765625000e+03
9;383000000;-9.0778862814713136e+02;-9.0779290771484375e+02;-9.0778862814713477e+02;-9.0778851318359375e+02;-9.0779412841796875e+02;-9.0778862814712829e+02;-9.0779077148437500e+02
0;385000000;-8.7819501606083315e+02;-8.7819177246093750e+02;-8.7819501606084486e+02;-8.7819476318359375e+02;-8.7819104003906250e+02;-8.7819501606085578e+02;-8.7819238281250000e+02
1;385000000;-9.4776558644796535e+02;-9.4777148437500000e+02;-9.4776558644796512e+02;-9.4776538085937500e+02;-9.4777301025390625e+02;-9.4776558644795477e+02;-9.4776452636718750e+02
2;385000000;-1.7749087348852416e+02;-1.7749455261230469e+02;-1.7749087348853078e+02;-1.7749067687988281e+02;-1.7749197387695312e+02;-1.7749087348852117e+02;-1.7748901367187500e+02
3;385000000;-5.8761827975653955e+02;-5.8761828613281250e+02;-5.8761827975654717e+02;-5.8761816406250000e+02;-5.8761749267578125e+02;-5.8761827975654023e+02;-5.8761547851562500e+02
4;385000000;3.2648824319694569e+02;3.2649102783203125e+02;3.2648824319694484e+02;3.2648837280273438e+02;3.2649304199218750e+02;3.2648824319694495e+02;3.2648889160156250e+02
5;385000000;-4.4350419731011453e+02;-4.4350149536132812e+02;-4.4350419731012272e+02;-4.4350405883789062e+02;-4.4350445556640625e+02;-4.4350419731011630e+02;-4.4350146484375000e+02
6;385000000;-3.2225058352028429e+02;-3.2224990844726562e+02;-3.2225058352030391e+02;-3.2225048828125000e+02;-3.2224963378906250e+02;-3.2225058352030237e+02;-3.2225195312500000e+02
7;385000000;-8.8818603130829024e+02;-8.8819213867187500e+02;-8.8818603130828558e+02;-8.8818591308593750e+02;-8.8819226074218750e+02;-8.8818603130830843e+02;-8.8818432617187500e+02
8;385000000;-2.9716853343498033e+03;-2.9716784667968750e+03;-2.9716853343497987e+03;-2.9716853027343750e+03;-2.9716789550781250e+03;-2.9716853343497951e+03;-2.9716843261718750e+03
9;385000000;-1.2117563034560856e+03;-1.2117614746093750e+03;-1.2117563034561001e+03;-1.2117562255859375e+03;-1.2117590332031250e+03;-1.2117563034560965e+03;-1.2117583007812500e+03
0;387000000;-4.6953704863613740e+02;-4.6953497314453125e+02;-4.6953704863612376e+02;-4.6953683471679688e+02;-4.6953347778320312e+02;-4.6953704863614530e+02;-4.6953393554687500e+02
1;387000000;-7.0815203774452857e+02;-7.0815441894531250e+02;-7.0815203774452061e+02;-7.0815185546875000e+02;-7.0815393066406250e+02;-7.0815203774451516e+02;-7.0814929199218750e+02
2;387000000;-8.2923095984362271e+02;-8.2923309326171875e+02;-8.2923095984362010e+02;-8.2923077392578125e+02;-8.2923120117187500e+02;-8.2923095984361407e+02;-8.2922851562500000e+02
3;387000000;-1.0901890821128075e+03;-1.0901877441406250e+03;-1.0901890821128013e+03;-1.0901889648437500e+03;-1.0901918945312500e+03;-1.0901890821127995e+03;-1.0901875000000000e+03
4;387000000;1.0805316846625689e+02;1.0805406188964844e+02;1.0805316846625803e+02;1.0805328369140625e+02;1.0805622100830078e+02;1.0805316846625169e+02;1.0805529785156250e+02
5;387000000;-2.6374263415870996e+02;-2.6374316406250000e+02;-2.6374263415870206e+02;-2.6374249267578125e+02;-2.6374224853515625e+02;-2.6374263415870564e+02;-2.6374072265625000e+02
6;387000000;-5.6847502429483853e+01;-5.6852756500244141e+01;-5.6847502429481636e+01;-5.6847381591796875e+01;-5.6853408813476562e+01;-5.6847502429498036e+01;-5.6847656250000000e+01
7;387000000;-6.9523586356291423e+02;-6.9524591064453125e+02;-6.9523586356290264e+02;-6.9523577880859375e+02;-6.9524200439453125e+02;-6.9523586356293026e+02;-6.9523388671875000e+02
8;387000000;-2.9241598432371084e+03;-2.9241586914062500e+03;-2.9241598432371052e+03;-2.9241596679687500e+03;-2.9241464843750000e+03;-2.9241598432371102e+03;-2.9241584472656250e+03
9;387000000;-1.6792556228776707e+03;-1.6792602539062500e+03;-1.6792556228776702e+03;-1.6792554931640625e+03;-1.6792607421875000e+03;-1.6792556228776789e+03;-1.6792575683593750e+03
0;389000000;-4.1595293822378488e+02;-4.1595758056640625e+02;-4.1595293822378608e+02;-4.1595272827148438e+02;-4.1595416259765625e+02;-4.1595293822378881e+02;-4.1595104980468750e+02
1;389000000;-1.0700704474546287e+03;-1.0700614013671875e+03;-1.0700704474546264e+03;-1.0700701904296875e+03;-1.0700612792968750e+03;-1.0700704474546319e+03;-1.0700667724609375e+03
2;389000000;-9.0980541422916713e+02;-9.0981311035156250e+02;-9.0980541422917963e+02;-9.0980523681640625e+02;-9.0981439208984375e+02;-9.0980541422918259e+02;-9.0980297851562500e+02
3;389000000;-1.3677925682549983e+03;-1.3677980957031250e+03;-1.3677925682549833e+03;-1.3677924804687500e+03;-1.3677987060546875e+03;-1.3677925682549967e+03;-1.3677894287109375e+03
4;389000000;-1.5119543246177429e+01;-1.5120452880859375e+01;-1.5119543246170963e+01;-1.5119417190551758e+01;-1.5120811462402344e+01;-1.5119543246182729e+01;-1.5117553710937500e+01
5;389000000;-3.8968139390286177e+02;-3.8968087768554688e+02;-3.8968139390285023e+02;-3.8968124389648438e+02;-3.8967929077148438e+02;-3.8968139390285751e+02;-3.8968017578125000e+02
6;389000000;-8.5899317574314523e+02;-8.5899914550781250e+02;-8.5899317574315023e+02;-8.5899304199218750e+02;-8.5899188232421875e+02;-8.5899317574313591e+02;-8.5899291992187500e+02
7;389000000;-6.0269577820471841e+02;-6.0269934082031250e+02;-6.0269577820472045e+02;-6.0269567871093750e+02;-6.0269915771484375e+02;-6.0269577820473523e+02;-6.0269287109375000e+02
8;389000000;-2.4588048240320718e+03;-2.4588081054687500e+03;-2.4588048240320613e+03;-2.4588046875000000e+03;-2.4588095703125000e+03;-2.4588048240320495e+03;-2.4588046875000000e+03
9;389000000;-2.7136053936557150e+03;-2.7136113281250000e+03;-2.7136053936557082e+03;-2.7136052246093750e+03;-2.7136115722656250e+03;-2.7136053936557073e+03;-2.7136074218750000e+03
0;391000000;-3.4231311163393201e+01;-3.4236450195312500e+01;-3.4231311163399425e+01;-3.4231094360351562e+01;-3.4233505249023438e+01;-3.4231311163404371e+01;-3.4230468750000000e+01
1;391000000;-7.6701967253809687e+02;-7.6700769042968750e+02;-7.6701967253810369e+02;-7.6701947021484375e+02;-7.6700823974609375e+02;-7.6701967253810699e+02;-7.6701623535156250e+02
2;391000000;-6.4520785714968872e+02;-6.4521496582031250e+02;-6.4520785714969031e+02;-6.4520764160156250e+02;-6.4521520996093750e+02;-6.4520785714970089e+02;-6.4520495605468750e+02
3;391000000;-1.9879053298275912e+03;-1.9879090576171875e+03;-1.9879053298275967e+03;-1.9879051513671875e+03;-1.9879086914062500e+03;-1.9879053298275958e+03;-1.9879017333984375e+03
4;391000000;-5.7705957507941002e+02;-5.7706329345703125e+02;-5.7705957507941514e+02;-5.7705944824218750e+02;-5.7706024169921875e+02;-5.7705957507942048e+02;-5.7705688476562500e+02
5;391000000;-4.7685076498252067e+02;-4.7684512329101562e+02;-4.7685076498251891e+02;-4.7685061645507812e+02;-4.7685009765625000e+02;-4.7685076498252374e+02;-4.7685107421875000e+02
6;391000000;-4.2107291496358107e+02;-4.2107577514648438e+02;-4.2107291496358403e+02;-4.2107278442382812e+02;-4.2107214355468750e+02;-4.2107291496358630e+02;-4.2106994628906250e+02
7;391000000;-6.4125531420113884e+02;-6.4125708007812500e+02;-6.4125531420113157e+02;-6.4125518798828125e+02;-6.4126135253906250e+02;-6.4125531420114703e+02;-6.4125292968750000e+02
8;391000000;-2.7471447995965527e+03;-2.7471462402343750e+03;-2.7471447995965432e+03;-2.7471447753906250e+03;-2.7471513671875000e+03;-2.7471447995965436e+03;-2.7471440429687500e+03
9;391000000;-2.9999659190247621e+03;-2.9999694824218750e+03;-2.9999659190247594e+03;-2.9999658203125000e+03;-2.9999741210937500e+03;-2.9999659190247526e+03;-2.9999682617187500e+03
0;393000000;-1.2563126134580586e+03;-1.2563094482421875e+03;-1.2563126134580459e+03;-1.2563123779296875e+03;-1.2563144531250000e+03;-1.2563126134580596e+03;-1.2563093261718750e+03
1;393000000;-3.1642757681331673e+01;-3.1639728546142578e+01;-3.1642757681315459e+01;-3.1642570495605469e+01;-3.1639392852783203e+01;-3.1642757681333023e+01;-3.1638061523437500e+01
2;393000000;-1.0453040700809013e+03;-1.0453065185546875e+03;-1.0453040700808958e+03;-1.0453038330078125e+03;-1.0453061523437500e+03;-1.0453040700809090e+03;-1.0453012695312500e+03
3;393000000;-2.1700126241943058e+03;-2.1700139160156250e+03;-2.1700126241942976e+03;-2.1700124511718750e+03;-2.1700107421875000e+03;-2.1700126241942953e+03;-2.1700100097656250e+03
4;393000000;-1.1950153370576579e+03;-1.1950214843750000e+03;-1.1950153370576543e+03;-1.1950152587890625e+03;-1.1950172119140625e+03;-1.1950153370576531e+03;-1.1950135498046875e+03
5;393000000;-8.0970634479670969e+02;-8.0970556640625000e+02;-8.0970634479670071e+02;-8.0970617675781250e+02;-8.0971380615234375e+02;-8.0970634479671571e+02;-8.0970458984375000e+02
6;393000000;-5.9587832795588270e+02;-5.9588366699218750e+02;-5.9587832795588758e+02;-5.9587817382812500e+02;-5.9588079833984375e+02;-5.9587832795589111e+02;-5.9587731933593750e+02
7;393000000;-1.1685022739275960e+03;-1.1684989013671875e+03;-1.1685022739276005e+03;-1.1685020751953125e+03;-1.1685007324218750e+03;-1.1685022739276060e+03;-1.1685000000000000e+03
8;393000000;-2.3267395945667154e+03;-2.3267429199218750e+03;-2.3267395945667067e+03;-2.3267395019531250e+03;-2.3267482910156250e+03;-2.3267395945667122e+03;-2.3267392578125000e+03
9;393000000;-2.5698587312349678e+03;-2.5698581542968750e+03;-2.5698587312349732e+03;-2.5698586425781250e+03;-2.5698630371093750e+03;-2.5698587312349755e+03;-2.5698610839843750e+03
0;395000000;-1.0839391338521102e+03;-1.0839372558593750e+03;-1.0839391338521095e+03;-1.0839389648437500e+03;-1.0839399414062500e+03;-1.0839391338521223e+03;-1.0839360351562500e+03
1;395000000;-1.7612341389159300e+02;-1.7611975097656250e+02;-1.7612341389159755e+02;-1.7612321472167969e+02;-1.7612203979492188e+02;-1.7612341389160065e+02;-1.7611889648437500e+02
2;395000000;-5.8182742088013470e+02;-5.8182165527343750e+02;-5.8182742088013720e+02;-5.8182727050781250e+02;-5.8182348632812500e+02;-5.8182742088014334e+02;-5.8182543945312500e+02
3;395000000;-1.5467954602939517e+03;-1.5467943115234375e+03;-1.5467954602939576e+03;-1.5467952880859375e+03;-1.5467917480468750e+03;-1.5467954602939453e+03;-1.5467910156250000e+03
4;395000000;-1.7317163822936607e+03;-1.7317210693359375e+03;-1.7317163822936648e+03;-1.7317163085937500e+03;-1.7317185058593750e+03;-1.7317163822936398e+03;-1.7317144775390625e+03
5;395000000;-1.4523524853968174e+03;-1.4523599853515625e+03;-1.4523524853968127e+03;-1.4523522949218750e+03;-1.4523549804687500e+03;-1.4523524853968190e+03;-1.4523496093750000e+03
6;395000000;-8.7661296432023414e+02;-8.7661895751953125e+02;-8.7661296432023585e+02;-8.7661279296875000e+02;-8.7661718750000000e+02;-8.7661296432024028e+02;-8.7661218261718750e+02
7;395000000;-1.1037542397629916e+03;-1.1037510986328125e+03;-1.1037542397629941e+03;-1.1037540283203125e+03;-1.1037503662109375e+03;-1.1037542397629900e+03;-1.1037523193359375e+03
8;395000000;-2.4973016807622180e+03;-2.4972937011718750e+03;-2.4973016807622084e+03;-2.4973015136718750e+03;-2.4972961425781250e+03;-2.4973016807622112e+03;-2.4973027343750000e+03
9;395000000;-2.6062917024542080e+03;-2.6062966308593750e+03;-2.6062917024542207e+03;-2.6062915039062500e+03;-2.6062949218750000e+03;-2.6062917024542048e+03;-2.6062939453125000e+03
0;397000000;-4.2552476428411472e+02;-4.2551812744140625e+02;-4.2552476428409932e+02;-4.2552459716796875e+02;-4.2551873779296875e+02;-4.2552476428410864e+02;-4.2552392578125000e+02
1;397000000;-1.4602868356246170e+03;-1.4602797851562500e+03;-1.4602868356246076e+03;-1.4602866210937500e+03;-1.4602850341796875e+03;-1.4602868356245999e+03;-1.4602819824218750e+03
2;397000000;3.0173786483555750e+02;3.0173779296875000e+02;3.0173786483554363e+02;3.0173803710937500e+02;3.0173883056640625e+02;3.0173786483554636e+02;3.0174230957031250e+02
3;397000000;-2.0379687682705687e+03;-2.0379655761718750e+03;-2.0379687682705653e+03;-2.0379686279296875e+03;-2.0379676513671875e+03;-2.0379687682705571e+03;-2.0379656982421875e+03
4;397000000;-1.7337197671645197e+03;-1.7337282714843750e+03;-1.7337197671645192e+03;-1.7337196044921875e+03;-1.7337226562500000e+03;-1.7337197671645076e+03;-1.7337177734375000e+03
5;397000000;-1.7527868141800727e+03;-1.7527962646484375e+03;-1.7527868141800648e+03;-1.7527866210937500e+03;-1.7527972412109375e+03;-1.7527868141800557e+03;-1.7527841796875000e+03
6;397000000;-8.7059667147594519e+02;-8.7059448242187500e+02;-8.7059667147595019e+02;-8.7059649658203125e+02;-8.7059716796875000e+02;-8.7059667147595655e+02;-8.7059533691406250e+02
7;397000000;-8.8972428142863032e+02;-8.8973022460937500e+02;-8.8972428142863748e+02;-8.8972412109375000e+02;-8.8972692871093750e+02;-8.8972428142863691e+02;-8.8972412109375000e+02
8;397000000;-3.1627010756098111e+03;-3.1627041015625000e+03;-3.1627010756098171e+03;-3.1627009277343750e+03;-3.1627082519531250e+03;-3.1627010756097998e+03;-3.1626984863281250e+03
9;397000000;-2.1045492805998078e+03;-2.1045483398437500e+03;-2.1045492805998106e+03;-2.1045490722656250e+03;-2.1045495605468750e+03;-2.1045492805998133e+03;-2.1045500488281250e+03
0;399000000;-6.6907041635210021e+02;-6.6906683349609375e+02;-6.6907041635211044e+02;-6.6907025146484375e+02;-6.6906872558593750e+02;-6.6907041635210317e+02;-6.6906982421875000e+02
1;399000000;-1.3449380149430158e+03;-1.3449372558593750e+03;-1.3449380149430140e+03;-1.3449378662109375e+03;-1.3449328613281250e+03;-1.3449380149430233e+03;-1.3449350585937500e+03
2;399000000;-3.5599336111557847e+02;-3.5599887084960938e+02;-3.5599336111557483e+02;-3.5599316406250000e+02;-3.5599716186523438e+02;-3.5599336111556840e+02;-3.5599084472656250e+02
3;399000000;-1.6569984698115118e+03;-1.6569942626953125e+03;-1.6569984698115043e+03;-1.6569984130859375e+03;-1.6569981689453125e+03;-1.6569984698115024e+03;-1.6569927978515625e+03
4;399000000;-1.3257989967788110e+03;-1.3258010253906250e+03;-1.3257989967788060e+03;-1.3257989501953125e+03;-1.3258027343750000e+03;-1.3257989967788037e+03;-1.3257956542968750e+03
5;399000000;-2.2425592083312163e+03;-2.2425607910156250e+03;-2.2425592083311967e+03;-2.2425590820312500e+03;-2.2425585937500000e+03;-2.2425592083312135e+03;-2.2425556640625000e+03
6;399000000;-1.9003388905467364e+03;-1.9003360595703125e+03;-1.9003388905467286e+03;-1.9003387451171875e+03;-1.9003325195312500e+03;-1.9003388905467459e+03;-1.9003380126953125e+03
7;399000000;-1.2659806670824012e+03;-1.2659821777343750e+03;-1.2659806670823928e+03;-1.2659804687500000e+03;-1.2659797363281250e+03;-1.2659806670823950e+03;-1.2659782714843750e+03
8;399000000;-2.8157415853090297e+03;-2.8157365722656250e+03;-2.8157415853090220e+03;-2.8157414550781250e+03;-2.8157399902343750e+03;-2.8157415853090251e+03;-2.8157407226562500e+03
9;399000000;-2.5526042598731729e+03;-2.5526052246093750e+03;-2.5526042598731729e+03;-2.5526040039062500e+03;-2.5526071777343750e+03;-2.5526042598731729e+03;-2.5526052246093750e+03
0;401000000;-5.5597336734768191e+02;-5.5596728515625000e+02;-5.5597336734768135e+02;-5.5597320556640625e+02;-5.5596533203125000e+02;-5.5597336734766941e+02;-5.5597265625000000e+02
1;401000000;-7.0150177138084291e+02;-7.0149700927734375e+02;-7.0150177138085860e+02;-7.0150158691406250e+02;-7.0150201416015625e+02;-7.0150177138085905e+02;-7.0149755859375000e+02
2;401000000;-1.6172554946845648e+03;-1.6172662353515625e+03;-1.6172554946845717e+03;-1.6172553710937500e+03;-1.6172650146484375e+03;-1.6172554946845544e+03;-1.6172521972656250e+03
3;401000000;-9.9736691502445206e+02;-9.9736926269531250e+02;-9.9736691502446342e+02;-9.9736682128906250e+02;-9.9737097167968750e+02;-9.9736691502445410e+02;-9.9735998535156250e+02
4;401000000;-1.5630304913149776e+03;-1.5630349121093750e+03;-1.5630304913149728e+03;-1.5630303955078125e+03;-1.5630308837890625e+03;-1.5630304913149585e+03;-1.5630262451171875e+03
5;401000000;-1.8899870724850243e+03;-1.8899816894531250e+03;-1.8899870724850241e+03;-1.8899869384765625e+03;-1.8899736328125000e+03;-1.8899870724850341e+03;-1.8899838867187500e+03
6;401000000;-2.3851443408867553e+03;-2.3851425781250000e+03;-2.3851443408867608e+03;-2.3851442871093750e+03;-2.3851457519531250e+03;-2.3851443408867681e+03;-2.3851437988281250e+03
7;401000000;-1.6274323033526241e+03;-1.6274406738281250e+03;-1.6274323033526302e+03;-1.6274321289062500e+03;-1.6274364013671875e+03;-1.6274323033526425e+03;-1.6274294433593750e+03
8;401000000;-2.9217610538238919e+03;-2.9217578125000000e+03;-2.9217610538239032e+03;-2.9217609863281250e+03;-2.9217492675781250e+03;-2.9217610538238987e+03;-2.9217597656250000e+03
9;401000000;-3.1189822750780863e+03;-3.1189829101562500e+03;-3.1189822750780882e+03;-3.1189821777343750e+03;-3.1189919433593750e+03;-3.1189822750780932e+03;-3.1189838867187500e+03
0;403000000;3.2485848132727818e+02;3.2486175537109375e+02;3.2485848132728694e+02;3.2485861206054688e+02;3.2486401367187500e+02;3.2485848132728051e+02;3.2485986328125000e+02
1;403000000;-6.9723117434989797e+02;-6.9722753906250000e+02;-6.9723117434988694e+02;-6.9723101806640625e+02;-6.9722644042968750e+02;-6.9723117434989877e+02;-6.9722717285156250e+02
2;403000000;-1.3978398492340384e+03;-1.3978450927734375e+03;-1.3978398492340298e+03;-1.3978397216796875e+03;-1.3978439941406250e+03;-1.3978398492340339e+03;-1.3978355712890625e+03
3;403000000;-1.4559384514684498e+03;-1.4559304199218750e+03;-1.4559384514684575e+03;-1.4559383544921875e+03;-1.4559294433593750e+03;-1.4559384514684493e+03;-1.4559338378906250e+03
4;403000000;-1.0499506697969150e+03;-1.0499481201171875e+03;-1.0499506697969127e+03;-1.0499505615234375e+03;-1.0499475097656250e+03;-1.0499506697969073e+03;-1.0499460449218750e+03
5;403000000;-1.9315435282257220e+03;-1.9315445556640625e+03;-1.9315435282257238e+03;-1.9315433349609375e+03;-1.9315441894531250e+03;-1.9315435282257104e+03;-1.9315400390625000e+03
6;403000000;-2.7886287278776863e+03;-2.7886354980468750e+03;-2.7886287278776872e+03;-2.7886286621093750e+03;-2.7886320800781250e+03;-2.7886287278776927e+03;-2.7886254882812500e+03
7;403000000;-2.4421091216624368e+03;-2.4421152343750000e+03;-2.4421091216624400e+03;-2.4421088867187500e+03;-2.4421186523437500e+03;-2.4421091216624523e+03;-2.4421062011718750e+03
8;403000000;-3.2610251204166038e+03;-3.2610217285156250e+03;-3.2610251204166088e+03;-3.2610249023437500e+03;-3.2610224609375000e+03;-3.2610251204166070e+03;-3.2610236816406250e+03
9;403000000;-2.8049235187326199e+03;-2.8049228515625000e+03;-2.8049235187326149e+03;-2.8049233398437500e+03;-2.8049267578125000e+03;-2.8049235187326235e+03;-2.8049243164062500e+03
0;405000000;6.1421906847593937e+02;6.1421630859375000e+02;6.1421906847593891e+02;6.1421923828125000e+02;6.1421545410156250e+02;6.1421906847592254e+02;6.1422021484375000e+02
1;405000000;-3.9167000780793046e+02;-3.9166427612304688e+02;-3.9167000780793637e+02;-3.9166986083984375e+02;-3.9166537475585938e+02;-3.9167000780794342e+02;-3.9166723632812500e+02
2;405000000;-5.8219390319633249e+02;-5.8219238281250000e+02;-5.8219390319633135e+02;-5.8219378662109375e+02;-5.8219964599609375e+02;-5.8219390319633158e+02;-5.8218981933593750e+02
3;405000000;-2.8769528651408109e+03;-2.8769509277343750e+03;-2.8769528651408177e+03;-2.8769528808593750e+03;-2.8769504394531250e+03;-2.8769528651408118e+03;-2.8769477539062500e+03
4;405000000;-6.5398300189685733e+02;-6.5398748779296875e+02;-6.5398300189685983e+02;-6.5398291015625000e+02;-6.5398437500000000e+02;-6.5398300189685438e+02;-6.5397839355468750e+02
5;405000000;-2.0820867751768278e+03;-2.0820883789062500e+03;-2.0820867751768328e+03;-2.0820866699218750e+03;-2.0820925292968750e+03;-2.0820867751768155e+03;-2.0820825195312500e+03
6;405000000;-2.3333757431880626e+03;-2.3333737792968750e+03;-2.3333757431880590e+03;-2.3333757324218750e+03;-2.3333747558593750e+03;-2.3333757431880590e+03;-2.3333735351562500e+03
7;405000000;-2.9709949234443607e+03;-2.9710014648437500e+03;-2.9709949234443693e+03;-2.9709946289062500e+03;-2.9710021972656250e+03;-2.9709949234443557e+03;-2.9709919433593750e+03
8;405000000;-3.4992780253578248e+03;-3.4992785644531250e+03;-3.4992780253578348e+03;-3.4992778320312500e+03;-3.4992834472656250e+03;-3.4992780253578371e+03;-3.4992773437500000e+03
9;405000000;-3.1199938987024793e+03;-3.1200007324218750e+03;-3.1199938987024670e+03;-3.1199936523437500e+03;-3.1199970703125000e+03;-3.1199938987024834e+03;-3.1199965820312500e+03
0;407000000;3.6419025296542850e+02;3.6419097900390625e+02;3.6419025296542975e+02;3.6419042968750000e+02;3.6418621826171875e+02;3.6419025296543077e+02;3.6419091796875000e+02
1;407000000;1.9104561540168359e+02;1.9104859924316406e+02;1.9104561540167944e+02;1.9104573059082031e+02;1.9104969787597656e+02;1.9104561540168402e+02;1.9104785156250000e+02
2;407000000;-6.9137133917322637e+02;-6.9137078857421875e+02;-6.9137133917323274e+02;-6.9137121582031250e+02;-6.9137414550781250e+02;-6.9137133917324036e+02;-6.9136840820312500e+02
3;407000000;-2.3295812856742964e+03;-2.3295749511718750e+03;-2.3295812856742905e+03;-2.3295812988281250e+03;-2.3295803222656250e+03;-2.3295812856742832e+03;-2.3295766601562500e+03
4;407000000;-1.2357830031930309e+03;-1.2357930908203125e+03;-1.2357830031930234e+03;-1.2357828369140625e+03;-1.2357905273437500e+03;-1.2357830031930241e+03;-1.2357794189453125e+03
5;407000000;-1.7494839490729198e+03;-1.7494855957031250e+03;-1.7494839490729062e+03;-1.7494837646484375e+03;-1.7494818115234375e+03;-1.7494839490729096e+03;-1.7494799804687500e+03
6;407000000;-2.3925992662411481e+03;-2.3926013183593750e+03;-2.3925992662411422e+03;-2.3925991210937500e+03;-2.3925971679687500e+03;-2.3925992662411290e+03;-2.3925959472656250e+03
7;407000000;-3.1909404422251541e+03;-3.1909365234375000e+03;-3.1909404422251550e+03;-3.1909401855468750e+03;-3.1909431152343750e+03;-3.1909404422251400e+03;-3.1909365234375000e+03
8;407000000;-4.2335548401450196e+03;-4.2335546875000000e+03;-4.2335548401450278e+03;-4.2335546875000000e+03;-4.2335498046875000e+03;-4.2335548401450251e+03;-4.2335527343750000e+03
9;407000000;-3.3424624627704261e+03;-3.3424682617187500e+03;-3.3424624627704302e+03;-3.3424621582031250e+03;-3.3424660644531250e+03;-3.3424624627704552e+03;-3.3424631347656250e+03
0;409000000;1.0243405452656486e+03;1.0243337402343750e+03;1.0243405452656336e+03;1.0243406982421875e+03;1.0243439941406250e+03;1.0243405452656430e+03;1.0243437500000000e+03
1;409000000;4.5444947552546000e+02;4.5444744873046875e+02;4.5444947552546608e+02;4.5444961547851562e+02;4.5445379638671875e+02;4.5444947552546296e+02;4.5445275878906250e+02
2;409000000;-1.5108033231368344e+02;-1.5107962036132812e+02;-1.5108033231368267e+02;-1.5108021545410156e+02;-1.5107926940917969e+02;-1.5108033231369609e+02;-1.5107775878906250e+02
3;409000000;-1.6648842380591364e+03;-1.6648870849609375e+03;-1.6648842380591348e+03;-1.6648841552734375e+03;-1.6648833007812500e+03;-1.6648842380591204e+03;-1.6648807373046875e+03
4;409000000;-2.1721482092793376e+03;-2.1721511230468750e+03;-2.1721482092793431e+03;-2.1721481933593750e+03;-2.1721516113281250e+03;-2.1721482092793403e+03;-2.1721430664062500e+03
5;409000000;-1.1291787149279210e+03;-1.1291804199218750e+03;-1.1291787149279235e+03;-1.1291785888671875e+03;-1.1291784667968750e+03;-1.1291787149279128e+03;-1.1291733398437500e+03
6;409000000;-2.2985097600946797e+03;-2.2985056152343750e+03;-2.2985097600946820e+03;-2.2985095214843750e+03;-2.2985046386718750e+03;-2.2985097600946692e+03;-2.2985043945312500e+03
7;409000000;-2.8441703784269503e+03;-2.8441701660156250e+03;-2.8441703784269471e+03;-2.8441701660156250e+03;-2.8441628417968750e+03;-2.8441703784269321e+03;-2.8441662597656250e+03
8;409000000;-4.7692024632959710e+03;-4.7691914062500000e+03;-4.7692024632959710e+03;-4.7692021484375000e+03;-4.7691860351562500e+03;-4.7692024632959710e+03;-4.7692001953125000e+03
9;409000000;-3.2405097791135581e+03;-3.2405092773437500e+03;-3.2405097791135527e+03;-3.2405095214843750e+03;-3.2405117187500000e+03;-3.2405097791135768e+03;-3.2405097656250000e+03
0;411000000;1.8360520092820830e+03;1.8360588378906250e+03;1.8360520092820789e+03;1.8360521240234375e+03;1.8360539550781250e+03;1.8360520092820798e+03;1.8360554199218750e+03
1;411000000;2.9887766342922299e+02;2.9887426757812500e+02;2.9887766342921407e+02;2.9887780761718750e+02;2.9887261962890625e+02;2.9887766342921464e+02;2.9888024902343750e+02
2;411000000;2.9053567293965057e+02;2.9053619384765625e+02;2.9053567293965375e+02;2.9053576660156250e+02;2.9053311157226562e+02;2.9053567293965170e+02;2.9054003906250000e+02
3;411000000;-1.6430835373425796e+03;-1.6430828857421875e+03;-1.6430835373425843e+03;-1.6430834960937500e+03;-1.6430780029296875e+03;-1.6430835373425880e+03;-1.6430786132812500e+03
4;411000000;-1.4899086818473550e+03;-1.4899042968750000e+03;-1.4899086818473568e+03;-1.4899085693359375e+03;-1.4899025878906250e+03;-1.4899086818473531e+03;-1.4899042968750000e+03
5;411000000;-1.8891774214621189e+03;-1.8891801757812500e+03;-1.8891774214621273e+03;-1.8891772460937500e+03;-1.8891772460937500e+03;-1.8891774214621237e+03;-1.8891718750000000e+03
6;411000000;-2.1991090081839257e+03;-2.1991079101562500e+03;-2.1991090081839193e+03;-2.1991088867187500e+03;-2.1991071777343750e+03;-2.1991090081839357e+03;-2.1991054687500000e+03
7;411000000;-2.9446344310077125e+03;-2.9446396484375000e+03;-2.9446344310077166e+03;-2.9446342773437500e+03;-2.9446323242187500e+03;-2.9446344310077179e+03;-2.9446281738281250e+03
8;411000000;-5.1553037609441926e+03;-5.1553017578125000e+03;-5.1553037609441963e+03;-5.1553037109375000e+03;-5.1552944335937500e+03;-5.1553037609441471e+03;-5.1553007812500000e+03
9;411000000;-4.0330376650330072e+03;-4.0330327148437500e+03;-4.0330376650330063e+03;-4.0330373535156250e+03;-4.0330393066406250e+03;-4.0330376650330099e+03;-4.0330385742187500e+03
0;413000000;1.7965374363354961e+03;1.7965382080078125e+03;1.7965374363354983e+03;1.7965375976562500e+03;1.7965389404296875e+03;1.7965374363354963e+03;1.7965417480468750e+03
1;413000000;1.2816155058103802e+03;1.2816159667968750e+03;1.2816155058103902e+03;1.2816157226562500e+03;1.2816187744140625e+03;1.2816155058103905e+03;1.2816203613281250e+03
2;413000000;1.1287037835643730e+02;1.1287295532226562e+02;1.1287037835644173e+02;1.1287049865722656e+02;1.1287239074707031e+02;1.1287037835643514e+02;1.1287292480468750e+02
3;413000000;-1.0409309771869162e+03;-1.0409270019531250e+03;-1.0409309771869157e+03;-1.0409309082031250e+03;-1.0409281005859375e+03;-1.0409309771869298e+03;-1.0409282226562500e+03
4;413000000;-1.2414658982876222e+03;-1.2414566650390625e+03;-1.2414658982876263e+03;-1.2414658203125000e+03;-1.2414570312500000e+03;-1.2414658982876228e+03;-1.2414619140625000e+03
5;413000000;-2.6010186626676759e+03;-2.6010185546875000e+03;-2.6010186626676746e+03;-2.6010185546875000e+03;-2.6010144042968750e+03;-2.6010186626676723e+03;-2.6010146484375000e+03
6;413000000;-1.3695849650302519e+03;-1.3695875244140625e+03;-1.3695849650302607e+03;-1.3695848388671875e+03;-1.3695838623046875e+03;-1.3695849650302644e+03;-1.3695804443359375e+03
7;413000000;-2.8487941307916954e+03;-2.8487973632812500e+03;-2.8487941307916917e+03;-2.8487939453125000e+03;-2.8487998046875000e+03;-2.8487941307916967e+03;-2.8487893066406250e+03
8;413000000;-4.8296595313306880e+03;-4.8296435546875000e+03;-4.8296595313306880e+03;-4.8296591796875000e+03;-4.8296499023437500e+03;-4.8296595313306680e+03;-4.8296567382812500e+03
9;413000000;-4.5307639310268523e+03;-4.5307661132812500e+03;-4.5307639310268632e+03;-4.5307636718750000e+03;-4.5307592773437500e+03;-4.5307639310268596e+03;-4.5307636718750000e+03
0;415000000;1.2451942634096126e+03;1.2451934814453125e+03;1.2451942634096226e+03;1.2451944580078125e+03;1.2451907958984375e+03;1.2451942634096117e+03;1.2451973876953125e+03
1;415000000;1.7438090815074615e+03;1.7438068847656250e+03;1.7438090815074627e+03;1.7438092041015625e+03;1.7438126220703125e+03;1.7438090815074625e+03;1.7438120117187500e+03
2;415000000;5.3385546374930277e+02;5.3384710693359375e+02;5.3385546374929504e+02;5.3385559082031250e+02;5.3384729003906250e+02;5.3385546374929527e+02;5.3385754394531250e+02
3;415000000;-4.8803657598397359e+02;-4.8803421020507812e+02;-4.8803657598395966e+02;-4.8803656005859375e+02;-4.8803195190429688e+02;-4.8803657598396421e+02;-4.8803247070312500e+02
4;415000000;-1.1442094654734767e+03;-1.1442066650390625e+03;-1.1442094654734815e+03;-1.1442093505859375e+03;-1.1442069091796875e+03;-1.1442094654734899e+03;-1.1442049560546875e+03
5;415000000;-1.9351787825448980e+03;-1.9351783447265625e+03;-1.9351787825449053e+03;-1.9351787109375000e+03;-1.9351771240234375e+03;-1.9351787825449048e+03;-1.9351738281250000e+03
6;415000000;-2.3976696140211734e+03;-2.3976608886718750e+03;-2.3976696140211734e+03;-2.3976694335937500e+03;-2.3976586914062500e+03;-2.3976696140211675e+03;-2.3976665039062500e+03
7;415000000;-2.4707707251173842e+03;-2.4707770996093750e+03;-2.4707707251173783e+03;-2.4707705078125000e+03;-2.4707753906250000e+03;-2.4707707251173870e+03;-2.4707644042968750e+03
8;415000000;-5.0729663385425956e+03;-5.0729604492187500e+03;-5.0729663385425883e+03;-5.0729663085937500e+03;-5.0729653320312500e+03;-5.0729663385425793e+03;-5.0729638671875000e+03
9;415000000;-4.7180029212895597e+03;-4.7179960937500000e+03;-4.7180029212895506e+03;-4.7180029296875000e+03;-4.7179946289062500e+03;-4.7180029212895415e+03;-4.7180019531250000e+03
0;417000000;1.6993832690106783e+03;1.6993811035156250e+03;1.6993832690106817e+03;1.6993834228515625e+03;1.6993826904296875e+03;1.6993832690106710e+03;1.6993840332031250e+03
1;417000000;1.7047802466621879e+03;1.7047816162109375e+03;1.7047802466621822e+03;1.7047803955078125e+03;1.7047911376953125e+03;1.7047802466621820e+03;1.7047846679687500e+03
2;417000000;1.1767299851336102e+03;1.1767314453125000e+03;1.1767299851336186e+03;1.1767301025390625e+03;1.1767325439453125e+03;1.1767299851336111e+03;1.1767326660156250e+03
3;417000000;-1.1405723884844581e+03;-1.1405655517578125e+03;-1.1405723884844558e+03;-1.1405722656250000e+03;-1.1405682373046875e+03;-1.1405723884844597e+03;-1.1405693359375000e+03
4;417000000;-6.8013290553397974e+02;-6.8013311767578125e+02;-6.8013290553398588e+02;-6.8013287353515625e+02;-6.8013293457031250e+02;-6.8013290553398792e+02;-6.8012774658203125e+02
5;417000000;-1.9186587881032128e+03;-1.9186556396484375e+03;-1.9186587881032199e+03;-1.9186586914062500e+03;-1.9186538085937500e+03;-1.9186587881032121e+03;-1.9186542968750000e+03
6;417000000;-2.8087768052869801e+03;-2.8087663574218750e+03;-2.8087768052869928e+03;-2.8087766113281250e+03;-2.8087707519531250e+03;-2.8087768052869869e+03;-2.8087739257812500e+03
7;417000000;-2.1721058994151763e+03;-2.1721127929687500e+03;-2.1721058994151767e+03;-2.1721057128906250e+03;-2.1721188964843750e+03;-2.1721058994151936e+03;-2.1721008300781250e+03
8;417000000;-4.5347220964782764e+03;-4.5347187500000000e+03;-4.5347220964782728e+03;-4.5347216796875000e+03;-4.5347246093750000e+03;-4.5347220964782600e+03;-4.5347202148437500e+03
9;417000000;-4.5820253285047120e+03;-4.5820180664062500e+03;-4.5820253285047156e+03;-4.5820253906250000e+03;-4.5820195312500000e+03;-4.5820253285047102e+03;-4.5820244140625000e+03
0;419000000;2.2840996429291586e+03;2.2840964355468750e+03;2.2840996429291490e+03;2.2840998535156250e+03;2.2841030273437500e+03;2.2840996429291490e+03;2.2841027832031250e+03
1;419000000;1.2962864853781196e+03;1.2962871093750000e+03;1.2962864853781261e+03;1.2962866210937500e+03;1.2962854003906250e+03;1.2962864853781339e+03;1.2962896728515625e+03
2;419000000;1.9606569562540442e+03;1.9606593017578125e+03;1.9606569562540449e+03;1.9606571044921875e+03;1.9606550292968750e+03;1.9606569562540371e+03;1.9606596679687500e+03
3;419000000;-5.9494800984007338e+02;-5.9494531250000000e+02;-5.9494800984005224e+02;-5.9494793701171875e+02;-5.9494384765625000e+02;-5.9494800984006633e+02;-5.9494421386718750e+02
4;419000000;-2.0730422942594026e+02;-2.0730200195312500e+02;-2.0730422942594262e+02;-2.0730421447753906e+02;-2.0729647827148438e+02;-2.0730422942593805e+02;-2.0730084228515625e+02
5;419000000;-1.7621270256001974e+03;-1.7621262207031250e+03;-1.7621270256001976e+03;-1.7621269531250000e+03;-1.7621274414062500e+03;-1.7621270256002010e+03;-1.7621235351562500e+03
6;419000000;-2.2059936492008515e+03;-2.2059968261718750e+03;-2.2059936492008492e+03;-2.2059936523437500e+03;-2.2059934082031250e+03;-2.2059936492008583e+03;-2.2059890136718750e+03
7;419000000;-3.1499648473262200e+03;-3.1499719238281250e+03;-3.1499648473262077e+03;-3.1499645996093750e+03;-3.1499746093750000e+03;-3.1499648473262005e+03;-3.1499604492187500e+03
8;419000000;-4.4785895893525476e+03;-4.4785859375000000e+03;-4.4785895893525649e+03;-4.4785893554687500e+03;-4.4785849609375000e+03;-4.4785895893525394e+03;-4.4785874023437500e+03
9;419000000;-4.9812822942418607e+03;-4.9812778320312500e+03;-4.9812822942418688e+03;-4.9812822265625000e+03;-4.9812792968750000e+03;-4.9812822942418516e+03;-4.9812812500000000e+03
0;421000000;2.3060743979947429e+03;2.3060773925781250e+03;2.3060743979947447e+03;2.3060744628906250e+03;2.3060766601562500e+03;2.3060743979947379e+03;2.3060756835937500e+03
1;421000000;1.7396327548369563e+03;1.7396324462890625e+03;1.7396327548369600e+03;1.7396329345703125e+03;1.7396362304687500e+03;1.7396327548369686e+03;1.7396368408203125e+03
2;421000000;1.6053447279281484e+03;1.6053430175781250e+03;1.6053447279281470e+03;1.6053448486328125e+03;1.6053436279296875e+03;1.6053447279281436e+03;1.6053489990234375e+03
3;421000000;1.1025659504403677e+02;1.1025889587402344e+02;1.1025659504404868e+02;1.1025666046142578e+02;1.1025375366210938e+02;1.1025659504402893e+02;1.1026159667968750e+02
4;421000000;-7.0190699674441555e+02;-7.0190356445312500e+02;-7.0190699674442646e+02;-7.0190692138671875e+02;-7.0190179443359375e+02;-7.0190699674442203e+02;-7.0190386962890625e+02
5;421000000;-9.7880267936945472e+02;-9.7880810546875000e+02;-9.7880267936945063e+02;-9.7880261230468750e+02;-9.7880267333984375e+02;-9.7880267936946279e+02;-9.7879980468750000e+02
6;421000000;-2.3608797780037016e+03;-2.3608845214843750e+03;-2.3608797780036866e+03;-2.3608796386718750e+03;-2.3608798828125000e+03;-2.3608797780036980e+03;-2.3608764648437500e+03
7;421000000;-3.3494254885159853e+03;-3.3494301757812500e+03;-3.3494254885159839e+03;-3.3494252929687500e+03;-3.3494343261718750e+03;-3.3494254885159712e+03;-3.3494189453125000e+03
8;421000000;-4.1828362647124304e+03;-4.1828310546875000e+03;-4.1828362647124231e+03;-4.1828359375000000e+03;-4.1828330078125000e+03;-4.1828362647124104e+03;-4.1828330078125000e+03
9;421000000;-4.4662087936926127e+03;-4.4662075195312500e+03;-4.4662087936926155e+03;-4.4662084960937500e+03;-4.4662094726562500e+03;-4.4662087936926064e+03;-4.4662065429687500e+03
0;423000000;1.7791738729475062e+03;1.7791652832031250e+03;1.7791738729475196e+03;1.7791740722656250e+03;1.7791809082031250e+03;1.7791738729475151e+03;1.7791766357421875e+03
1;423000000;2.1984063140932067e+03;2.1984055175781250e+03;2.1984063140932121e+03;2.1984064941406250e+03;2.1984047851562500e+03;2.1984063140932112e+03;2.1984113769531250e+03
2;423000000;1.5663525954041606e+03;1.5663525390625000e+03;1.5663525954041675e+03;1.5663527832031250e+03;1.5663583984375000e+03;1.5663525954041629e+03;1.5663566894531250e+03
3;423000000;6.8514779724301354e+02;6.8514733886718750e+02;6.8514779724300604e+02;6.8514788818359375e+02;6.8514831542968750e+02;6.8514779724300706e+02;6.8515246582031250e+02
4;423000000;-6.9836651253761346e+01;-6.9831245422363281e+01;-6.9836651253770469e+01;-6.9836578369140625e+01;-6.9831375122070312e+01;-6.9836651253770924e+01;-6.9832275390625000e+01
5;423000000;-7.2312638914386048e+02;-7.2312890625000000e+02;-7.2312638914385161e+02;-7.2312634277343750e+02;-7.2312512207031250e+02;-7.2312638914384752e+02;-7.2312402343750000e+02
6;423000000;-1.9464044530358792e+03;-1.9464073486328125e+03;-1.9464044530358847e+03;-1.9464042968750000e+03;-1.9464017333984375e+03;-1.9464044530358792e+03;-1.9463996582031250e+03
7;423000000;-2.6657161607860294e+03;-2.6657202148437500e+03;-2.6657161607860266e+03;-2.6657160644531250e+03;-2.6657197265625000e+03;-2.6657161607860271e+03;-2.6657099609375000e+03
8;423000000;-5.4148769442868952e+03;-5.4148833007812500e+03;-5.4148769442868906e+03;-5.4148769531250000e+03;-5.4148784179687500e+03;-5.4148769442869107e+03;-5.4148740234375000e+03
9;423000000;-3.9006714735791388e+03;-3.9006750488281250e+03;-3.9006714735791352e+03;-3.9006713867187500e+03;-3.9006708984375000e+03;-3.9006714735791347e+03;-3.9006694335937500e+03
0;425000000;2.1319703146154752e+03;2.1319699707031250e+03;2.1319703146154748e+03;2.1319704589843750e+03;2.1319731445312500e+03;2.1319703146154670e+03;2.1319711914062500e+03
1;425000000;2.1384968350133458e+03;2.1384895019531250e+03;2.1384968350133481e+03;2.1384970703125000e+03;2.1384909667968750e+03;2.1384968350133481e+03;2.1385009765625000e+03
2;425000000;1.9112595232993733e+03;1.9112551269531250e+03;1.9112595232993692e+03;1.9112596435546875e+03;1.9112557373046875e+03;1.9112595232993674e+03;1.9112631835937500e+03
3;425000000;4.4954881352291261e+02;4.4954937744140625e+02;4.4954881352291477e+02;4.4954891967773438e+02;4.4954879760742188e+02;4.4954881352291341e+02;4.4955310058593750e+02
4;425000000;5.7545542294903157e+02;5.7545745849609375e+02;5.7545542294904521e+02;5.7545550537109375e+02;5.7545410156250000e+02;5.7545542294903771e+02;5.7546032714843750e+02
5;425000000;-9.0742243090830129e+02;-9.0742077636718750e+02;-9.0742243090829959e+02;-9.0742236328125000e+02;-9.0741998291015625e+02;-9.0742243090830812e+02;-9.0741992187500000e+02
6;425000000;-1.4728967714325461e+03;-1.4728975830078125e+03;-1.4728967714325395e+03;-1.4728967285156250e+03;-1.4728980712890625e+03;-1.4728967714325499e+03;-1.4728944091796875e+03
7;425000000;-2.8699992975355758e+03;-2.8700070800781250e+03;-2.8699992975355817e+03;-2.8699992675781250e+03;-2.8700087890625000e+03;-2.8699992975355813e+03;-2.8699929199218750e+03
8;425000000;-5.1168545892553748e+03;-5.1168715820312500e+03;-5.1168545892553757e+03;-5.1168544921875000e+03;-5.1168696289062500e+03;-5.1168545892553757e+03;-5.1168500976562500e+03
9;425000000;-4.1779332704552498e+03;-4.1779306640625000e+03;-4.1779332704552589e+03;-4.1779331054687500e+03;-4.1779365234375000e+03;-4.1779332704552598e+03;-4.1779311523437500e+03
0;427000000;2.0671833316507496e+03;2.0671855468750000e+03;2.0671833316507464e+03;2.0671835937500000e+03;2.0671857910156250e+03;2.0671833316507314e+03;2.0671843261718750e+03
1;427000000;1.5492943829941514e+03;1.5492895507812500e+03;1.5492943829941487e+03;1.5492945556640625e+03;1.5492886962890625e+03;1.5492943829941401e+03;1.5492991943359375e+03
2;427000000;2.1301291999630116e+03;2.1301318359375000e+03;2.1301291999630071e+03;2.1301293945312500e+03;2.1301291503906250e+03;2.1301291999630066e+03;2.1301328125000000e+03
3;427000000;2.5593363476748189e+02;2.5593356323242188e+02;2.5593363476747967e+02;2.5593373107910156e+02;2.5593257141113281e+02;2.5593363476747663e+02;2.5593847656250000e+02
4;427000000;9.8508282939887692e+02;9.8507666015625000e+02;9.8508282939888454e+02;9.8508288574218750e+02;9.8507470703125000e+02;9.8508282939888750e+02;9.8508825683593750e+02
5;427000000;-5.2223039204825170e+02;-5.2223291015625000e+02;-5.2223039204824329e+02;-5.2223028564453125e+02;-5.2222985839843750e+02;-5.2223039204826227e+02;-5.2222802734375000e+02
6;427000000;-9.1184017546658083e+02;-9.1184155273437500e+02;-9.1184017546658436e+02;-9.1184008789062500e+02;-9.1183618164062500e+02;-9.1184017546658879e+02;-9.1183630371093750e+02
7;427000000;-2.7333421176501997e+03;-2.7333427734375000e+03;-2.7333421176502120e+03;-2.7333420410156250e+03;-2.7333444824218750e+03;-2.7333421176502115e+03;-2.7333349609375000e+03
8;427000000;-4.7061620705344258e+03;-4.7061772460937500e+03;-4.7061620705344285e+03;-4.7061621093750000e+03;-4.7061752929687500e+03;-4.7061620705344403e+03;-4.7061582031250000e+03
9;427000000;-5.4630421303682815e+03;-5.4630522460937500e+03;-5.4630421303682833e+03;-5.4630419921875000e+03;-5.4630478515625000e+03;-5.4630421303682842e+03;-5.4630419921875000e+03
0;429000000;2.3642418212099537e+03;2.3642421875000000e+03;2.3642418212099465e+03;2.3642419433593750e+03;2.3642429199218750e+03;2.3642418212099278e+03;2.3642446289062500e+03
1;429000000;1.7585751936505387e+03;1.7585718994140625e+03;1.7585751936505299e+03;1.7585753173828125e+03;1.7585727539062500e+03;1.7585751936505421e+03;1.7585791015625000e+03
2;429000000;2.0945985435193770e+03;2.0945974121093750e+03;2.0945985435193766e+03;2.0945986328125000e+03;2.0945961914062500e+03;2.0945985435193752e+03;2.0946040039062500e+03
3;429000000;6.5038404920900041e+02;6.5039172363281250e+02;6.5038404920900325e+02;6.5038415527343750e+02;6.5038806152343750e+02;6.5038404920900348e+02;6.5038964843750000e+02
4;429000000;7.6353627558846335e+02;7.6353967285156250e+02;7.6353627558847063e+02;7.6353637695312500e+02;7.6353796386718750e+02;7.6353627558847097e+02;7.6354211425781250e+02
5;429000000;7.7648997320234400e+01;7.7644660949707031e+01;7.7648997320221696e+01;7.7649085998535156e+01;7.7648376464843750e+01;7.7648997320217859e+01;7.7651367187500000e+01
6;429000000;-1.3592304811934509e+03;-1.3592272949218750e+03;-1.3592304811934614e+03;-1.3592303466796875e+03;-1.3592220458984375e+03;-1.3592304811934578e+03;-1.3592264404296875e+03
7;429000000;-1.7623537832536222e+03;-1.7623515625000000e+03;-1.7623537832536251e+03;-1.7623537597656250e+03;-1.7623524169921875e+03;-1.7623537832536390e+03;-1.7623460693359375e+03
8;429000000;-4.6662500932052380e+03;-4.6662514648437500e+03;-4.6662500932052253e+03;-4.6662500000000000e+03;-4.6662431640625000e+03;-4.6662500932052344e+03;-4.6662441406250000e+03
9;429000000;-5.3081189392071237e+03;-5.3081230468750000e+03;-5.3081189392071201e+03;-5.3081186523437500e+03;-5.3081191406250000e+03;-5.3081189392071183e+03;-5.3081181640625000e+03
0;431000000;2.8692678726227355e+03;2.8692680664062500e+03;2.8692678726227377e+03;2.8692680664062500e+03;2.8692683105468750e+03;2.8692678726227236e+03;2.8692692871093750e+03
1;431000000;1.8583879561091344e+03;1.8583911132812500e+03;1.8583879561091333e+03;1.8583880615234375e+03;1.8583916015625000e+03;1.8583879561091230e+03;1.8583912353515625e+03
2;431000000;1.9273444958022376e+03;1.9273432617187500e+03;1.9273444958022394e+03;1.9273446044921875e+03;1.9273427734375000e+03;1.9273444958022308e+03;1.9273486328125000e+03
3;431000000;8.0334444926077276e+02;8.0335119628906250e+02;8.0334444926076731e+02;8.0334454345703125e+02;8.0334777832031250e+02;8.0334444926076549e+02;8.0335058593750000e+02
4;431000000;8.6150383279530865e+02;8.6150073242187500e+02;8.6150383279530877e+02;8.6150390625000000e+02;8.6150970458984375e+02;8.6150383279530865e+02;8.6150854492187500e+02
5;431000000;7.1399036322482834e+02;7.1399243164062500e+02;7.1399036322483050e+02;7.1399047851562500e+02;7.1399224853515625e+02;7.1399036322483084e+02;7.1399462890625000e+02
6;431000000;-7.4035332090548513e+02;-7.4034832763671875e+02;-7.4035332090548650e+02;-7.4035321044921875e+02;-7.4034918212890625e+02;-7.4035332090550219e+02;-7.4034899902343750e+02
7;431000000;-1.6591756993984709e+03;-1.6591759033203125e+03;-1.6591756993984723e+03;-1.6591756591796875e+03;-1.6591732177734375e+03;-1.6591756993984809e+03;-1.6591672363281250e+03
8;431000000;-4.5045557582087868e+03;-4.5045483398437500e+03;-4.5045557582087931e+03;-4.5045556640625000e+03;-4.5045473632812500e+03;-4.5045557582087786e+03;-4.5045512695312500e+03
9;431000000;-4.4984678007308494e+03;-4.4984702148437500e+03;-4.4984678007308448e+03;-4.4984677734375000e+03;-4.4984799804687500e+03;-4.4984678007308503e+03;-4.4984663085937500e+03
0;433000000;2.1877013351700839e+03;2.1876992187500000e+03;2.1877013351700921e+03;2.1877014160156250e+03;2.1877031250000000e+03;2.1877013351700825e+03;2.1877033691406250e+03
1;433000000;2.0690700293249615e+03;2.0690734863281250e+03;2.0690700293249765e+03;2.0690700683593750e+03;2.0690678710937500e+03;2.0690700293249747e+03;2.0690764160156250e+03
2;433000000;2.0954482829077979e+03;2.0954511718750000e+03;2.0954482829078047e+03;2.0954484863281250e+03;2.0954492187500000e+03;2.0954482829077997e+03;2.0954516601562500e+03
3;433000000;7.3035572594432836e+02;7.3035089111328125e+02;7.3035572594432290e+02;7.3035583496093750e+02;7.3035717773437500e+02;7.3035572594431869e+02;7.3036181640625000e+02
4;433000000;1.4923409580766038e+03;1.4923426513671875e+03;1.4923409580766297e+03;1.4923410644531250e+03;1.4923460693359375e+03;1.4923409580766190e+03;1.4923452148437500e+03
5;433000000;3.5941064827817365e+02;3.5940451049804688e+02;3.5941064827817314e+02;3.5941076660156250e+02;3.5941064453125000e+02;3.5941064827818468e+02;3.5941650390625000e+02
6;433000000;-1.0775493919944815e+02;-1.0775477600097656e+02;-1.0775493919944699e+02;-1.0775484466552734e+02;-1.0775519561767578e+02;-1.0775493919945438e+02;-1.0774951171875000e+02
7;433000000;-1.8292925773872767e+03;-1.8292908935546875e+03;-1.8292925773872698e+03;-1.8292924804687500e+03;-1.8292917480468750e+03;-1.8292925773872830e+03;-1.8292844238281250e+03
8;433000000;-3.8215083402094237e+03;-3.8215068359375000e+03;-3.8215083402094210e+03;-3.8215083007812500e+03;-3.8215048828125000e+03;-3.8215083402094183e+03;-3.8215043945312500e+03
9;433000000;-4.4982469049332549e+03;-4.4982495117187500e+03;-4.4982469049332694e+03;-4.4982465820312500e+03;-4.4982456054687500e+03;-4.4982469049332703e+03;-4.4982451171875000e+03
0;435000000;1.9574111553815965e+03;1.9574094238281250e+03;1.9574111553816074e+03;1.9574112548828125e+03;1.9574073486328125e+03;1.9574111553815869e+03;1.9574135742187500e+03
1;435000000;2.7333131973255004e+03;2.7333115234375000e+03;2.7333131973254990e+03;2.7333132324218750e+03;2.7333129882812500e+03;2.7333131973254931e+03;2.7333188476562500e+03
2;435000000;1.9952998832508524e+03;1.9953031005859375e+03;1.9952998832508481e+03;1.9953000488281250e+03;1.9953021240234375e+03;1.9952998832508449e+03;1.9953031005859375e+03
3;435000000;9.5761173511390336e+02;9.5761022949218750e+02;9.5761173511390848e+02;9.5761181640625000e+02;9.5761242675781250e+02;9.5761173511389961e+02;9.5761804199218750e+02
4;435000000;1.1241214046308733e+03;1.1241315917968750e+03;1.1241214046308578e+03;1.1241214599609375e+03;1.1241319580078125e+03;1.1241214046308596e+03;1.1241271972656250e+03
5;435000000;3.0643403366156429e+02;3.0642977905273438e+02;3.0643403366155718e+02;3.0643417358398438e+02;3.0643530273437500e+02;3.0643403366157145e+02;3.0643750000000000e+02
6;435000000;3.2966474624309353e+02;3.2966302490234375e+02;3.2966474624308410e+02;3.2966485595703125e+02;3.2966592407226562e+02;3.2966474624308285e+02;3.2966906738281250e+02
7;435000000;-1.3610620183934686e+03;-1.3610574951171875e+03;-1.3610620183934739e+03;-1.3610618896484375e+03;-1.3610583496093750e+03;-1.3610620183934675e+03;-1.3610539550781250e+03
8;435000000;-3.4090206624846605e+03;-3.4090239257812500e+03;-3.4090206624846633e+03;-3.4090205078125000e+03;-3.4090197753906250e+03;-3.4090206624846742e+03;-3.4090175781250000e+03
9;435000000;-4.2026065489950324e+03;-4.2026054687500000e+03;-4.2026065489950370e+03;-4.2026064453125000e+03;-4.2026103515625000e+03;-4.2026065489950315e+03;-4.2026044921875000e+03
0;437000000;2.2441494615041697e+03;2.2441416015625000e+03;2.2441494615041543e+03;2.2441496582031250e+03;2.2441437988281250e+03;2.2441494615041574e+03;2.2441511230468750e+03
1;437000000;1.9204221295142793e+03;1.9204216308593750e+03;1.9204221295142684e+03;1.9204222412109375e+03;1.9204232177734375e+03;1.9204221295142722e+03;1.9204254150390625e+03
2;437000000;2.3927511144541663e+03;2.3927534179687500e+03;2.3927511144541618e+03;2.3927512207031250e+03;2.3927507324218750e+03;2.3927511144541459e+03;2.3927558593750000e+03
3;437000000;1.0620210776290153e+03;1.0620224609375000e+03;1.0620210776290180e+03;1.0620211181640625e+03;1.0620241699218750e+03;1.0620210776290141e+03;1.0620273437500000e+03
4;437000000;1.2511710685009830e+03;1.2511785888671875e+03;1.2511710685009834e+03;1.2511711425781250e+03;1.2511748046875000e+03;1.2511710685009823e+03;1.2511759033203125e+03
5;437000000;8.8540891919516071e+02;8.8540875244140625e+02;8.8540891919517458e+02;8.8540905761718750e+02;8.8541174316406250e+02;8.8540891919516343e+02;8.8541210937500000e+02
6;437000000;2.3069947210581546e+01;2.3073440551757812e+01;2.3069947210578249e+01;2.3070056915283203e+01;2.3071662902832031e+01;2.3069947210575265e+01;2.3073852539062500e+01
7;437000000;-5.3840147841524174e+02;-5.3840124511718750e+02;-5.3840147841523753e+02;-5.3840136718750000e+02;-5.3839849853515625e+02;-5.3840147841525277e+02;-5.3839355468750000e+02
8;437000000;-3.6760731991637103e+03;-3.6760678710937500e+03;-3.6760731991637090e+03;-3.6760729980468750e+03;-3.6760649414062500e+03;-3.6760731991637103e+03;-3.6760686035156250e+03
9;437000000;-3.6164251090973526e+03;-3.6164228515625000e+03;-3.6164251090973594e+03;-3.6164250488281250e+03;-3.6164255371093750e+03;-3.6164251090973494e+03;-3.6164223632812500e+03
0;439000000;2.4462528420205958e+03;2.4462512207031250e+03;2.4462528420205995e+03;2.4462529296875000e+03;2.4462470703125000e+03;2.4462528420205913e+03;2.4462548828125000e+03
1;439000000;1.9949353904177708e+03;1.9949442138671875e+03;1.9949353904177640e+03;1.9949355468750000e+03;1.9949357910156250e+03;1.9949353904177565e+03;1.9949414062500000e+03
2;439000000;2.7800621665791391e+03;2.7800610351562500e+03;2.7800621665791468e+03;2.7800622558593750e+03;2.7800590820312500e+03;2.7800621665791327e+03;2.7800664062500000e+03
3;439000000;8.3222543023311573e+02;8.3222668457031250e+02;8.3222543023311709e+02;8.3222546386718750e+02;8.3222894287109375e+02;8.3222543023310254e+02;8.3223095703125000e+02
4;439000000;1.6559941298540721e+03;1.6559989013671875e+03;1.6559941298540696e+03;1.6559941406250000e+03;1.6559971923828125e+03;1.6559941298540662e+03;1.6559997558593750e+03
5;439000000;5.8708315648088319e+02;5.8708660888671875e+02;5.8708315648087921e+02;5.8708325195312500e+02;5.8708654785156250e+02;5.8708315648087091e+02;5.8708740234375000e+02
6;439000000;-4.1269320216757706e+00;-4.1231384277343750e+00;-4.1269320216780443e+00;-4.1268024444580078e+00;-4.1248168945312500e+00;-4.1269320216820233e+00;-4.1235351562500000e+00
7;439000000;-4.0322491825229156e+02;-4.0322430419921875e+02;-4.0322491825229218e+02;-4.0322479248046875e+02;-4.0322875976562500e+02;-4.0322491825229963e+02;-4.0321704101562500e+02
8;439000000;-2.9688335705639856e+03;-2.9688312988281250e+03;-2.9688335705639906e+03;-2.9688334960937500e+03;-2.9688320312500000e+03;-2.9688335705639884e+03;-2.9688276367187500e+03
9;439000000;-3.4695215329107682e+03;-3.4695161132812500e+03;-3.4695215329107727e+03;-3.4695214843750000e+03;-3.4695166015625000e+03;-3.4695215329107668e+03;-3.4695195312500000e+03
0;441000000;1.7365860860314476e+03;1.7365859375000000e+03;1.7365860860314483e+03;1.7365861816406250e+03;1.7365842285156250e+03;1.7365860860314428e+03;1.7365881347656250e+03
1;441000000;2.0286475762332441e+03;2.0286497802734375e+03;2.0286475762332259e+03;2.0286477050781250e+03;2.0286484375000000e+03;2.0286475762332386e+03;2.0286511230468750e+03
2;441000000;1.9141539161239778e+03;1.9141535644531250e+03;1.9141539161239718e+03;1.9141540527343750e+03;1.9141612548828125e+03;1.9141539161239687e+03;1.9141579589843750e+03
3;441000000;1.7808038248909675e+03;1.7808037109375000e+03;1.7808038248909661e+03;1.7808038330078125e+03;1.7808039550781250e+03;1.7808038248909572e+03;1.7808095703125000e+03
4;441000000;1.5432609942392667e+03;1.5432580566406250e+03;1.5432609942392749e+03;1.5432611083984375e+03;1.5432595214843750e+03;1.5432609942392637e+03;1.5432651367187500e+03
5;441000000;6.9168681502900495e+02;6.9168273925781250e+02;6.9168681502900552e+02;6.9168695068359375e+02;6.9168469238281250e+02;6.9168681502900745e+02;6.9169287109375000e+02
6;441000000;5.6887687967480827e+02;5.6887921142578125e+02;5.6887687967480122e+02;5.6887701416015625e+02;5.6887597656250000e+02;5.6887687967479678e+02;5.6888220214843750e+02
7;441000000;-8.4124065452503180e+02;-8.4124487304687500e+02;-8.4124065452502998e+02;-8.4124053955078125e+02;-8.4124713134765625e+02;-8.4124065452504192e+02;-8.4123291015625000e+02
8;441000000;-2.2162036107233980e+03;-2.2161987304687500e+03;-2.2162036107233980e+03;-2.2162033691406250e+03;-2.2162009277343750e+03;-2.2162036107234012e+03;-2.2161977539062500e+03
9;441000000;-3.5676815170236064e+03;-3.5676740722656250e+03;-3.5676815170236041e+03;-3.5676813964843750e+03;-3.5676821289062500e+03;-3.5676815170236105e+03;-3.5676796875000000e+03
0;443000000;1.5927605205233301e+03;1.5927507324218750e+03;1.5927605205233274e+03;1.5927606201171875e+03;1.5927553710937500e+03;1.5927605205233290e+03;1.5927634277343750e+03
1;443000000;2.2328178852280307e+03;2.2328190917968750e+03;2.2328178852280271e+03;2.2328181152343750e+03;2.2328171386718750e+03;2.2328178852280303e+03;2.2328220214843750e+03
2;443000000;2.0123897817598108e+03;2.0123889160156250e+03;2.0123897817598138e+03;2.0123898925781250e+03;2.0123902587890625e+03;2.0123897817598115e+03;2.0123933105468750e+03
3;443000000;1.5714311953692013e+03;1.5714306640625000e+03;1.5714311953692049e+03;1.5714312744140625e+03;1.5714296875000000e+03;1.5714311953691922e+03;1.5714376220703125e+03
4;443000000;1.3602102201824093e+03;1.3602066650390625e+03;1.3602102201824139e+03;1.3602103271484375e+03;1.3602097167968750e+03;1.3602102201824086e+03;1.3602155761718750e+03
5;443000000;9.0835713064083507e+02;9.0835375976562500e+02;9.0835713064082756e+02;9.0835723876953125e+02;9.0835528564453125e+02;9.0835713064082302e+02;9.0836279296875000e+02
6;443000000;2.7553386431246645e+02;2.7553494262695312e+02;2.7553386431247333e+02;2.7553396606445312e+02;2.7553710937500000e+02;2.7553386431246190e+02;2.7553973388671875e+02
7;443000000;-6.5795880841854159e+02;-6.5795959472656250e+02;-6.5795880841855478e+02;-6.5795867919921875e+02;-6.5796618652343750e+02;-6.5795880841855796e+02;-6.5794848632812500e+02
8;443000000;-2.2697130061026096e+03;-2.2697172851562500e+03;-2.2697130061026146e+03;-2.2697128906250000e+03;-2.2697121582031250e+03;-2.2697130061026005e+03;-2.2697070312500000e+03
9;443000000;-2.6950020951705465e+03;-2.6949978027343750e+03;-2.6950020951705455e+03;-2.6950019531250000e+03;-2.6949963378906250e+03;-2.6950020951705446e+03;-2.6949992675781250e+03
0;445000000;1.8354822302415857e+03;1.8354761962890625e+03;1.8354822302415930e+03;1.8354824218750000e+03;1.8354792480468750e+03;1.8354822302415919e+03;1.8354854736328125e+03
1;445000000;1.7789569005554047e+03;1.7789619140625000e+03;1.7789569005554213e+03;1.7789570312500000e+03;1.7789609375000000e+03;1.7789569005554079e+03;1.7789616699218750e+03
2;445000000;2.1057385040708423e+03;2.1057377929687500e+03;2.1057385040708486e+03;2.1057385253906250e+03;2.1057321777343750e+03;2.1057385040708459e+03;2.1057429199218750e+03
3;445000000;8.2922678860794099e+02;8.2921997070312500e+02;8.2922678860795554e+02;8.2922686767578125e+02;8.2922290039062500e+02;8.2922678860794031e+02;8.2923205566406250e+02
4;445000000;2.2697660824667169e+03;2.2697634277343750e+03;2.2697660824667137e+03;2.2697661132812500e+03;2.2697646484375000e+03;2.2697660824666982e+03;2.2697705078125000e+03
5;445000000;1.0890152885080593e+03;1.0890184326171875e+03;1.0890152885080547e+03;1.0890153808593750e+03;1.0890139160156250e+03;1.0890152885080520e+03;1.0890190429687500e+03
6;445000000;3.0631974962148468e+02;3.0631988525390625e+02;3.0631974962147501e+02;3.0631985473632812e+02;3.0631823730468750e+02;3.0631974962146887e+02;3.0632531738281250e+02
7;445000000;-5.2251326119783670e+00;-5.2309761047363281e+00;-5.2251326119831845e+00;-5.2249994277954102e+00;-5.2335395812988281e+00;-5.2251326119976511e+00;-5.2182617187500000e+00
8;445000000;-2.7571252544008667e+03;-2.7571318359375000e+03;-2.7571252544008553e+03;-2.7571250000000000e+03;-2.7571237792968750e+03;-2.7571252544008521e+03;-2.7571188964843750e+03
9;445000000;-2.0895953938824123e+03;-2.0895895996093750e+03;-2.0895953938824109e+03;-2.0895952148437500e+03;-2.0895949707031250e+03;-2.0895953938824223e+03;-2.0895927734375000e+03
0;447000000;1.6075979037167008e+03;1.6076014404296875e+03;1.6075979037167144e+03;1.6075980224609375e+03;1.6076019287109375e+03;1.6075979037167031e+03;1.6075998535156250e+03
1;447000000;1.6364597915819547e+03;1.6364616699218750e+03;1.6364597915819511e+03;1.6364599609375000e+03;1.6364591064453125e+03;1.6364597915819436e+03;1.6364645996093750e+03
2;447000000;2.0381266971307914e+03;2.0381231689453125e+03;2.0381266971307912e+03;2.0381268310546875e+03;2.0381219482421875e+03;2.0381266971307853e+03;2.0381319580078125e+03
3;447000000;1.1731171823884204e+03;1.1731186523437500e+03;1.1731171823884085e+03;1.1731171875000000e+03;1.1731115722656250e+03;1.1731171823884083e+03;1.1731225585937500e+03
4;447000000;2.0675424677083502e+03;2.0675410156250000e+03;2.0675424677083456e+03;2.0675424804687500e+03;2.0675393066406250e+03;2.0675424677083338e+03;2.0675461425781250e+03
5;447000000;9.1348251952454200e+02;9.1347607421875000e+02;9.1348251952454518e+02;9.1348260498046875e+02;9.1348132324218750e+02;9.1348251952453757e+02;9.1348681640625000e+02
6;447000000;5.1870615913715301e+02;5.1870214843750000e+02;5.1870615913714892e+02;5.1870623779296875e+02;5.1870587158203125e+02;5.1870615913714346e+02;5.1871148681640625e+02
7;447000000;-1.0328286154148211e+02;-1.0328682708740234e+02;-1.0328286154147884e+02;-1.0328273773193359e+02;-1.0328099822998047e+02;-1.0328286154149009e+02;-1.0327441406250000e+02
8;447000000;-2.3240427658041654e+03;-2.3240439453125000e+03;-2.3240427658041713e+03;-2.3240424804687500e+03;-2.3240454101562500e+03;-2.3240427658041554e+03;-2.3240371093750000e+03
9;447000000;-1.9635278433138610e+03;-1.9635314941406250e+03;-1.9635278433138560e+03;-1.9635277099609375e+03;-1.9635266113281250e+03;-1.9635278433138683e+03;-1.9635260009765625e+03
0;449000000;1.7365618571133846e+03;1.7365638427734375e+03;1.7365618571133878e+03;1.7365620117187500e+03;1.7365653076171875e+03;1.7365618571133714e+03;1.7365654296875000e+03
1;449000000;1.6717183908034235e+03;1.6717160644531250e+03;1.6717183908034301e+03;1.6717185058593750e+03;1.6717106933593750e+03;1.6717183908034208e+03;1.6717233886718750e+03
2;449000000;1.8229051994542654e+03;1.8229030761718750e+03;1.8229051994542758e+03;1.8229052734375000e+03;1.8228999023437500e+03;1.8229051994542663e+03;1.8229097900390625e+03
3;449000000;1.2482008937228497e+03;1.2482023925781250e+03;1.2482008937228538e+03;1.2482009277343750e+03;1.2481984863281250e+03;1.2482008937228413e+03;1.2482060546875000e+03
4;449000000;1.1427479869965150e+03;1.1427508544921875e+03;1.1427479869965205e+03;1.1427480468750000e+03;1.1427507324218750e+03;1.1427479869965014e+03;1.1427513427734375e+03
5;449000000;1.9884440966090010e+03;1.9884438476562500e+03;1.9884440966090033e+03;1.9884442138671875e+03;1.9884415283203125e+03;1.9884440966089892e+03;1.9884482421875000e+03
6;449000000;7.7129376818937010e+02;7.7129174804687500e+02;7.7129376818935930e+02;7.7129388427734375e+02;7.7129718017578125e+02;7.7129376818936544e+02;7.7129937744140625e+02
7;449000000;-6.3230108226936761e+02;-6.3229492187500000e+02;-6.3230108226937853e+02;-6.3230096435546875e+02;-6.3229956054687500e+02;-6.3230108226938091e+02;-6.3229370117187500e+02
8;449000000;-1.8625358821905140e+03;-1.8625362548828125e+03;-1.8625358821905065e+03;-1.8625357666015625e+03;-1.8625369873046875e+03;-1.8625358821905065e+03;-1.8625302734375000e+03
9;449000000;-2.4670088085601742e+03;-2.4670034179687500e+03;-2.4670088085601687e+03;-2.4670085449218750e+03;-2.4670095214843750e+03;-2.4670088085601756e+03;-2.4670046386718750e+03
0;451000000;2.2541298796125529e+03;2.2541354980468750e+03;2.2541298796125593e+03;2.2541301269531250e+03;2.2541359863281250e+03;2.2541298796125466e+03;2.2541318359375000e+03
1;451000000;1.4789935378697198e+03;1.4789986572265625e+03;1.4789935378697132e+03;1.4789936523437500e+03;1.4789916992187500e+03;1.4789935378697066e+03;1.4789980468750000e+03
2;451000000;1.7511646879774910e+03;1.7511682128906250e+03;1.7511646879774894e+03;1.7511647949218750e+03;1.7511723632812500e+03;1.7511646879774883e+03;1.7511691894531250e+03
3;451000000;8.6735055897247389e+02;8.6735229492187500e+02;8.6735055897248265e+02;8.6735058593750000e+02;8.6734893798828125e+02;8.6735055897246184e+02;8.6735583496093750e+02
4;451000000;1.6584629823970106e+03;1.6584674072265625e+03;1.6584629823970010e+03;1.6584630126953125e+03;1.6584616699218750e+03;1.6584629823969974e+03;1.6584682617187500e+03
5;451000000;1.1236523213619253e+03;1.1236516113281250e+03;1.1236523213619273e+03;1.1236524658203125e+03;1.1236494140625000e+03;1.1236523213619271e+03;1.1236572265625000e+03
6;451000000;3.8538182115306654e+02;3.8538836669921875e+02;3.8538182115307347e+02;3.8538189697265625e+02;3.8537774658203125e+02;3.8538182115306245e+02;3.8538665771484375e+02
7;451000000;2.9252779085285297e+01;2.9247451782226562e+01;2.9252779085280849e+01;2.9252889633178711e+01;2.9255664825439453e+01;2.9252779085275961e+01;2.9261962890625000e+01
8;451000000;-1.7869744256686904e+03;-1.7869730224609375e+03;-1.7869744256686834e+03;-1.7869742431640625e+03;-1.7869753417968750e+03;-1.7869744256686931e+03;-1.7869677734375000e+03
9;451000000;-2.1125435928255692e+03;-2.1125434570312500e+03;-2.1125435928255592e+03;-2.1125434570312500e+03;-2.1125412597656250e+03;-2.1125435928255547e+03;-2.1125395507812500e+03
0;453000000;1.9882825298595715e+03;1.9882885742187500e+03;1.9882825298595674e+03;1.9882827148437500e+03;1.9882850341796875e+03;1.9882825298595544e+03;1.9882846679687500e+03
1;453000000;1.4261595642832121e+03;1.4261573486328125e+03;1.4261595642832128e+03;1.4261596679687500e+03;1.4261621093750000e+03;1.4261595642832135e+03;1.4261635742187500e+03
2;453000000;1.5659577656296497e+03;1.5659633789062500e+03;1.5659577656296478e+03;1.5659578857421875e+03;1.5659703369140625e+03;1.5659577656296403e+03;1.5659626464843750e+03
3;453000000;8.6970293369789897e+02;8.6970227050781250e+02;8.6970293369790329e+02;8.6970300292968750e+02;8.6970190429687500e+02;8.6970293369789442e+02;8.6970819091796875e+02
4;453000000;1.7894063397114633e+03;1.7894104003906250e+03;1.7894063397114694e+03;1.7894063720703125e+03;1.7894062500000000e+03;1.7894063397114605e+03;1.7894125976562500e+03
5;453000000;6.0346912405917033e+02;6.0346606445312500e+02;6.0346912405916680e+02;6.0346923828125000e+02;6.0346484375000000e+02;6.0346912405916305e+02;6.0347314453125000e+02
6;453000000;1.3131761763040156e+03;1.3131757812500000e+03;1.3131761763040113e+03;1.3131762695312500e+03;1.3131752929687500e+03;1.3131761763039970e+03;1.3131804199218750e+03
7;453000000;1.9280110384091557e+01;1.9282722473144531e+01;1.9280110384089717e+01;1.9280212402343750e+01;1.9279647827148438e+01;1.9280110384079308e+01;1.9287841796875000e+01
8;453000000;-2.2037828366744802e+03;-2.2037768554687500e+03;-2.2037828366744820e+03;-2.2037827148437500e+03;-2.2037739257812500e+03;-2.2037828366744852e+03;-2.2037763671875000e+03
9;453000000;-1.7012896897587891e+03;-1.7012795410156250e+03;-1.7012896897587857e+03;-1.7012895507812500e+03;-1.7012863769531250e+03;-1.7012896897588003e+03;-1.7012871093750000e+03
0;455000000;2.0597455286798918e+03;2.0597421875000000e+03;2.0597455286798836e+03;2.0597456054687500e+03;2.0597470703125000e+03;2.0597455286798790e+03;2.0597465820312500e+03
1;455000000;1.9694519945225950e+03;1.9694553222656250e+03;1.9694519945226059e+03;1.9694521484375000e+03;1.9694519042968750e+03;1.9694519945226041e+03;1.9694543457031250e+03
2;455000000;1.4857023164011753e+03;1.4857072753906250e+03;1.4857023164011812e+03;1.4857023925781250e+03;1.4857023925781250e+03;1.4857023164011675e+03;1.4857055664062500e+03
3;455000000;5.9916179590926845e+02;5.9915661621093750e+02;5.9916179590927163e+02;5.9916186523437500e+02;5.9916284179687500e+02;5.9916179590926004e+02;5.9916778564453125e+02
4;455000000;1.1302767421168744e+03;1.1302806396484375e+03;1.1302767421168769e+03;1.1302767333984375e+03;1.1302835693359375e+03;1.1302767421168589e+03;1.1302824707031250e+03
5;455000000;1.0485442552166862e+03;1.0485426025390625e+03;1.0485442552166842e+03;1.0485443115234375e+03;1.0485375976562500e+03;1.0485442552166805e+03;1.0485483398437500e+03
6;455000000;6.2828720138757217e+02;6.2829150390625000e+02;6.2828720138756353e+02;6.2828729248046875e+02;6.2829321289062500e+02;6.2828720138755034e+02;6.2829248046875000e+02
7;455000000;1.1824244655473370e+02;1.1824074554443359e+02;1.1824244655473237e+02;1.1824254608154297e+02;1.1823926544189453e+02;1.1824244655472239e+02;1.1825024414062500e+02
8;455000000;-2.0654841809242225e+03;-2.0654848632812500e+03;-2.0654841809242121e+03;-2.0654841308593750e+03;-2.0654799804687500e+03;-2.0654841809242234e+03;-2.0654772949218750e+03
9;455000000;-1.6886386283811396e+03;-1.6886387939453125e+03;-1.6886386283811335e+03;-1.6886384277343750e+03;-1.6886386718750000e+03;-1.6886386283811507e+03;-1.6886351318359375e+03
0;457000000;2.4713273969213142e+03;2.4713281250000000e+03;2.4713273969213064e+03;2.4713276367187500e+03;2.4713286132812500e+03;2.4713273969212878e+03;2.4713300781250000e+03
1;457000000;1.9588986335099810e+03;1.9588940429687500e+03;1.9588986335099842e+03;1.9588988037109375e+03;1.9588953857421875e+03;1.9588986335099780e+03;1.9589013671875000e+03
2;457000000;1.3007165863702385e+03;1.3007166748046875e+03;1.3007165863702344e+03;1.3007166748046875e+03;1.3007139892578125e+03;1.3007165863702292e+03;1.3007207031250000e+03
3;457000000;5.6372218153835991e+02;5.6372021484375000e+02;5.6372218153836343e+02;5.6372222900390625e+02;5.6371612548828125e+02;5.6372218153836047e+02;5.6372814941406250e+02
4;457000000;1.2682938391822236e+03;1.2682950439453125e+03;1.2682938391822299e+03;1.2682938232421875e+03;1.2682956542968750e+03;1.2682938391822252e+03;1.2682989501953125e+03
5;457000000;1.3156608799583075e+03;1.3156557617187500e+03;1.3156608799583048e+03;1.3156610107421875e+03;1.3156600341796875e+03;1.3156608799583000e+03;1.3156650390625000e+03
6;457000000;-4.7418617924495045e+01;-4.7419662475585938e+01;-4.7418617924498378e+01;-4.7418533325195312e+01;-4.7417663574218750e+01;-4.7418617924514365e+01;-4.7412658691406250e+01
7;457000000;5.0253145904028952e+02;5.0253427124023438e+02;5.0253145904028804e+02;5.0253155517578125e+02;5.0252493286132812e+02;5.0253145904028361e+02;5.0253906250000000e+02
8;457000000;-2.1125016696205657e+03;-2.1124997558593750e+03;-2.1125016696205530e+03;-2.1125014648437500e+03;-2.1125029296875000e+03;-2.1125016696205657e+03;-2.1124965820312500e+03
9;457000000;-2.2398794340802897e+03;-2.2398798828125000e+03;-2.2398794340802961e+03;-2.2398793945312500e+03;-2.2398769531250000e+03;-2.2398794340803038e+03;-2.2398747558593750e+03
0;459000000;2.2111276251020663e+03;2.2111259765625000e+03;2.2111276251020590e+03;2.2111276855468750e+03;2.2111223144531250e+03;2.2111276251020518e+03;2.2111301269531250e+03
1;459000000;2.0265790683878299e+03;2.0265805664062500e+03;2.0265790683878367e+03;2.0265792236328125e+03;2.0265797119140625e+03;2.0265790683878181e+03;2.0265839843750000e+03
2;459000000;1.9638486878291790e+03;1.9638544921875000e+03;1.9638486878291792e+03;1.9638487548828125e+03;1.9638507080078125e+03;1.9638486878291828e+03;1.9638525390625000e+03
3;459000000;5.5573439675342479e+02;5.5573510742187500e+02;5.5573439675342138e+02;5.5573443603515625e+02;5.5573315429687500e+02;5.5573439675341297e+02;5.5573876953125000e+02
4;459000000;1.4789117850796290e+03;1.4789239501953125e+03;1.4789117850796479e+03;1.4789118652343750e+03;1.4789177246093750e+03;1.4789117850796372e+03;1.4789172363281250e+03
5;459000000;5.9274646120454372e+02;5.9274505615234375e+02;5.9274646120454202e+02;5.9274652099609375e+02;5.9274609375000000e+02;5.9274646120453053e+02;5.9275195312500000e+02
6;459000000;6.4127831397576813e+02;6.4127233886718750e+02;6.4127831397576836e+02;6.4127838134765625e+02;6.4127398681640625e+02;6.4127831397574982e+02;6.4128411865234375e+02
7;459000000;1.0494781749341988e+02;1.0494913482666016e+02;1.0494781749341237e+02;1.0494792175292969e+02;1.0494731140136719e+02;1.0494781749339836e+02;1.0495629882812500e+02
8;459000000;-1.8317802268600678e+03;-1.8317846679687500e+03;-1.8317802268600808e+03;-1.8317801513671875e+03;-1.8317774658203125e+03;-1.8317802268600701e+03;-1.8317746582031250e+03
9;459000000;-1.9965606596080650e+03;-1.9965587158203125e+03;-1.9965606596080734e+03;-1.9965605468750000e+03;-1.9965550537109375e+03;-1.9965606596080643e+03;-1.9965581054687500e+03
0;461000000;2.2846608626841639e+03;2.2846618652343750e+03;2.2846608626841621e+03;2.2846611328125000e+03;2.2846621093750000e+03;2.2846608626841476e+03;2.2846630859375000e+03
1;461000000;2.3083669201619568e+03;2.3083747558593750e+03;2.3083669201619591e+03;2.3083671875000000e+03;2.3083654785156250e+03;2.3083669201619459e+03;2.3083725585937500e+03
2;461000000;1.7124804986871668e+03;1.7124831542968750e+03;1.7124804986871595e+03;1.7124805908203125e+03;1.7124819335937500e+03;1.7124804986871491e+03;1.7124836425781250e+03
3;461000000;1.6043631275007840e+02;1.6043777465820312e+02;1.6043631275007053e+02;1.6043635559082031e+02;1.6043867492675781e+02;1.6043631275006101e+02;1.6043884277343750e+02
4;461000000;1.1042446915168300e+03;1.1042558593750000e+03;1.1042446915168211e+03;1.1042447509765625e+03;1.1042534179687500e+03;1.1042446915168118e+03;1.1042493896484375e+03
5;461000000;5.5735408221523357e+02;5.5735290527343750e+02;5.5735408221522960e+02;5.5735412597656250e+02;5.5735400390625000e+02;5.5735408221522630e+02;5.5735791015625000e+02
6;461000000;9.9388044973017429e+02;9.9388012695312500e+02;9.9388044973017998e+02;9.9388055419921875e+02;9.9388104248046875e+02;9.9388044973015781e+02;9.9388726806640625e+02
7;461000000;-4.1162483747879963e+02;-4.1162765502929688e+02;-4.1162483747880390e+02;-4.1162475585937500e+02;-4.1162301635742188e+02;-4.1162483747882447e+02;-4.1161621093750000e+02
8;461000000;-1.2865281581675338e+03;-1.2865314941406250e+03;-1.2865281581675288e+03;-1.2865280761718750e+03;-1.2865346679687500e+03;-1.2865281581675270e+03;-1.2865241699218750e+03
9;461000000;-1.9747523223351250e+03;-1.9747564697265625e+03;-1.9747523223351257e+03;-1.9747521972656250e+03;-1.9747558593750000e+03;-1.9747523223351127e+03;-1.9747484130859375e+03
0;463000000;2.7865118642609023e+03;2.7865119628906250e+03;2.7865118642609068e+03;2.7865119628906250e+03;2.7865126953125000e+03;2.7865118642608877e+03;2.7865139160156250e+03
1;463000000;1.9688302910990528e+03;1.9688294677734375e+03;1.9688302910990531e+03;1.9688304443359375e+03;1.9688269042968750e+03;1.9688302910990392e+03;1.9688344726562500e+03
2;463000000;2.0007422221253173e+03;2.0007460937500000e+03;2.0007422221253253e+03;2.0007423095703125e+03;2.0007468261718750e+03;2.0007422221253023e+03;2.0007459716796875e+03
3;463000000;5.5643163880572638e+02;5.5642779541015625e+02;5.5643163880572240e+02;5.5643170166015625e+02;5.5642730712890625e+02;5.5643163880570773e+02;5.5643579101562500e+02
4;463000000;1.0695897112571697e+03;1.0695887451171875e+03;1.0695897112571788e+03;1.0695897216796875e+03;1.0695891113281250e+03;1.0695897112571733e+03;1.0695938720703125e+03
5;463000000;9.9461537242901318e+02;9.9460980224609375e+02;9.9461537242900749e+02;9.9461547851562500e+02;9.9461553955078125e+02;9.9461537242900499e+02;9.9461865234375000e+02
6;463000000;8.8832661520763168e+00;8.8805313110351562e+00;8.8832661520701492e+00;8.8833332061767578e+00;8.8738021850585938e+00;8.8832661520550573e+00;8.8901367187500000e+00
7;463000000;1.3389584549618985e+02;1.3389581298828125e+02;1.3389584549618723e+02;1.3389595031738281e+02;1.3389382934570312e+02;1.3389584549616984e+02;1.3390405273437500e+02
8;463000000;-1.9539012260488873e+03;-1.9538940429687500e+03;-1.9539012260488767e+03;-1.9539011230468750e+03;-1.9538967285156250e+03;-1.9539012260488853e+03;-1.9538934326171875e+03
9;463000000;-1.8185840426939023e+03;-1.8185898437500000e+03;-1.8185840426938985e+03;-1.8185839843750000e+03;-1.8185865478515625e+03;-1.8185840426938844e+03;-1.8185800781250000e+03
0;465000000;3.0797238499799250e+03;3.0797260742187500e+03;3.0797238499799219e+03;3.0797241210937500e+03;3.0797275390625000e+03;3.0797238499799073e+03;3.0797268066406250e+03
1;465000000;1.8401956832559792e+03;1.8401988525390625e+03;1.8401956832559792e+03;1.8401959228515625e+03;1.8401990966796875e+03;1.8401956832559749e+03;1.8402004394531250e+03
2;465000000;2.1958394071463772e+03;2.1958415527343750e+03;2.1958394071463872e+03;2.1958395996093750e+03;2.1958398437500000e+03;2.1958394071463727e+03;2.1958442382812500e+03
3;465000000;6.4250894799422383e+02;6.4251013183593750e+02;6.4250894799421849e+02;6.4250903320312500e+02;6.4250909423828125e+02;6.4250894799421167e+02;6.4251269531250000e+02
4;465000000;7.4507241473130421e+02;7.4507250976562500e+02;7.4507241473131569e+02;7.4507244873046875e+02;7.4507446289062500e+02;7.4507241473130512e+02;7.4507812500000000e+02
5;465000000;4.0882356375235076e+02;4.0881842041015625e+02;4.0882356375235474e+02;4.0882363891601562e+02;4.0882080078125000e+02;4.0882356375234485e+02;4.0882617187500000e+02
6;465000000;2.4766748087171311e+02;2.4766616821289062e+02;2.4766748087172050e+02;2.4766755676269531e+02;2.4766137695312500e+02;2.4766748087169526e+02;2.4767443847656250e+02
7;465000000;2.8143693203739861e+02;2.8143176269531250e+02;2.8143693203739110e+02;2.8143704223632812e+02;2.8143951416015625e+02;2.8143693203737394e+02;2.8144409179687500e+02
8;465000000;-2.2058005521745931e+03;-2.2057963867187500e+03;-2.2058005521745913e+03;-2.2058005371093750e+03;-2.2057946777343750e+03;-2.2058005521746013e+03;-2.2057951660156250e+03
9;465000000;-1.0084635127021814e+03;-1.0084680786132812e+03;-1.0084635127021822e+03;-1.0084633789062500e+03;-1.0084644165039062e+03;-1.0084635127021731e+03;-1.0084605712890625e+03
0;467000000;3.1320574643339578e+03;3.1320637207031250e+03;3.1320574643339605e+03;3.1320576171875000e+03;3.1320605468750000e+03;3.1320574643339323e+03;3.1320590820312500e+03
1;467000000;2.8984603811250445e+03;2.8984645996093750e+03;2.8984603811250367e+03;2.8984604492187500e+03;2.8984650878906250e+03;2.8984603811250372e+03;2.8984643554687500e+03
2;467000000;2.0276349968941965e+03;2.0276368408203125e+03;2.0276349968942054e+03;2.0276351318359375e+03;2.0276402587890625e+03;2.0276349968941931e+03;2.0276391601562500e+03
3;467000000;8.5055469850593875e+02;8.5055084228515625e+02;8.5055469850594352e+02;8.5055474853515625e+02;8.5055383300781250e+02;8.5055469850592681e+02;8.5055749511718750e+02
4;467000000;9.0178686751203088e+02;9.0178369140625000e+02;9.0178686751204145e+02;9.0178692626953125e+02;9.0179022216796875e+02;9.0178686751200939e+02;9.0179174804687500e+02
5;467000000;3.2093194324965748e+02;3.2092675781250000e+02;3.2093194324964901e+02;3.2093203735351562e+02;3.2093109130859375e+02;3.2093194324963952e+02;3.2093652343750000e+02
6;467000000;5.2995995980674365e+02;5.2996160888671875e+02;5.2995995980674195e+02;5.2996008300781250e+02;5.2996411132812500e+02;5.2995995980673024e+02;5.2996661376953125e+02
7;467000000;-2.8454760955327242e+02;-2.8454653930664062e+02;-2.8454760955327049e+02;-2.8454751586914062e+02;-2.8454751586914062e+02;-2.8454760955328652e+02;-2.8454028320312500e+02
8;467000000;-1.9135440316097536e+03;-1.9135327148437500e+03;-1.9135440316097454e+03;-1.9135439453125000e+03;-1.9135286865234375e+03;-1.9135440316097513e+03;-1.9135386962890625e+03
9;467000000;-2.0029744144661870e+03;-2.0029766845703125e+03;-2.0029744144661806e+03;-2.0029743652343750e+03;-2.0029764404296875e+03;-2.0029744144661909e+03;-2.0029707031250000e+03
0;469000000;3.0516095259573599e+03;3.0516093750000000e+03;3.0516095259573594e+03;3.0516096191406250e+03;3.0516054687500000e+03;3.0516095259573322e+03;3.0516110839843750e+03
1;469000000;2.8775320791984404e+03;2.8775319824218750e+03;2.8775320791984341e+03;2.8775322265625000e+03;2.8775305175781250e+03;2.8775320791984282e+03;2.8775361328125000e+03
2;469000000;2.1414582365633687e+03;2.1414592285156250e+03;2.1414582365633637e+03;2.1414584960937500e+03;2.1414604492187500e+03;2.1414582365633532e+03;2.1414614257812500e+03
3;469000000;9.2805067713338212e+02;9.2805187988281250e+02;9.2805067713338667e+02;9.2805072021484375e+02;9.2804986572265625e+02;9.2805067713336712e+02;9.2805505371093750e+02
4;469000000;1.1876050101531309e+03;1.1876083984375000e+03;1.1876050101531348e+03;1.1876051025390625e+03;1.1876127929687500e+03;1.1876050101531162e+03;1.1876082763671875e+03
5;469000000;1.0515167968659495e+02;1.0514701843261719e+02;1.0515167968659149e+02;1.0515175628662109e+02;1.0515155029296875e+02;1.0515167968658602e+02;1.0515332031250000e+02
6;469000000;9.5812634318685582e+01;9.5814636230468750e+01;9.5812634318688623e+01;9.5812713623046875e+01;9.5815811157226562e+01;9.5812634318678647e+01;9.5819335937500000e+01
7;469000000;-4.5224869479193825e+02;-4.5224276733398438e+02;-4.5224869479193245e+02;-4.5224859619140625e+02;-4.5224407958984375e+02;-4.5224869479195058e+02;-4.5224096679687500e+02
8;469000000;-1.5232045681852808e+03;-1.5231962890625000e+03;-1.5232045681852778e+03;-1.5232044677734375e+03;-1.5231898193359375e+03;-1.5232045681852853e+03;-1.5232000732421875e+03
9;469000000;-1.8182129413590396e+03;-1.8182125244140625e+03;-1.8182129413590319e+03;-1.8182128906250000e+03;-1.8182187500000000e+03;-1.8182129413590328e+03;-1.8182093505859375e+03
0;471000000;2.9034127124654369e+03;2.9034121093750000e+03;2.9034127124654369e+03;2.9034128417968750e+03;2.9034130859375000e+03;2.9034127124654192e+03;2.9034155273437500e+03
1;471000000;2.8764374289016087e+03;2.8764372558593750e+03;2.8764374289016082e+03;2.8764377441406250e+03;2.8764333496093750e+03;2.8764374289016032e+03;2.8764418945312500e+03
2;471000000;2.6664818567402731e+03;2.6664807128906250e+03;2.6664818567402690e+03;2.6664819335937500e+03;2.6664790039062500e+03;2.6664818567402599e+03;2.6664853515625000e+03
3;471000000;8.7822990414098854e+02;8.7822918701171875e+02;8.7822990414098808e+02;8.7822998046875000e+02;8.7822967529296875e+02;8.7822990414097376e+02;8.7823425292968750e+02
4;471000000;8.4070971535908666e+02;8.4071099853515625e+02;8.4070971535910280e+02;8.4070977783203125e+02;8.4070989990234375e+02;8.4070971535907643e+02;8.4071289062500000e+02
5;471000000;4.7187577062543733e+02;4.7187872314453125e+02;4.7187577062542618e+02;4.7187585449218750e+02;4.7187280273437500e+02;4.7187577062542800e+02;4.7187890625000000e+02
6;471000000;8.5022120144353934e+01;8.5019653320312500e+01;8.5022120144351575e+01;8.5022193908691406e+01;8.5018997192382812e+01;8.5022120144342580e+01;8.5029296875000000e+01
7;471000000;-2.3983521221498381e+02;-2.3983776855468750e+02;-2.3983521221497520e+02;-2.3983509826660156e+02;-2.3983917236328125e+02;-2.3983521221499063e+02;-2.3982885742187500e+02
8;471000000;-2.2595398667659929e+03;-2.2595402832031250e+03;-2.2595398667659929e+03;-2.2595397949218750e+03;-2.2595385742187500e+03;-2.2595398667659883e+03;-2.2595327148437500e+03
9;471000000;-1.8615756326570552e+03;-1.8615832519531250e+03;-1.8615756326570670e+03;-1.8615755615234375e+03;-1.8615852050781250e+03;-1.8615756326570638e+03;-1.8615733642578125e+03
0;473000000;3.1744519314847121e+03;3.1744521484375000e+03;3.1744519314847189e+03;3.1744521484375000e+03;3.1744543457031250e+03;3.1744519314846921e+03;3.1744545898437500e+03
1;473000000;2.7484084589646918e+03;2.7484042968750000e+03;2.7484084589646918e+03;2.7484086914062500e+03;2.7484106445312500e+03;2.7484084589646795e+03;2.7484145507812500e+03
2;473000000;2.9431703641785957e+03;2.9431743164062500e+03;2.9431703641785948e+03;2.9431704101562500e+03;2.9431718750000000e+03;2.9431703641785898e+03;2.9431743164062500e+03
3;473000000;1.4013380446665742e+03;1.4013389892578125e+03;1.4013380446665806e+03;1.4013381347656250e+03;1.4013393554687500e+03;1.4013380446665674e+03;1.4013439941406250e+03
4;473000000;1.5243970945503729e+03;1.5244028320312500e+03;1.5243970945503752e+03;1.5243972167968750e+03;1.5243957519531250e+03;1.5243970945503706e+03;1.5244008789062500e+03
5;473000000;6.1848221865471635e+02;6.1848382568359375e+02;6.1848221865472340e+02;6.1848229980468750e+02;6.1848181152343750e+02;6.1848221865471191e+02;6.1848339843750000e+02
6;473000000;4.8172740448138313e+01;4.8173484802246094e+01;4.8172740448134668e+01;4.8172809600830078e+01;4.8173042297363281e+01;4.8172740448128934e+01;4.8178588867187500e+01
7;473000000;-5.4400961994515558e+02;-5.4401721191406250e+02;-5.4400961994516638e+02;-5.4400952148437500e+02;-5.4401806640625000e+02;-5.4400961994517320e+02;-5.4400146484375000e+02
8;473000000;-2.3611666485721307e+03;-2.3611638183593750e+03;-2.3611666485721398e+03;-2.3611665039062500e+03;-2.3611655273437500e+03;-2.3611666485721298e+03;-2.3611621093750000e+03
9;473000000;-1.5655554553573843e+03;-1.5655572509765625e+03;-1.5655554553573729e+03;-1.5655552978515625e+03;-1.5655610351562500e+03;-1.5655554553573645e+03;-1.5655526123046875e+03
0;475000000;3.5049988635962004e+03;3.5049973144531250e+03;3.5049988635962009e+03;3.5049990234375000e+03;3.5049960937500000e+03;3.5049988635961777e+03;3.5050012207031250e+03
1;475000000;3.0520373593287154e+03;3.0520400390625000e+03;3.0520373593287231e+03;3.0520375976562500e+03;3.0520439453125000e+03;3.0520373593287090e+03;3.0520405273437500e+03
2;475000000;2.7400950599311086e+03;2.7400952148437500e+03;2.7400950599311177e+03;2.7400952148437500e+03;2.7400947265625000e+03;2.7400950599310963e+03;2.7400976562500000e+03
3;475000000;1.4822106590921483e+03;1.4822148437500000e+03;1.4822106590921478e+03;1.4822106933593750e+03;1.4822145996093750e+03;1.4822106590921312e+03;1.4822139892578125e+03
4;475000000;1.5920044277871609e+03;1.5920048828125000e+03;1.5920044277871627e+03;1.5920045166015625e+03;1.5920081787109375e+03;1.5920044277871466e+03;1.5920078125000000e+03
5;475000000;4.1063775158734495e+02;4.1064044189453125e+02;4.1063775158733262e+02;4.1063784790039062e+02;4.1063616943359375e+02;4.1063775158732369e+02;4.1064062500000000e+02
6;475000000;1.5308789506959158e+02;1.5309124755859375e+02;1.5308789506958055e+02;1.5308798217773438e+02;1.5309634399414062e+02;1.5308789506956805e+02;1.5309307861328125e+02
7;475000000;-3.0377433342619537e+02;-3.0377624511718750e+02;-3.0377433342620310e+02;-3.0377423095703125e+02;-3.0377191162109375e+02;-3.0377433342621498e+02;-3.0376806640625000e+02
8;475000000;-2.1391355081915940e+03;-2.1391364746093750e+03;-2.1391355081915817e+03;-2.1391352539062500e+03;-2.1391320800781250e+03;-2.1391355081915990e+03;-2.1391311035156250e+03
9;475000000;-2.1564915962838891e+03;-2.1564882812500000e+03;-2.1564915962838832e+03;-2.1564914550781250e+03;-2.1564919433593750e+03;-2.1564915962838804e+03;-2.1564885253906250e+03
0;477000000;2.9792786951100761e+03;2.9792795410156250e+03;2.9792786951100697e+03;2.9792788085937500e+03;2.9792792968750000e+03;2.9792786951100538e+03;2.9792792968750000e+03
1;477000000;3.2836153777110358e+03;3.2836157226562500e+03;3.2836153777110271e+03;3.2836154785156250e+03;3.2836147460937500e+03;3.2836153777110198e+03;3.2836220703125000e+03
2;477000000;2.7646673139064342e+03;2.7646689453125000e+03;2.7646673139064437e+03;2.7646674804687500e+03;2.7646677246093750e+03;2.7646673139064196e+03;2.7646708984375000e+03
3;477000000;1.7246179227647135e+03;1.7246210937500000e+03;1.7246179227647146e+03;1.7246180419921875e+03;1.7246232910156250e+03;1.7246179227646981e+03;1.7246225585937500e+03
4;477000000;1.7622016653711109e+03;1.7622019042968750e+03;1.7622016653711046e+03;1.7622017822265625e+03;1.7622011718750000e+03;1.7622016653710837e+03;1.7622071533203125e+03
5;477000000;1.0211109570284885e+03;1.0211097412109375e+03;1.0211109570284937e+03;1.0211110839843750e+03;1.0211145629882812e+03;1.0211109570284802e+03;1.0211147460937500e+03
6;477000000;2.1265161314770927e+02;2.1265443420410156e+02;2.1265161314772328e+02;2.1265168762207031e+02;2.1266003417968750e+02;2.1265161314769693e+02;2.1265673828125000e+02
7;477000000;-1.4783725951070218e+02;-1.4783767700195312e+02;-1.4783725951071031e+02;-1.4783717346191406e+02;-1.4783555603027344e+02;-1.4783725951073484e+02;-1.4783007812500000e+02
8;477000000;-2.3823646556994267e+03;-2.3823740234375000e+03;-2.3823646556994290e+03;-2.3823645019531250e+03;-2.3823701171875000e+03;-2.3823646556994408e+03;-2.3823581542968750e+03
9;477000000;-2.2079310544786608e+03;-2.2079296875000000e+03;-2.2079310544786599e+03;-2.2079309082031250e+03;-2.2079338378906250e+03;-2.2079310544786595e+03;-2.2079277343750000e+03
0;479000000;2.7409391953673671e+03;2.7409404296875000e+03;2.7409391953673744e+03;2.7409394531250000e+03;2.7409409179687500e+03;2.7409391953673530e+03;2.7409404296875000e+03
1;479000000;3.1490334953730012e+03;3.1490339355468750e+03;3.1490334953729939e+03;3.1490336914062500e+03;3.1490375976562500e+03;3.1490334953729903e+03;3.1490417480468750e+03
2;479000000;3.2819187673454949e+03;3.2819204101562500e+03;3.2819187673454981e+03;3.2819189453125000e+03;3.2819230957031250e+03;3.2819187673454844e+03;3.2819213867187500e+03
3;479000000;1.5555226634108274e+03;1.5555269775390625e+03;1.5555226634108326e+03;1.5555228271484375e+03;1.5555242919921875e+03;1.5555226634108185e+03;1.5555268554687500e+03
4;479000000;2.0407138743495052e+03;2.0407149658203125e+03;2.0407138743495191e+03;2.0407139892578125e+03;2.0407126464843750e+03;2.0407138743494959e+03;2.0407193603515625e+03
5;479000000;1.1285446753591466e+03;1.1285415039062500e+03;1.1285446753591546e+03;1.1285447998046875e+03;1.1285418701171875e+03;1.1285446753591418e+03;1.1285473632812500e+03
6;479000000;3.1426726434219114e+02;3.1427172851562500e+02;3.1426726434219074e+02;3.1426733398437500e+02;3.1427416992187500e+02;3.1426726434217017e+02;3.1427246093750000e+02
7;479000000;-2.0001310572912226e+02;-2.0001432800292969e+02;-2.0001310572911336e+02;-2.0001300048828125e+02;-2.0001101684570312e+02;-2.0001310572914963e+02;-2.0000561523437500e+02
8;479000000;-2.3343486477260794e+03;-2.3343508300781250e+03;-2.3343486477260808e+03;-2.3343486328125000e+03;-2.3343583984375000e+03;-2.3343486477260662e+03;-2.3343427734375000e+03
9;479000000;-2.2420000318721700e+03;-2.2420083007812500e+03;-2.2420000318721777e+03;-2.2420000000000000e+03;-2.2420056152343750e+03;-2.2420000318721468e+03;-2.2419980468750000e+03
0;481000000;2.6134481770445273e+03;2.6134467773437500e+03;2.6134481770445273e+03;2.6134484863281250e+03;2.6134497070312500e+03;2.6134481770445063e+03;2.6134511718750000e+03
1;481000000;2.6201234120851927e+03;2.6201237792968750e+03;2.6201234120851914e+03;2.6201235351562500e+03;2.6201245117187500e+03;2.6201234120851855e+03;2.6201284179687500e+03
2;481000000;3.5822218818656625e+03;3.5822194824218750e+03;3.5822218818656684e+03;3.5822221679687500e+03;3.5822170410156250e+03;3.5822218818656529e+03;3.5822260742187500e+03
3;481000000;1.6747669101209322e+03;1.6747690429687500e+03;1.6747669101209328e+03;1.6747670898437500e+03;1.6747675781250000e+03;1.6747669101209158e+03;1.6747718505859375e+03
4;481000000;2.2958250152680321e+03;2.2958215332031250e+03;2.2958250152680462e+03;2.2958251953125000e+03;2.2958193359375000e+03;2.2958250152680171e+03;2.2958298339843750e+03
5;481000000;1.3092019214206725e+03;1.3091975097656250e+03;1.3092019214206691e+03;1.3092020263671875e+03;1.3091968994140625e+03;1.3092019214206607e+03;1.3092060546875000e+03
6;481000000;6.7234127379633333e+02;6.7233923339843750e+02;6.7234127379633946e+02;6.7234136962890625e+02;6.7234295654296875e+02;6.7234127379631809e+02;6.7234753417968750e+02
7;481000000;3.4687084945100018e+01;3.4679477691650391e+01;3.4687084945098491e+01;3.4687179565429688e+01;3.4683498382568359e+01;3.4687084945075640e+01;3.4693847656250000e+01
8;481000000;-1.8970019000878501e+03;-1.8970024414062500e+03;-1.8970019000878492e+03;-1.8970018310546875e+03;-1.8969997558593750e+03;-1.8970019000878560e+03;-1.8969980468750000e+03
9;481000000;-2.4259910904616204e+03;-2.4260039062500000e+03;-2.4259910904616172e+03;-2.4259909667968750e+03;-2.4260000000000000e+03;-2.4259910904616263e+03;-2.4259902343750000e+03
0;483000000;2.8880304336044064e+03;2.8880288085937500e+03;2.8880304336044051e+03;2.8880307617187500e+03;2.8880307617187500e+03;2.8880304336043846e+03;2.8880327148437500e+03
1;483000000;2.8033675336628608e+03;2.8033693847656250e+03;2.8033675336628630e+03;2.8033676757812500e+03;2.8033688964843750e+03;2.8033675336628544e+03;2.8033718261718750e+03
2;483000000;3.0527802291741914e+03;3.0527841796875000e+03;3.0527802291741973e+03;3.0527805175781250e+03;3.0527797851562500e+03;3.0527802291741750e+03;3.0527841796875000e+03
3;483000000;1.8972693394752109e+03;1.8972692871093750e+03;1.8972693394752116e+03;1.8972694091796875e+03;1.8972708740234375e+03;1.8972693394751855e+03;1.8972717285156250e+03
4;483000000;2.0750410483277901e+03;2.0750351562500000e+03;2.0750410483277874e+03;2.0750412597656250e+03;2.0750356445312500e+03;2.0750410483277819e+03;2.0750451660156250e+03
5;483000000;1.6518014624710634e+03;1.6518009033203125e+03;1.6518014624710504e+03;1.6518016357421875e+03;1.6518027343750000e+03;1.6518014624710488e+03;1.6518056640625000e+03
6;483000000;9.1780631631082247e+02;9.1780700683593750e+02;9.1780631631082213e+02;9.1780645751953125e+02;9.1780889892578125e+02;9.1780631631080632e+02;9.1780926513671875e+02
7;483000000;8.5894423337665415e-01;8.4901809692382812e-01;8.5894423337465753e-01;8.5904347896575928e-01;8.5200500488281250e-01;8.5894423336185355e-01;8.6645507812500000e-01
8;483000000;-2.0673137209545430e+03;-2.0673183593750000e+03;-2.0673137209545471e+03;-2.0673134765625000e+03;-2.0673166503906250e+03;-2.0673137209545566e+03;-2.0673100585937500e+03
9;483000000;-2.4114221090467800e+03;-2.4114213867187500e+03;-2.4114221090467790e+03;-2.4114221191406250e+03;-2.4114240722656250e+03;-2.4114221090467904e+03;-2.4114189453125000e+03
0;485000000;2.2563951814942534e+03;2.2563959960937500e+03;2.2563951814942561e+03;2.2563952636718750e+03;2.2563906250000000e+03;2.2563951814942329e+03;2.2563959960937500e+03
1;485000000;2.1836945908362186e+03;2.1836928710937500e+03;2.1836945908362068e+03;2.1836948242187500e+03;2.1836918945312500e+03;2.1836945908361977e+03;2.1836989746093750e+03
2;485000000;2.9926599544176352e+03;2.9926601562500000e+03;2.9926599544176329e+03;2.9926601562500000e+03;2.9926586914062500e+03;2.9926599544176179e+03;2.9926645507812500e+03
3;485000000;2.4447487776012877e+03;2.4447485351562500e+03;2.4447487776012858e+03;2.4447487792968750e+03;2.4447514648437500e+03;2.4447487776012681e+03;2.4447529296875000e+03
4;485000000;1.9323717974264607e+03;1.9323715820312500e+03;1.9323717974264696e+03;1.9323719482421875e+03;1.9323756103515625e+03;1.9323717974264475e+03;1.9323757324218750e+03
5;485000000;1.8041849233157559e+03;1.8041890869140625e+03;1.8041849233157479e+03;1.8041850585937500e+03;1.8041862792968750e+03;1.8041849233157388e+03;1.8041899414062500e+03
6;485000000;1.1151826839141374e+03;1.1151800537109375e+03;1.1151826839141388e+03;1.1151828613281250e+03;1.1151860351562500e+03;1.1151826839141249e+03;1.1151887207031250e+03
7;485000000;1.4306338596818080e+02;1.4306547546386719e+02;1.4306338596817935e+02;1.4306350708007812e+02;1.4306372070312500e+02;1.4306338596816249e+02;1.4307080078125000e+02
8;485000000;-1.9255687269578723e+03;-1.9255662841796875e+03;-1.9255687269578743e+03;-1.9255686035156250e+03;-1.9255749511718750e+03;-1.9255687269578814e+03;-1.9255642089843750e+03
9;485000000;-1.8968919110004929e+03;-1.8968913574218750e+03;-1.8968919110004799e+03;-1.8968918457031250e+03;-1.8968903808593750e+03;-1.8968919110004952e+03;-1.8968905029296875e+03
0;487000000;2.0952537965299807e+03;2.0952551269531250e+03;2.0952537965299825e+03;2.0952539062500000e+03;2.0952502441406250e+03;2.0952537965299589e+03;2.0952558593750000e+03
1;487000000;2.5278405432497566e+03;2.5278398437500000e+03;2.5278405432497648e+03;2.5278408203125000e+03;2.5278420410156250e+03;2.5278405432497516e+03;2.5278422851562500e+03
2;487000000;2.8404281622746280e+03;2.8404299316406250e+03;2.8404281622746389e+03;2.8404282226562500e+03;2.8404270019531250e+03;2.8404281622746184e+03;2.8404301757812500e+03
3;487000000;2.0182671480116587e+03;2.0182728271484375e+03;2.0182671480116562e+03;2.0182672119140625e+03;2.0182664794921875e+03;2.0182671480116387e+03;2.0182724609375000e+03
4;487000000;2.3371600913846842e+03;2.3371579589843750e+03;2.3371600913846833e+03;2.3371601562500000e+03;2.3371574707031250e+03;2.3371600913846673e+03;2.3371655273437500e+03
5;487000000;1.8001478798777739e+03;1.8001485595703125e+03;1.8001478798777689e+03;1.8001480712890625e+03;1.8001492919921875e+03;1.8001478798777559e+03;1.8001513671875000e+03
6;487000000;1.3920022969515323e+03;1.3920002441406250e+03;1.3920022969515348e+03;1.3920024414062500e+03;1.3920018310546875e+03;1.3920022969515187e+03;1.3920065917968750e+03
7;487000000;3.5127600080080504e+02;3.5127203369140625e+02;3.5127600080080333e+02;3.5127612304687500e+02;3.5127520751953125e+02;3.5127600080078673e+02;3.5128417968750000e+02
8;487000000;-1.6134435553028588e+03;-1.6134449462890625e+03;-1.6134435553028570e+03;-1.6134434814453125e+03;-1.6134431152343750e+03;-1.6134435553028688e+03;-1.6134395751953125e+03
9;487000000;-1.7562811825663100e+03;-1.7562781982421875e+03;-1.7562811825663084e+03;-1.7562811279296875e+03;-1.7562855224609375e+03;-1.7562811825663143e+03;-1.7562790527343750e+03
0;489000000;1.8656318259686332e+03;1.8656323242187500e+03;1.8656318259686370e+03;1.8656319580078125e+03;1.8656300048828125e+03;1.8656318259686159e+03;1.8656328125000000e+03
1;489000000;2.2754396343587655e+03;2.2754416503906250e+03;2.2754396343587714e+03;2.2754396972656250e+03;2.2754394531250000e+03;2.2754396343587614e+03;2.2754448242187500e+03
2;489000000;2.3918938966991000e+03;2.3918967285156250e+03;2.3918938966990968e+03;2.3918940429687500e+03;2.3918981933593750e+03;2.3918938966990781e+03;2.3918979492187500e+03
3;489000000;1.7602822039110824e+03;1.7602821044921875e+03;1.7602822039110836e+03;1.7602823486328125e+03;1.7602753906250000e+03;1.7602822039110683e+03;1.7602866210937500e+03
4;489000000;2.7945293496807180e+03;2.7945278320312500e+03;2.7945293496807139e+03;2.7945295410156250e+03;2.7945288085937500e+03;2.7945293496806953e+03;2.7945344238281250e+03
5;489000000;1.1032709215357881e+03;1.1032653808593750e+03;1.1032709215357982e+03;1.1032711181640625e+03;1.1032708740234375e+03;1.1032709215357704e+03;1.1032758789062500e+03
6;489000000;1.4975726415619110e+03;1.4975770263671875e+03;1.4975726415619160e+03;1.4975727539062500e+03;1.4975708007812500e+03;1.4975726415619015e+03;1.4975784912109375e+03
7;489000000;5.3237299936858676e+02;5.3237286376953125e+02;5.3237299936857312e+02;5.3237310791015625e+02;5.3237548828125000e+02;5.3237299936856789e+02;5.3238110351562500e+02
8;489000000;-1.9763602255146873e+03;-1.9763553466796875e+03;-1.9763602255146830e+03;-1.9763601074218750e+03;-1.9763615722656250e+03;-1.9763602255146775e+03;-1.9763569335937500e+03
9;489000000;-1.7078293693741571e+03;-1.7078247070312500e+03;-1.7078293693741632e+03;-1.7078292236328125e+03;-1.7078204345703125e+03;-1.7078293693741634e+03;-1.7078305664062500e+03
0;491000000;1.3161868132357092e+03;1.3161838378906250e+03;1.3161868132357145e+03;1.3161870117187500e+03;1.3161876220703125e+03;1.3161868132357049e+03;1.3161901855468750e+03
1;491000000;2.1112967604832820e+03;2.1112954101562500e+03;2.1112967604832820e+03;2.1112968750000000e+03;2.1112978515625000e+03;2.1112967604832693e+03;2.1112993164062500e+03
2;491000000;2.5813693485458757e+03;2.5813688964843750e+03;2.5813693485458775e+03;2.5813696289062500e+03;2.5813718261718750e+03;2.5813693485458643e+03;2.5813715820312500e+03
3;491000000;1.9150316831223761e+03;1.9150277099609375e+03;1.9150316831223793e+03;1.9150317382812500e+03;1.9150247802734375e+03;1.9150316831223513e+03;1.9150373535156250e+03
4;491000000;2.3092898977119280e+03;2.3092834472656250e+03;2.3092898977119180e+03;2.3092900390625000e+03;2.3092839355468750e+03;2.3092898977118994e+03;2.3092939453125000e+03
5;491000000;1.9117505280493119e+03;1.9117416992187500e+03;1.9117505280493237e+03;1.9117507324218750e+03;1.9117440185546875e+03;1.9117505280493044e+03;1.9117534179687500e+03
6;491000000;1.5894304294765163e+03;1.5894327392578125e+03;1.5894304294765288e+03;1.5894305419921875e+03;1.5894323730468750e+03;1.5894304294765047e+03;1.5894350585937500e+03
7;491000000;7.7857322048106835e+02;7.7857000732421875e+02;7.7857322048106789e+02;7.7857336425781250e+02;7.7857409667968750e+02;7.7857322048105652e+02;7.7858129882812500e+02
8;491000000;-1.9167587239532836e+03;-1.9167565917968750e+03;-1.9167587239532950e+03;-1.9167585449218750e+03;-1.9167545166015625e+03;-1.9167587239532852e+03;-1.9167539062500000e+03
9;491000000;-1.4440448216649615e+03;-1.4440349121093750e+03;-1.4440448216649704e+03;-1.4440446777343750e+03;-1.4440396728515625e+03;-1.4440448216649693e+03;-1.4440445556640625e+03
0;493000000;1.7927553504588018e+03;1.7927547607421875e+03;1.7927553504587909e+03;1.7927554931640625e+03;1.7927567138671875e+03;1.7927553504587777e+03;1.7927585449218750e+03
1;493000000;1.5290389545747903e+03;1.5290357666015625e+03;1.5290389545747864e+03;1.5290390625000000e+03;1.5290368652343750e+03;1.5290389545747717e+03;1.5290439453125000e+03
2;493000000;2.4030044800983010e+03;2.4030041503906250e+03;2.4030044800982946e+03;2.4030046386718750e+03;2.4030056152343750e+03;2.4030044800982851e+03;2.4030068359375000e+03
3;493000000;1.4562546358752716e+03;1.4562512207031250e+03;1.4562546358752825e+03;1.4562547607421875e+03;1.4562519531250000e+03;1.4562546358752488e+03;1.4562600097656250e+03
4;493000000;2.1502045756405378e+03;2.1502006835937500e+03;2.1502045756405400e+03;2.1502045898437500e+03;2.1501997070312500e+03;2.1502045756405309e+03;2.1502094726562500e+03
5;493000000;2.0694007168712792e+03;2.0694023437500000e+03;2.0694007168712842e+03;2.0694008789062500e+03;2.0693977050781250e+03;2.0694007168712633e+03;2.0694033203125000e+03
6;493000000;1.0429188046924712e+03;1.0429197998046875e+03;1.0429188046924683e+03;1.0429189453125000e+03;1.0429217529296875e+03;1.0429188046924539e+03;1.0429230957031250e+03
7;493000000;9.6872533192639435e+02;9.6872619628906250e+02;9.6872533192639787e+02;9.6872546386718750e+02;9.6872882080078125e+02;9.6872533192638593e+02;9.6873266601562500e+02
8;493000000;-1.2930135832958247e+03;-1.2930184326171875e+03;-1.2930135832958290e+03;-1.2930134277343750e+03;-1.2930200195312500e+03;-1.2930135832958244e+03;-1.2930090332031250e+03
9;493000000;-1.9381611082988643e+03;-1.9381575927734375e+03;-1.9381611082988566e+03;-1.9381610107421875e+03;-1.9381657714843750e+03;-1.9381611082988566e+03;-1.9381612548828125e+03
0;495000000;2.1763570755197779e+03;2.1763598632812500e+03;2.1763570755197793e+03;2.1763571777343750e+03;2.1763596191406250e+03;2.1763570755197579e+03;2.1763608398437500e+03
1;495000000;1.3752596177489581e+03;1.3752580566406250e+03;1.3752596177489545e+03;1.3752597656250000e+03;1.3752626953125000e+03;1.3752596177489395e+03;1.3752653808593750e+03
2;495000000;2.1947291982706311e+03;2.1947243652343750e+03;2.1947291982706320e+03;2.1947292480468750e+03;2.1947226562500000e+03;2.1947291982706183e+03;2.1947338867187500e+03
3;495000000;1.5115453815607725e+03;1.5115382080078125e+03;1.5115453815607684e+03;1.5115455322265625e+03;1.5115407714843750e+03;1.5115453815607411e+03;1.5115484619140625e+03
4;495000000;2.3148142717148298e+03;2.3148190917968750e+03;2.3148142717148257e+03;2.3148144531250000e+03;2.3148137207031250e+03;2.3148142717148121e+03;2.3148178710937500e+03
5;495000000;1.6202530644606368e+03;1.6202491455078125e+03;1.6202530644606447e+03;1.6202531738281250e+03;1.6202543945312500e+03;1.6202530644606220e+03;1.6202583007812500e+03
6;495000000;1.5951948605336192e+03;1.5951940917968750e+03;1.5951948605336208e+03;1.5951949462890625e+03;1.5951933593750000e+03;1.5951948605336036e+03;1.5952011718750000e+03
7;495000000;8.3043234076145745e+02;8.3043371582031250e+02;8.3043234076145177e+02;8.3043249511718750e+02;8.3043212890625000e+02;8.3043234076143835e+02;8.3044091796875000e+02
8;495000000;-9.7279590192864543e+02;-9.7279998779296875e+02;-9.7279590192864168e+02;-9.7279577636718750e+02;-9.7280041503906250e+02;-9.7279590192864293e+02;-9.7279016113281250e+02
9;495000000;-2.0579574000174243e+03;-2.0579645996093750e+03;-2.0579574000174161e+03;-2.0579572753906250e+03;-2.0579675292968750e+03;-2.0579574000174166e+03;-2.0579565429687500e+03
0;497000000;2.1603306556116809e+03;2.1603320312500000e+03;2.1603306556116768e+03;2.1603308105468750e+03;2.1603305664062500e+03;2.1603306556116568e+03;2.1603310546875000e+03
1;497000000;1.7499740915159830e+03;1.7499724121093750e+03;1.7499740915159762e+03;1.7499742431640625e+03;1.7499733886718750e+03;1.7499740915159659e+03;1.7499804687500000e+03
2;497000000;1.5022352487668270e+03;1.5022369384765625e+03;1.5022352487668181e+03;1.5022353515625000e+03;1.5022364501953125e+03;1.5022352487668177e+03;1.5022402343750000e+03
3;497000000;1.2549258118273037e+03;1.2549248046875000e+03;1.2549258118273090e+03;1.2549259033203125e+03;1.2549250488281250e+03;1.2549258118272819e+03;1.2549320068359375e+03
4;497000000;2.0433115611023377e+03;2.0433160400390625e+03;2.0433115611023436e+03;2.0433116455078125e+03;2.0433146972656250e+03;2.0433115611023206e+03;2.0433160400390625e+03
5;497000000;1.5188176423251809e+03;1.5188187255859375e+03;1.5188176423251987e+03;1.5188177490234375e+03;1.5188162841796875e+03;1.5188176423251712e+03;1.5188237304687500e+03
6;497000000;1.8629554422998253e+03;1.8629559326171875e+03;1.8629554422998144e+03;1.8629555664062500e+03;1.8629537353515625e+03;1.8629554422998012e+03;1.8629613037109375e+03
7;497000000;7.1623662672375019e+02;7.1623706054687500e+02;7.1623662672376054e+02;7.1623681640625000e+02;7.1623242187500000e+02;7.1623662672373712e+02;7.1624291992187500e+02
8;497000000;-1.0513203794906651e+03;-1.0513225097656250e+03;-1.0513203794906628e+03;-1.0513201904296875e+03;-1.0513206787109375e+03;-1.0513203794906847e+03;-1.0513148193359375e+03
9;497000000;-9.6803889501704975e+02;-9.6803582763671875e+02;-9.6803889501705112e+02;-9.6803875732421875e+02;-9.6803063964843750e+02;-9.6803889501705362e+02;-9.6803668212890625e+02
0;499000000;1.9274296198699758e+03;1.9274287109375000e+03;1.9274296198699858e+03;1.9274298095703125e+03;1.9274283447265625e+03;1.9274296198699590e+03;1.9274338378906250e+03
1;499000000;2.2060902916904415e+03;2.2060913085937500e+03;2.2060902916904456e+03;2.2060903320312500e+03;2.2060952148437500e+03;2.2060902916904311e+03;2.2060942382812500e+03
2;499000000;1.4276356190340789e+03;1.4276342773437500e+03;1.4276356190340828e+03;1.4276357421875000e+03;1.4276322021484375e+03;1.4276356190340741e+03;1.4276386718750000e+03
3;499000000;1.2924323003732054e+03;1.2924326171875000e+03;1.2924323003731954e+03;1.2924323730468750e+03;1.2924316406250000e+03;1.2924323003731752e+03;1.2924375000000000e+03
4;499000000;1.8156680868736046e+03;1.8156661376953125e+03;1.8156680868736048e+03;1.8156682128906250e+03;1.8156657714843750e+03;1.8156680868735814e+03;1.8156719970703125e+03
5;499000000;1.3891397532403569e+03;1.3891401367187500e+03;1.3891397532403596e+03;1.3891398925781250e+03;1.3891368408203125e+03;1.3891397532403430e+03;1.3891440429687500e+03
6;499000000;1.4541802078837886e+03;1.4541813964843750e+03;1.4541802078837961e+03;1.4541802978515625e+03;1.4541821289062500e+03;1.4541802078837663e+03;1.4541862792968750e+03
7;499000000;1.2356052881813748e+03;1.2355997314453125e+03;1.2356052881813821e+03;1.2356054687500000e+03;1.2356088867187500e+03;1.2356052881813494e+03;1.2356135253906250e+03
8;499000000;-1.0540527402317343e+03;-1.0540562744140625e+03;-1.0540527402317289e+03;-1.0540526123046875e+03;-1.0540545654296875e+03;-1.0540527402317487e+03;-1.0540482177734375e+03
9;499000000;-9.8739531160866181e+02;-9.8739123535156250e+02;-9.8739531160866136e+02;-9.8739520263671875e+02;-9.8739184570312500e+02;-9.8739531160866989e+02;-9.8739184570312500e+02
0;501000000;1.6435409743104285e+03;1.6435388183593750e+03;1.6435409743104187e+03;1.6435411376953125e+03;1.6435465087890625e+03;1.6435409743104037e+03;1.6435424804687500e+03
1;501000000;2.0668974635117738e+03;2.0668967285156250e+03;2.0668974635117729e+03;2.0668977050781250e+03;2.0668933105468750e+03;2.0668974635117625e+03;2.0669016113281250e+03
2;501000000;1.7819715129818057e+03;1.7819727783203125e+03;1.7819715129818032e+03;1.7819716796875000e+03;1.7819721679687500e+03;1.7819715129817891e+03;1.7819737548828125e+03
3;501000000;3.0881735232839861e+02;3.0881732177734375e+02;3.0881735232838889e+02;3.0881741333007812e+02;3.0881481933593750e+02;3.0881735232836354e+02;3.0882208251953125e+02
4;501000000;1.5078137864137095e+03;1.5078041992187500e+03;1.5078137864137163e+03;1.5078138427734375e+03;1.5078105468750000e+03;1.5078137864136977e+03;1.5078183593750000e+03
5;501000000;1.3847299021030437e+03;1.3847286376953125e+03;1.3847299021030549e+03;1.3847301025390625e+03;1.3847337646484375e+03;1.3847299021030278e+03;1.3847338867187500e+03
6;501000000;1.1397700824982244e+03;1.1397698974609375e+03;1.1397700824982358e+03;1.1397701416015625e+03;1.1397719726562500e+03;1.1397700824982035e+03;1.1397741699218750e+03
7;501000000;1.5882740673094224e+03;1.5882747802734375e+03;1.5882740673094304e+03;1.5882741699218750e+03;1.5882791748046875e+03;1.5882740673093995e+03;1.5882841796875000e+03
8;501000000;-9.9340372490758409e+02;-9.9340692138671875e+02;-9.9340372490758295e+02;-9.9340356445312500e+02;-9.9339916992187500e+02;-9.9340372490758909e+02;-9.9340075683593750e+02
9;501000000;-1.0399756700722951e+03;-1.0399721679687500e+03;-1.0399756700723037e+03;-1.0399754638671875e+03;-1.0399685058593750e+03;-1.0399756700723128e+03;-1.0399727783203125e+03
0;503000000;1.7771976026133430e+03;1.7772052001953125e+03;1.7771976026133423e+03;1.7771977539062500e+03;1.7772020263671875e+03;1.7771976026133138e+03;1.7772004394531250e+03
1;503000000;1.7031158095816013e+03;1.7031140136718750e+03;1.7031158095815952e+03;1.7031159667968750e+03;1.7031115722656250e+03;1.7031158095815813e+03;1.7031207275390625e+03
2;503000000;2.1882805694204653e+03;2.1882810058593750e+03;2.1882805694204740e+03;2.1882807617187500e+03;2.1882790527343750e+03;2.1882805694204503e+03;2.1882839355468750e+03
3;503000000;4.7025275105777382e+02;4.7024707031250000e+02;4.7025275105778326e+02;4.7025283813476562e+02;4.7025378417968750e+02;4.7025275105776018e+02;4.7025659179687500e+02
4;503000000;1.5851090591822340e+03;1.5851091308593750e+03;1.5851090591822308e+03;1.5851091308593750e+03;1.5851070556640625e+03;1.5851090591821990e+03;1.5851136474609375e+03
5;503000000;1.1237741778041784e+03;1.1237775878906250e+03;1.1237741778041730e+03;1.1237742919921875e+03;1.1237711181640625e+03;1.1237741778041468e+03;1.1237783203125000e+03
6;503000000;1.1279397103266037e+03;1.1279353027343750e+03;1.1279397103266031e+03;1.1279398193359375e+03;1.1279412841796875e+03;1.1279397103265733e+03;1.1279448242187500e+03
7;503000000;1.1283349468053520e+03;1.1283352050781250e+03;1.1283349468053548e+03;1.1283350830078125e+03;1.1283347167968750e+03;1.1283349468053325e+03;1.1283425292968750e+03
8;503000000;-9.9231874461030463e+02;-9.9231805419921875e+02;-9.9231874461031452e+02;-9.9231854248046875e+02;-9.9231311035156250e+02;-9.9231874461031134e+02;-9.9231408691406250e+02
9;503000000;-9.4522963678371639e+02;-9.4522479248046875e+02;-9.4522963678371264e+02;-9.4522949218750000e+02;-9.4522595214843750e+02;-9.4522963678372616e+02;-9.4522668457031250e+02
0;505000000;1.1998588105152990e+03;1.1998594970703125e+03;1.1998588105153060e+03;1.1998590087890625e+03;1.1998542480468750e+03;1.1998588105152780e+03;1.1998623046875000e+03
1;505000000;1.5954878075050208e+03;1.5954843750000000e+03;1.5954878075050203e+03;1.5954879150390625e+03;1.5954899902343750e+03;1.5954878075050051e+03;1.5954929199218750e+03
2;505000000;1.8382546947220771e+03;1.8382519531250000e+03;1.8382546947220856e+03;1.8382548828125000e+03;1.8382547607421875e+03;1.8382546947220621e+03;1.8382585449218750e+03
3;505000000;9.4616678140948932e+02;9.4616442871093750e+02;9.4616678140949693e+02;9.4616687011718750e+02;9.4616577148437500e+02;9.4616678140947397e+02;9.4617279052734375e+02
4;505000000;9.5987911850633748e+02;9.5988391113281250e+02;9.5987911850635032e+02;9.5987921142578125e+02;9.5988720703125000e+02;9.5987911850632827e+02;9.5988391113281250e+02
5;505000000;8.7252647247741982e+02;8.7253100585937500e+02;8.7252647247741879e+02;8.7252661132812500e+02;8.7253015136718750e+02;8.7252647247739446e+02;8.7252929687500000e+02
6;505000000;1.1242193315834131e+03;1.1242207031250000e+03;1.1242193315834118e+03;1.1242194824218750e+03;1.1242232666015625e+03;1.1242193315833908e+03;1.1242248535156250e+03
7;505000000;6.9667777161144659e+02;6.9667669677734375e+02;6.9667777161145443e+02;6.9667791748046875e+02;6.9667346191406250e+02;6.9667777161143658e+02;6.9668652343750000e+02
8;505000000;-7.7535994650384941e+02;-7.7535119628906250e+02;-7.7535994650385123e+02;-7.7535974121093750e+02;-7.7535260009765625e+02;-7.7535994650386101e+02;-7.7535473632812500e+02
9;505000000;-6.5024087426061976e+02;-6.5024499511718750e+02;-6.5024087426061146e+02;-6.5024072265625000e+02;-6.5024658203125000e+02;-6.5024087426063272e+02;-6.5023681640625000e+02
0;507000000;1.2876383388939130e+03;1.2876350097656250e+03;1.2876383388939089e+03;1.2876384277343750e+03;1.2876380615234375e+03;1.2876383388938830e+03;1.2876413574218750e+03
1;507000000;1.8428364584381320e+03;1.8428426513671875e+03;1.8428364584381295e+03;1.8428365478515625e+03;1.8428398437500000e+03;1.8428364584381102e+03;1.8428391113281250e+03
2;507000000;1.5428953650585363e+03;1.5428986816406250e+03;1.5428953650585352e+03;1.5428955078125000e+03;1.5428983154296875e+03;1.5428953650585186e+03;1.5428988037109375e+03
3;507000000;1.2656810613260095e+03;1.2656801757812500e+03;1.2656810613260197e+03;1.2656811523437500e+03;1.2656768798828125e+03;1.2656810613259909e+03;1.2656842041015625e+03
4;507000000;1.0433029882064163e+03;1.0433059082031250e+03;1.0433029882064125e+03;1.0433031005859375e+03;1.0433109130859375e+03;1.0433029882063961e+03;1.0433077392578125e+03
5;507000000;9.0750505792691013e+02;9.0750457763671875e+02;9.0750505792690763e+02;9.0750518798828125e+02;9.0750201416015625e+02;9.0750505792688637e+02;9.0750781250000000e+02
6;507000000;4.9778263233556333e+02;4.9777835083007812e+02;4.9778263233555589e+02;4.9778274536132812e+02;4.9777929687500000e+02;4.9778263233554208e+02;4.9778692626953125e+02
7;507000000;6.2784417134616444e+02;6.2784240722656250e+02;6.2784417134616183e+02;6.2784429931640625e+02;6.2783764648437500e+02;6.2784417134613977e+02;6.2785009765625000e+02
8;507000000;-1.0234474461500471e+03;-1.0234473876953125e+03;-1.0234474461500464e+03;-1.0234472656250000e+03;-1.0234407348632812e+03;-1.0234474461500672e+03;-1.0234426269531250e+03
9;507000000;-4.3034571352525069e+02;-4.3034838867187500e+02;-4.3034571352527342e+02;-4.3034555053710938e+02;-4.3034570312500000e+02;-4.3034571352527496e+02;-4.3034167480468750e+02
0;509000000;1.7955908587997728e+03;1.7955856933593750e+03;1.7955908587997801e+03;1.7955909423828125e+03;1.7955903320312500e+03;1.7955908587997556e+03;1.7955954589843750e+03
1;509000000;1.3066987151584319e+03;1.3066993408203125e+03;1.3066987151584269e+03;1.3066988525390625e+03;1.3067017822265625e+03;1.3066987151584044e+03;1.3067045898437500e+03
2;509000000;1.4656392489065872e+03;1.4656394042968750e+03;1.4656392489065913e+03;1.4656394042968750e+03;1.4656445312500000e+03;1.4656392489065756e+03;1.4656433105468750e+03
3;509000000;7.7917419972575442e+02;7.7917431640625000e+02;7.7917419972574658e+02;7.7917425537109375e+02;7.7917541503906250e+02;7.7917419972572770e+02;7.7917913818359375e+02
4;509000000;1.4371690635749992e+03;1.4371662597656250e+03;1.4371690635750126e+03;1.4371691894531250e+03;1.4371654052734375e+03;1.4371690635749771e+03;1.4371737060546875e+03
5;509000000;4.2805694712637069e+02;4.2805776977539062e+02;4.2805694712635727e+02;4.2805703735351562e+02;4.2805310058593750e+02;4.2805694712635545e+02;4.2806054687500000e+02
6;509000000;3.4043783708281120e+02;3.4043713378906250e+02;3.4043783708281228e+02;3.4043795776367188e+02;3.4043530273437500e+02;3.4043783708278352e+02;3.4044241333007812e+02
7;509000000;7.0232489328104975e+02;7.0232269287109375e+02;7.0232489328104816e+02;7.0232507324218750e+02;7.0232672119140625e+02;7.0232489328103520e+02;7.0233105468750000e+02
8;509000000;-1.2865585563737964e+03;-1.2865604248046875e+03;-1.2865585563738002e+03;-1.2865583496093750e+03;-1.2865629882812500e+03;-1.2865585563738134e+03;-1.2865551757812500e+03
9;509000000;-6.2027643449449579e+02;-6.2028247070312500e+02;-6.2027643449448533e+02;-6.2027624511718750e+02;-6.2027966308593750e+02;-6.2027643449450693e+02;-6.2027349853515625e+02
0;511000000;1.7364790926335618e+03;1.7364819335937500e+03;1.7364790926335525e+03;1.7364792480468750e+03;1.7364769287109375e+03;1.7364790926335431e+03;1.7364833984375000e+03
1;511000000;1.2090131753235744e+03;1.2090175781250000e+03;1.2090131753235737e+03;1.2090133056640625e+03;1.2090120849609375e+03;1.2090131753235646e+03;1.2090169677734375e+03
2;511000000;1.8439206692253549e+03;1.8439152832031250e+03;1.8439206692253499e+03;1.8439207763671875e+03;1.8439147949218750e+03;1.8439206692253415e+03;1.8439229736328125e+03
3;511000000;2.5514550034505748e+02;2.5514837646484375e+02;2.5514550034505191e+02;2.5514553833007812e+02;2.5514324951171875e+02;2.5514550034502872e+02;2.5514898681640625e+02
4;511000000;1.5912305340638095e+03;1.5912353515625000e+03;1.5912305340638188e+03;1.5912305908203125e+03;1.5912266845703125e+03;1.5912305340637970e+03;1.5912358398437500e+03
5;511000000;4.2520040991993210e+02;4.2519927978515625e+02;4.2520040991993204e+02;4.2520050048828125e+02;4.2519760131835938e+02;4.2520040991991209e+02;4.2520361328125000e+02
6;511000000;3.5077683917361736e+02;3.5077993774414062e+02;3.5077683917361486e+02;3.5077694702148438e+02;3.5077810668945312e+02;3.5077683917359400e+02;3.5078210449218750e+02
7;511000000;-3.8414584304986562e+01;-3.8418361663818359e+01;-3.8414584304973324e+01;-3.8414455413818359e+01;-3.8418029785156250e+01;-3.8414584305004610e+01;-3.8407226562500000e+01
8;511000000;-1.5382346275547397e+03;-1.5382382812500000e+03;-1.5382346275547286e+03;-1.5382344970703125e+03;-1.5382347412109375e+03;-1.5382346275547463e+03;-1.5382307128906250e+03
9;511000000;-1.1686214921042833e+03;-1.1686231689453125e+03;-1.1686214921042838e+03;-1.1686213378906250e+03;-1.1686182861328125e+03;-1.1686214921043038e+03;-1.1686181640625000e+03
0;513000000;1.0258129515689354e+03;1.0258160400390625e+03;1.0258129515689334e+03;1.0258131103515625e+03;1.0258155517578125e+03;1.0258129515689161e+03;1.0258166503906250e+03
1;513000000;1.5951230745828766e+03;1.5951168212890625e+03;1.5951230745828789e+03;1.5951231689453125e+03;1.5951207275390625e+03;1.5951230745828707e+03;1.5951281738281250e+03
2;513000000;1.3439160242054852e+03;1.3439135742187500e+03;1.3439160242054850e+03;1.3439161376953125e+03;1.3439118652343750e+03;1.3439160242054713e+03;1.3439183349609375e+03
3;513000000;1.9652860640241818e+02;1.9653289794921875e+02;1.9652860640241633e+02;1.9652865600585938e+02;1.9653085327148438e+02;1.9652860640240033e+02;1.9653356933593750e+02
4;513000000;1.1373563070848754e+03;1.1373601074218750e+03;1.1373563070848761e+03;1.1373563232421875e+03;1.1373555908203125e+03;1.1373563070848550e+03;1.1373596191406250e+03
5;513000000;8.0614631201454836e+02;8.0614086914062500e+02;8.0614631201454597e+02;8.0614642333984375e+02;8.0614819335937500e+02;8.0614631201452403e+02;8.0614746093750000e+02
6;513000000;5.1071456064258186e+01;5.1064529418945312e+01;5.1071456064252672e+01;5.1071552276611328e+01;5.1068817138671875e+01;5.1071456064229096e+01;5.1075714111328125e+01
7;513000000;-1.2003845273155764e+02;-1.2004501342773438e+02;-1.2003845273155545e+02;-1.2003832244873047e+02;-1.2004499816894531e+02;-1.2003845273158277e+02;-1.2003125000000000e+02
8;513000000;-1.3224796882029136e+03;-1.3224838867187500e+03;-1.3224796882029157e+03;-1.3224794921875000e+03;-1.3224808349609375e+03;-1.3224796882029150e+03;-1.3224770507812500e+03
9;513000000;-1.0122026999050636e+03;-1.0122023315429688e+03;-1.0122026999050530e+03;-1.0122025146484375e+03;-1.0122000732421875e+03;-1.0122026999050559e+03;-1.0121995849609375e+03
0;515000000;1.6898729118282356e+03;1.6898741455078125e+03;1.6898729118282404e+03;1.6898730468750000e+03;1.6898745117187500e+03;1.6898729118282104e+03;1.6898762207031250e+03
1;515000000;1.6172719222131798e+03;1.6172722167968750e+03;1.6172719222131889e+03;1.6172720947265625e+03;1.6172712402343750e+03;1.6172719222131686e+03;1.6172761230468750e+03
2;515000000;1.4619179524789279e+03;1.4619171142578125e+03;1.4619179524789383e+03;1.4619180908203125e+03;1.4619205322265625e+03;1.4619179524789124e+03;1.4619206542968750e+03
3;515000000;7.1136556182554443e+02;7.1136364746093750e+02;7.1136556182553898e+02;7.1136560058593750e+02;7.1136181640625000e+02;7.1136556182551112e+02;7.1136975097656250e+02
4;515000000;7.5259039105660293e+02;7.5259045410156250e+02;7.5259039105660486e+02;7.5259045410156250e+02;7.5259338378906250e+02;7.5259039105658803e+02;7.5259472656250000e+02
5;515000000;1.0139161454981819e+03;1.0139185180664062e+03;1.0139161454981842e+03;1.0139162597656250e+03;1.0139206542968750e+03;1.0139161454981554e+03;1.0139189453125000e+03
6;515000000;2.9361599604689366e+02;2.9360992431640625e+02;2.9361599604690639e+02;2.9361608886718750e+02;2.9361468505859375e+02;2.9361599604687081e+02;2.9362271118164062e+02
7;515000000;-2.7507709129036635e+02;-2.7507833862304688e+02;-2.7507709129036857e+02;-2.7507699584960938e+02;-2.7507452392578125e+02;-2.7507709129038858e+02;-2.7506884765625000e+02
8;515000000;-1.8334879838402912e+03;-1.8334895019531250e+03;-1.8334879838402960e+03;-1.8334877929687500e+03;-1.8334892578125000e+03;-1.8334879838403069e+03;-1.8334835205078125e+03
9;515000000;-1.5273277044270667e+03;-1.5273264160156250e+03;-1.5273277044270656e+03;-1.5273275146484375e+03;-1.5273292236328125e+03;-1.5273277044270817e+03;-1.5273239746093750e+03
0;517000000;1.4342884239035948e+03;1.4342901611328125e+03;1.4342884239035895e+03;1.4342885742187500e+03;1.4342871093750000e+03;1.4342884239035702e+03;1.4342919921875000e+03
1;517000000;1.2773525879872966e+03;1.2773522949218750e+03;1.2773525879873082e+03;1.2773526611328125e+03;1.2773540039062500e+03;1.2773525879872907e+03;1.2773559570312500e+03
2;517000000;1.6104155350007056e+03;1.6104113769531250e+03;1.6104155350007145e+03;1.6104156494140625e+03;1.6104178466796875e+03;1.6104155350006888e+03;1.6104194335937500e+03
3;517000000;4.2610438694398238e+02;4.2610433959960938e+02;4.2610438694397919e+02;4.2610440063476562e+02;4.2610256958007812e+02;4.2610438694395361e+02;4.2610815429687500e+02
4;517000000;1.0954913770701619e+03;1.0954859619140625e+03;1.0954913770701480e+03;1.0954914550781250e+03;1.0954941406250000e+03;1.0954913770701401e+03;1.0954957275390625e+03
5;517000000;8.1479077282204673e+02;8.1479193115234375e+02;8.1479077282206208e+02;8.1479089355468750e+02;8.1479492187500000e+02;8.1479077282202707e+02;8.1479248046875000e+02
6;517000000;8.2717121967538537e+02;8.2717132568359375e+02;8.2717121967536923e+02;8.2717132568359375e+02;8.2716833496093750e+02;8.2717121967534968e+02;8.2717559814453125e+02
7;517000000;-6.8212923285043462e+02;-6.8212762451171875e+02;-6.8212923285043598e+02;-6.8212915039062500e+02;-6.8212854003906250e+02;-6.8212923285045895e+02;-6.8212011718750000e+02
8;517000000;-1.8826287559122370e+03;-1.8826345214843750e+03;-1.8826287559122393e+03;-1.8826285400390625e+03;-1.8826287841796875e+03;-1.8826287559122397e+03;-1.8826228027343750e+03
9;517000000;-1.3117025002945809e+03;-1.3116961669921875e+03;-1.3117025002945766e+03;-1.3117023925781250e+03;-1.3116979980468750e+03;-1.3117025002945979e+03;-1.3117012939453125e+03
0;519000000;8.8799206563587870e+02;8.8799578857421875e+02;8.8799206563586938e+02;8.8799218750000000e+02;8.8798950195312500e+02;8.8799206563585221e+02;8.8799462890625000e+02
1;519000000;1.4277717221173548e+03;1.4277700195312500e+03;1.4277717221173496e+03;1.4277718505859375e+03;1.4277747802734375e+03;1.4277717221173427e+03;1.4277755126953125e+03
2;519000000;1.6147549340882422e+03;1.6147592773437500e+03;1.6147549340882413e+03;1.6147550048828125e+03;1.6147583007812500e+03;1.6147549340882172e+03;1.6147593994140625e+03
3;519000000;3.9540494115533460e+02;3.9540176391601562e+02;3.9540494115532493e+02;3.9540496826171875e+02;3.9540615844726562e+02;3.9540494115530146e+02;3.9541009521484375e+02
4;519000000;1.0007450260627821e+03;1.0007496337890625e+03;1.0007450260627720e+03;1.0007450561523438e+03;1.0007496948242188e+03;1.0007450260627643e+03;1.0007506713867188e+03
5;519000000;1.3231559862697497e+02;1.3231481933593750e+02;1.3231559862696363e+02;1.3231567382812500e+02;1.3231556701660156e+02;1.3231559862693575e+02;1.3231933593750000e+02
6;519000000;5.2063390002618644e+02;5.2063818359375000e+02;5.2063390002618462e+02;5.2063397216796875e+02;5.2063671875000000e+02;5.2063390002616325e+02;5.2063830566406250e+02
7;519000000;-4.6095556923364563e+02;-4.6095550537109375e+02;-4.6095556923364950e+02;-4.6095544433593750e+02;-4.6095425415039062e+02;-4.6095556923366803e+02;-4.6094824218750000e+02
8;519000000;-2.3350666411657739e+03;-2.3350720214843750e+03;-2.3350666411657676e+03;-2.3350664062500000e+03;-2.3350686035156250e+03;-2.3350666411657921e+03;-2.3350627441406250e+03
9;519000000;-1.5411465697322349e+03;-1.5411379394531250e+03;-1.5411465697322371e+03;-1.5411464843750000e+03;-1.5411480712890625e+03;-1.5411465697322599e+03;-1.5411444091796875e+03
0;521000000;8.7178126736298168e+02;8.7178063964843750e+02;8.7178126736297600e+02;8.7178137207031250e+02;8.7178106689453125e+02;8.7178126736296281e+02;8.7178442382812500e+02
1;521000000;1.3520048294328867e+03;1.3520023193359375e+03;1.3520048294328828e+03;1.3520050048828125e+03;1.3520100097656250e+03;1.3520048294328712e+03;1.3520097656250000e+03
2;521000000;1.6934936299844978e+03;1.6934924316406250e+03;1.6934936299844958e+03;1.6934937744140625e+03;1.6934960937500000e+03;1.6934936299844730e+03;1.6934957275390625e+03
3;521000000;5.0303723616084352e+02;5.0303948974609375e+02;5.0303723616083607e+02;5.0303729248046875e+02;5.0303268432617188e+02;5.0303723616081925e+02;5.0304058837890625e+02
4;521000000;8.6406860353558602e+02;8.6406884765625000e+02;8.6406860353558830e+02;8.6406860351562500e+02;8.6406872558593750e+02;8.6406860353557613e+02;8.6407421875000000e+02
5;521000000;6.2393009634640225e+02;6.2392675781250000e+02;6.2393009634639395e+02;6.2393017578125000e+02;6.2392797851562500e+02;6.2393009634637019e+02;6.2393212890625000e+02
6;521000000;4.4604482063293437e+02;4.4604711914062500e+02;4.4604482063292727e+02;4.4604489135742188e+02;4.4604742431640625e+02;4.4604482063289925e+02;4.4604864501953125e+02
7;521000000;-8.9562743322684355e+00;-8.9576911926269531e+00;-8.9562743322665312e+00;-8.9561624526977539e+00;-8.9558982849121094e+00;-8.9562743322931055e+00;-8.9484863281250000e+00
8;521000000;-2.7559473524851596e+03;-2.7559470214843750e+03;-2.7559473524851642e+03;-2.7559472656250000e+03;-2.7559482421875000e+03;-2.7559473524851783e+03;-2.7559421386718750e+03
9;521000000;-1.6404602489129306e+03;-1.6404541015625000e+03;-1.6404602489129263e+03;-1.6404600830078125e+03;-1.6404541015625000e+03;-1.6404602489129475e+03;-1.6404602050781250e+03
0;523000000;8.7879918957903897e+01;8.7874023437500000e+01;8.7879918957909638e+01;8.7880050659179688e+01;8.7881904602050781e+01;8.7879918957887639e+01;8.7881835937500000e+01
1;523000000;7.1507735321292603e+02;7.1507623291015625e+02;7.1507735321291773e+02;7.1507745361328125e+02;7.1507977294921875e+02;7.1507735321290625e+02;7.1508251953125000e+02
2;523000000;1.4074289393331360e+03;1.4074339599609375e+03;1.4074289393331339e+03;1.4074290771484375e+03;1.4074301757812500e+03;1.4074289393331132e+03;1.4074306640625000e+03
3;523000000;3.6745060711400572e+02;3.6744311523437500e+02;3.6745060711399583e+02;3.6745065307617188e+02;3.6744738769531250e+02;3.6745060711398241e+02;3.6745806884765625e+02
4;523000000;1.0436482414913448e+03;1.0436505126953125e+03;1.0436482414913373e+03;1.0436483154296875e+03;1.0436463623046875e+03;1.0436482414913262e+03;1.0436547851562500e+03
5;523000000;5.7911371912147320e+02;5.7911303710937500e+02;5.7911371912148411e+02;5.7911376953125000e+02;5.7911187744140625e+02;5.7911371912144568e+02;5.7911621093750000e+02
6;523000000;-2.1858150640350036e+02;-2.1857946777343750e+02;-2.1858150640349601e+02;-2.1858145141601562e+02;-2.1857720947265625e+02;-2.1858150640353279e+02;-2.1857632446289062e+02
7;523000000;-2.5613558747344462e+02;-2.5613858032226562e+02;-2.5613558747343433e+02;-2.5613546752929688e+02;-2.5613763427734375e+02;-2.5613558747346860e+02;-2.5612597656250000e+02
8;523000000;-2.3384127377326322e+03;-2.3384113769531250e+03;-2.3384127377326372e+03;-2.3384125976562500e+03;-2.3384157714843750e+03;-2.3384127377326495e+03;-2.3384108886718750e+03
9;523000000;-2.2432211587214370e+03;-2.2432163085937500e+03;-2.2432211587214329e+03;-2.2432209472656250e+03;-2.2432229003906250e+03;-2.2432211587214465e+03;-2.2432207031250000e+03
0;525000000;-1.6755001470614928e+02;-1.6754458618164062e+02;-1.6755001470614809e+02;-1.6754989624023438e+02;-1.6754934692382812e+02;-1.6755001470617344e+02;-1.6754687500000000e+02
1;525000000;3.3851395119704171e+02;3.3851422119140625e+02;3.3851395119704154e+02;3.3851403808593750e+02;3.3850860595703125e+02;3.3851395119702738e+02;3.3851977539062500e+02
2;525000000;1.2038733351620781e+03;1.2038720703125000e+03;1.2038733351620781e+03;1.2038734130859375e+03;1.2038748779296875e+03;1.2038733351620576e+03;1.2038779296875000e+03
3;525000000;4.7958289105700874e+02;4.7958053588867188e+02;4.7958289105701988e+02;4.7958294677734375e+02;4.7957037353515625e+02;4.7958289105698327e+02;4.7958709716796875e+02
4;525000000;1.1030205474089469e+03;1.1030209960937500e+03;1.1030205474089514e+03;1.1030206298828125e+03;1.1030209960937500e+03;1.1030205474089380e+03;1.1030263671875000e+03
5;525000000;2.3330020915804735e+02;2.3329522705078125e+02;2.3330020915804425e+02;2.3330026245117188e+02;2.3330065917968750e+02;2.3330020915802515e+02;2.3330273437500000e+02
6;525000000;1.0701253943704421e+02;1.0701476287841797e+02;1.0701253943704404e+02;1.0701259613037109e+02;1.0701574707031250e+02;1.0701253943700794e+02;1.0701687622070312e+02
7;525000000;-9.7211084339083698e+01;-9.7215316772460938e+01;-9.7211084339085446e+01;-9.7210975646972656e+01;-9.7219345092773438e+01;-9.7211084339121953e+01;-9.7202636718750000e+01
8;525000000;-1.9516064476849938e+03;-1.9516040039062500e+03;-1.9516064476850029e+03;-1.9516063232421875e+03;-1.9516171875000000e+03;-1.9516064476850086e+03;-1.9516027832031250e+03
9;525000000;-2.3571542547597510e+03;-2.3571542968750000e+03;-2.3571542547597523e+03;-2.3571540527343750e+03;-2.3571550292968750e+03;-2.3571542547597637e+03;-2.3571528320312500e+03
0;527000000;-9.3051243107599703e+01;-9.3047348022460938e+01;-9.3051243107606155e+01;-9.3051116943359375e+01;-9.3042160034179688e+01;-9.3051243107620849e+01;-9.3046875000000000e+01
1;527000000;-9.9929359936662365e-01;-9.9626922607421875e-01;-9.9929359937526385e-01;-9.9916714429855347e-01;-9.9871063232421875e-01;-9.9929359937232221e-01;-9.9621582031250000e-01
2;527000000;8.9217898409438260e+02;8.9218438720703125e+02;8.9217898409437521e+02;8.9217907714843750e+02;8.9218463134765625e+02;8.9217898409436566e+02;8.9218310546875000e+02
3;527000000;4.8647389806756297e+02;4.8646740722656250e+02;4.8647389806756075e+02;4.8647393798828125e+02;4.8647808837890625e+02;4.8647389806753108e+02;4.8647723388671875e+02
4;527000000;5.9351580320244739e+02;5.9351861572265625e+02;5.9351580320245193e+02;5.9351580810546875e+02;5.9351513671875000e+02;5.9351580320242965e+02;5.9352160644531250e+02
5;527000000;1.9343702574196590e+02;1.9343463134765625e+02;1.9343702574196971e+02;1.9343710327148438e+02;1.9343600463867188e+02;1.9343702574194526e+02;1.9343994140625000e+02
6;527000000;-5.8782992852456857e+01;-5.8787719726562500e+01;-5.8782992852466805e+01;-5.8782932281494141e+01;-5.8782009124755859e+01;-5.8782992852497046e+01;-5.8777557373046875e+01
7;527000000;-7.3023054822984545e+02;-7.3023297119140625e+02;-7.3023054822984511e+02;-7.3023046875000000e+02;-7.3023077392578125e+02;-7.3023054822987524e+02;-7.3022314453125000e+02
8;527000000;-1.8378890781407490e+03;-1.8378880615234375e+03;-1.8378890781407479e+03;-1.8378889160156250e+03;-1.8378864746093750e+03;-1.8378890781407626e+03;-1.8378859863281250e+03
9;527000000;-2.0399025133970401e+03;-2.0399056396484375e+03;-2.0399025133970495e+03;-2.0399023437500000e+03;-2.0399008789062500e+03;-2.0399025133970874e+03;-2.0399036865234375e+03
0;529000000;-1.0193341809312583e+03;-1.0193308105468750e+03;-1.0193341809312635e+03;-1.0193340454101562e+03;-1.0193341674804688e+03;-1.0193341809312760e+03;-1.0193298339843750e+03
1;529000000;-1.2134463842973308e+02;-1.2134358215332031e+02;-1.2134463842973926e+02;-1.2134452819824219e+02;-1.2134223175048828e+02;-1.2134463842973901e+02;-1.2134130859375000e+02
2;529000000;4.2782098580571562e+02;4.2781759643554688e+02;4.2782098580571864e+02;4.2782104492187500e+02;4.2781872558593750e+02;4.2782098580570118e+02;4.2782348632812500e+02
3;529000000;-1.0133747820812090e+01;-1.0135848999023438e+01;-1.0133747820806711e+01;-1.0133728981018066e+01;-1.0123620986938477e+01;-1.0133747820838380e+01;-1.0129699707031250e+01
4;529000000;1.1280463671292605e+03;1.1280502929687500e+03;1.1280463671292603e+03;1.1280463867187500e+03;1.1280505371093750e+03;1.1280463671292368e+03;1.1280518798828125e+03
5;529000000;6.7534951181659471e+02;6.7534875488281250e+02;6.7534951181658664e+02;6.7534954833984375e+02;6.7535162353515625e+02;6.7534951181657107e+02;6.7535253906250000e+02
6;529000000;-2.9801840078665782e+02;-2.9801269531250000e+02;-2.9801840078664782e+02;-2.9801834106445312e+02;-2.9801303100585938e+02;-2.9801840078667283e+02;-2.9801309204101562e+02
7;529000000;-4.4943580438722006e+02;-4.4943371582031250e+02;-4.4943580438722461e+02;-4.4943572998046875e+02;-4.4943890380859375e+02;-4.4943580438725257e+02;-4.4942675781250000e+02
8;529000000;-2.1856832437864546e+03;-2.1856831054687500e+03;-2.1856832437864523e+03;-2.1856831054687500e+03;-2.1856821289062500e+03;-2.1856832437864641e+03;-2.1856796875000000e+03
9;529000000;-1.6583490415571530e+03;-1.6583509521484375e+03;-1.6583490415571669e+03;-1.6583488769531250e+03;-1.6583480224609375e+03;-1.6583490415571964e+03;-1.6583485107421875e+03
0;531000000;9.3924572960712396e+01;9.3931686401367188e+01;9.3924572960695485e+01;9.3924728393554688e+01;9.3929786682128906e+01;9.3924572960679143e+01;9.3928955078125000e+01
1;531000000;-2.8981344968047517e+02;-2.8981246948242188e+02;-2.8981344968049024e+02;-2.8981332397460938e+02;-2.8980590820312500e+02;-2.8981344968049279e+02;-2.8980773925781250e+02
2;531000000;-1.3831633590611091e+01;-1.3833259582519531e+01;-1.3831633590608831e+01;-1.3831535339355469e+01;-1.3834274291992188e+01;-1.3831633590620186e+01;-1.3829040527343750e+01
3;531000000;-1.2452993730832658e+02;-1.2453594207763672e+02;-1.2452993730832222e+02;-1.2452991485595703e+02;-1.2453186035156250e+02;-1.2452993730834669e+02;-1.2452563476562500e+02
4;531000000;6.9081640012499611e+02;6.9081646728515625e+02;6.9081640012499452e+02;6.9081646728515625e+02;6.9081549072265625e+02;6.9081640012497542e+02;6.9082214355468750e+02
5;531000000;-1.9742238468336467e+02;-1.9742120361328125e+02;-1.9742238468336524e+02;-1.9742231750488281e+02;-1.9741896057128906e+02;-1.9742238468339519e+02;-1.9741845703125000e+02
6;531000000;-1.5387166614784300e+02;-1.5386486816406250e+02;-1.5387166614784377e+02;-1.5387158203125000e+02;-1.5386697387695312e+02;-1.5387166614787520e+02;-1.5386694335937500e+02
7;531000000;-7.3075660450257726e+02;-7.3076141357421875e+02;-7.3075660450258601e+02;-7.3075653076171875e+02;-7.3076171875000000e+02;-7.3075660450260420e+02;-7.3074975585937500e+02
8;531000000;-2.3928648681894051e+03;-2.3928679199218750e+03;-2.3928648681893951e+03;-2.3928647460937500e+03;-2.3928635253906250e+03;-2.3928648681893965e+03;-2.3928613281250000e+03
9;531000000;-1.9155703688642579e+03;-1.9155729980468750e+03;-1.9155703688642564e+03;-1.9155701904296875e+03;-1.9155709228515625e+03;-1.9155703688642727e+03;-1.9155693359375000e+03
0;533000000;2.6774412935761973e+02;2.6775009155273438e+02;2.6774412935760785e+02;2.6774429321289062e+02;2.6774658203125000e+02;2.6774412935759710e+02;2.6774804687500000e+02
1;533000000;-9.4030629271635564e+02;-9.4029846191406250e+02;-9.4030629271635689e+02;-9.4030615234375000e+02;-9.4030169677734375e+02;-9.4030629271637304e+02;-9.4030273437500000e+02
2;533000000;-8.7797363217791897e+00;-8.7839279174804688e+00;-8.7797363217765891e+00;-8.7796525955200195e+00;-8.7812652587890625e+00;-8.7797363217860038e+00;-8.7761840820312500e+00
3;533000000;-8.1875563928346014e+02;-8.1876251220703125e+02;-8.1875563928346219e+02;-8.1875561523437500e+02;-8.1876318359375000e+02;-8.1875563928348220e+02;-8.1875091552734375e+02
4;533000000;2.1526264530299019e+02;2.1526155090332031e+02;2.1526264530298619e+02;2.1526266479492188e+02;2.1526428222656250e+02;2.1526264530297408e+02;2.1526806640625000e+02
5;533000000;3.6590983868608146e+02;3.6590856933593750e+02;3.6590983868607287e+02;3.6590991210937500e+02;3.6590963745117188e+02;3.6590983868604576e+02;3.6591259765625000e+02
6;533000000;1.5241669987573209e+02;1.5241410827636719e+02;1.5241669987572698e+02;1.5241676330566406e+02;1.5241790771484375e+02;1.5241669987569912e+02;1.5242065429687500e+02
7;533000000;-9.9769284072680114e+02;-9.9769781494140625e+02;-9.9769284072680455e+02;-9.9769274902343750e+02;-9.9769207763671875e+02;-9.9769284072683217e+02;-9.9768481445312500e+02
8;533000000;-2.2845770363819488e+03;-2.2845808105468750e+03;-2.2845770363819556e+03;-2.2845769042968750e+03;-2.2845773925781250e+03;-2.2845770363819606e+03;-2.2845722656250000e+03
9;533000000;-2.2194018347165761e+03;-2.2193937988281250e+03;-2.2194018347165766e+03;-2.2194016113281250e+03;-2.2194047851562500e+03;-2.2194018347165820e+03;-2.2194023437500000e+03
0;535000000;6.7880326753100155e+02;6.7879901123046875e+02;6.7880326753101770e+02;6.7880340576171875e+02;6.7880133056640625e+02;6.7880326753098643e+02;6.7880712890625000e+02
1;535000000;-1.0299202945652098e+01;-1.0300064086914062e+01;-1.0299202945644495e+01;-1.0299059867858887e+01;-1.0299316406250000e+01;-1.0299202945685465e+01;-1.0294921875000000e+01
2;535000000;-2.5196340164697841e+02;-2.5196377563476562e+02;-2.5196340164698324e+02;-2.5196330261230469e+02;-2.5196546936035156e+02;-2.5196340164699905e+02;-2.5196136474609375e+02
3;535000000;-1.4404551488122038e+03;-1.4404528808593750e+03;-1.4404551488121949e+03;-1.4404550781250000e+03;-1.4404549560546875e+03;-1.4404551488122318e+03;-1.4404505615234375e+03
4;535000000;1.1989920121471307e+02;1.1990444946289062e+02;1.1989920121471516e+02;1.1989921569824219e+02;1.1990036010742188e+02;1.1989920121468595e+02;1.1990600585937500e+02
5;535000000;-1.0939888555009153e+02;-1.0939593505859375e+02;-1.0939888555008480e+02;-1.0939881896972656e+02;-1.0940106201171875e+02;-1.0939888555010180e+02;-1.0939550781250000e+02
6;535000000;-6.5053435427502814e+02;-6.5053887939453125e+02;-6.5053435427503587e+02;-6.5053430175781250e+02;-6.5053265380859375e+02;-6.5053435427506975e+02;-6.5052990722656250e+02
7;535000000;-5.2843234925982438e+02;-5.2844012451171875e+02;-5.2843234925983961e+02;-5.2843225097656250e+02;-5.2844061279296875e+02;-5.2843234925985234e+02;-5.2842382812500000e+02
8;535000000;-2.6894392104293606e+03;-2.6894421386718750e+03;-2.6894392104293515e+03;-2.6894392089843750e+03;-2.6894401855468750e+03;-2.6894392104293856e+03;-2.6894365234375000e+03
9;535000000;-2.2517793989587681e+03;-2.2517768554687500e+03;-2.2517793989587744e+03;-2.2517792968750000e+03;-2.2517707519531250e+03;-2.2517793989587867e+03;-2.2517788085937500e+03
